year,yearRange,make,model,floorplan,field,currentValue
,2020-2026,airstream,bambi,16RB,sleeps,
,2020-2026,airstream,bambi,16RB,dryWeightLbs,
,2020-2026,airstream,bambi,16RB,fuelCapacityGal,
,2020-2026,airstream,bambi,16RB,propaneGal,
,2020-2026,airstream,bambi,16RB,waterHeaterGal,
,2020-2026,airstream,bambi,16RB,cargoLbs,
,2020-2026,airstream,bambi,16RB,garageLengthFt,
,2020-2026,airstream,bambi,16RB,garageWidthFt,
,2020-2026,airstream,bambi,16RB,garageHeightIn,
,2020-2026,airstream,bambi,16RB,garageCapacityLbs,
,2020-2026,airstream,bambi,16RB,rampPatioLbs,
,2020-2026,airstream,bambi,16RB,fuelStationGal,
,2020-2026,airstream,bambi,16RB,axles,
,2020-2026,airstream,bambi,16RB,tireSize,
,2020-2026,airstream,bambi,16RB,slideouts,
2027,,airstream,bambi,16RB,uvwLbs,
2027,,airstream,bambi,16RB,length,
2027,,airstream,bambi,16RB,exteriorHeightIn,
2027,,airstream,bambi,16RB,exteriorWidthIn,
2027,,airstream,bambi,16RB,interiorHeightIn,
2027,,airstream,bambi,16RB,sleeps,
2027,,airstream,bambi,16RB,dryWeightLbs,
2027,,airstream,bambi,16RB,hitchLbs,
2027,,airstream,bambi,16RB,fuelCapacityGal,
2027,,airstream,bambi,16RB,freshWater,
2027,,airstream,bambi,16RB,grayWater,
2027,,airstream,bambi,16RB,blackWater,
2027,,airstream,bambi,16RB,propaneLbs,
2027,,airstream,bambi,16RB,propaneGal,
2027,,airstream,bambi,16RB,waterHeaterGal,
2027,,airstream,bambi,16RB,cargoLbs,
2027,,airstream,bambi,16RB,garageLengthFt,
2027,,airstream,bambi,16RB,garageWidthFt,
2027,,airstream,bambi,16RB,garageHeightIn,
2027,,airstream,bambi,16RB,garageCapacityLbs,
2027,,airstream,bambi,16RB,rampPatioLbs,
2027,,airstream,bambi,16RB,fuelStationGal,
2027,,airstream,bambi,16RB,axles,
2027,,airstream,bambi,16RB,tireSize,
2027,,airstream,bambi,16RB,slideouts,
2027,,airstream,bambi,20FB,uvwLbs,
2027,,airstream,bambi,20FB,length,
2027,,airstream,bambi,20FB,exteriorHeightIn,
2027,,airstream,bambi,20FB,exteriorWidthIn,
2027,,airstream,bambi,20FB,interiorHeightIn,
2027,,airstream,bambi,20FB,sleeps,
2027,,airstream,bambi,20FB,dryWeightLbs,
2027,,airstream,bambi,20FB,hitchLbs,
2027,,airstream,bambi,20FB,fuelCapacityGal,
2027,,airstream,bambi,20FB,freshWater,
2027,,airstream,bambi,20FB,grayWater,
2027,,airstream,bambi,20FB,blackWater,
2027,,airstream,bambi,20FB,propaneLbs,
2027,,airstream,bambi,20FB,propaneGal,
2027,,airstream,bambi,20FB,waterHeaterGal,
2027,,airstream,bambi,20FB,cargoLbs,
2027,,airstream,bambi,20FB,garageLengthFt,
2027,,airstream,bambi,20FB,garageWidthFt,
2027,,airstream,bambi,20FB,garageHeightIn,
2027,,airstream,bambi,20FB,garageCapacityLbs,
2027,,airstream,bambi,20FB,rampPatioLbs,
2027,,airstream,bambi,20FB,fuelStationGal,
2027,,airstream,bambi,20FB,axles,
2027,,airstream,bambi,20FB,tireSize,
2027,,airstream,bambi,20FB,slideouts,
,2020-2026,airstream,bambi,22FB,sleeps,
,2020-2026,airstream,bambi,22FB,dryWeightLbs,
,2020-2026,airstream,bambi,22FB,fuelCapacityGal,
,2020-2026,airstream,bambi,22FB,propaneGal,
,2020-2026,airstream,bambi,22FB,waterHeaterGal,
,2020-2026,airstream,bambi,22FB,cargoLbs,
,2020-2026,airstream,bambi,22FB,garageLengthFt,
,2020-2026,airstream,bambi,22FB,garageWidthFt,
,2020-2026,airstream,bambi,22FB,garageHeightIn,
,2020-2026,airstream,bambi,22FB,garageCapacityLbs,
,2020-2026,airstream,bambi,22FB,rampPatioLbs,
,2020-2026,airstream,bambi,22FB,fuelStationGal,
,2020-2026,airstream,bambi,22FB,axles,
,2020-2026,airstream,bambi,22FB,tireSize,
,2020-2026,airstream,bambi,22FB,slideouts,
2027,,airstream,bambi,22FB,uvwLbs,
2027,,airstream,bambi,22FB,length,
2027,,airstream,bambi,22FB,exteriorHeightIn,
2027,,airstream,bambi,22FB,exteriorWidthIn,
2027,,airstream,bambi,22FB,interiorHeightIn,
2027,,airstream,bambi,22FB,sleeps,
2027,,airstream,bambi,22FB,dryWeightLbs,
2027,,airstream,bambi,22FB,hitchLbs,
2027,,airstream,bambi,22FB,fuelCapacityGal,
2027,,airstream,bambi,22FB,freshWater,
2027,,airstream,bambi,22FB,grayWater,
2027,,airstream,bambi,22FB,blackWater,
2027,,airstream,bambi,22FB,propaneLbs,
2027,,airstream,bambi,22FB,propaneGal,
2027,,airstream,bambi,22FB,waterHeaterGal,
2027,,airstream,bambi,22FB,cargoLbs,
2027,,airstream,bambi,22FB,garageLengthFt,
2027,,airstream,bambi,22FB,garageWidthFt,
2027,,airstream,bambi,22FB,garageHeightIn,
2027,,airstream,bambi,22FB,garageCapacityLbs,
2027,,airstream,bambi,22FB,rampPatioLbs,
2027,,airstream,bambi,22FB,fuelStationGal,
2027,,airstream,bambi,22FB,axles,
2027,,airstream,bambi,22FB,tireSize,
2027,,airstream,bambi,22FB,slideouts,
2027,,airstream,basecamp,20X,uvwLbs,
2027,,airstream,basecamp,20X,length,
2027,,airstream,basecamp,20X,exteriorHeightIn,
2027,,airstream,basecamp,20X,exteriorWidthIn,
2027,,airstream,basecamp,20X,interiorHeightIn,
2027,,airstream,basecamp,20X,sleeps,
2027,,airstream,basecamp,20X,dryWeightLbs,
2027,,airstream,basecamp,20X,hitchLbs,
2027,,airstream,basecamp,20X,fuelCapacityGal,
2027,,airstream,basecamp,20X,freshWater,
2027,,airstream,basecamp,20X,grayWater,
2027,,airstream,basecamp,20X,blackWater,
2027,,airstream,basecamp,20X,propaneLbs,
2027,,airstream,basecamp,20X,propaneGal,
2027,,airstream,basecamp,20X,waterHeaterGal,
2027,,airstream,basecamp,20X,cargoLbs,
2027,,airstream,basecamp,20X,garageLengthFt,
2027,,airstream,basecamp,20X,garageWidthFt,
2027,,airstream,basecamp,20X,garageHeightIn,
2027,,airstream,basecamp,20X,garageCapacityLbs,
2027,,airstream,basecamp,20X,rampPatioLbs,
2027,,airstream,basecamp,20X,fuelStationGal,
2027,,airstream,basecamp,20X,axles,
2027,,airstream,basecamp,20X,tireSize,
2027,,airstream,basecamp,20X,slideouts,
2027,,airstream,caravel,16RB,uvwLbs,
2027,,airstream,caravel,16RB,length,
2027,,airstream,caravel,16RB,exteriorHeightIn,
2027,,airstream,caravel,16RB,exteriorWidthIn,
2027,,airstream,caravel,16RB,interiorHeightIn,
2027,,airstream,caravel,16RB,sleeps,
2027,,airstream,caravel,16RB,dryWeightLbs,
2027,,airstream,caravel,16RB,hitchLbs,
2027,,airstream,caravel,16RB,fuelCapacityGal,
2027,,airstream,caravel,16RB,freshWater,
2027,,airstream,caravel,16RB,grayWater,
2027,,airstream,caravel,16RB,blackWater,
2027,,airstream,caravel,16RB,propaneLbs,
2027,,airstream,caravel,16RB,propaneGal,
2027,,airstream,caravel,16RB,waterHeaterGal,
2027,,airstream,caravel,16RB,cargoLbs,
2027,,airstream,caravel,16RB,garageLengthFt,
2027,,airstream,caravel,16RB,garageWidthFt,
2027,,airstream,caravel,16RB,garageHeightIn,
2027,,airstream,caravel,16RB,garageCapacityLbs,
2027,,airstream,caravel,16RB,rampPatioLbs,
2027,,airstream,caravel,16RB,fuelStationGal,
2027,,airstream,caravel,16RB,axles,
2027,,airstream,caravel,16RB,tireSize,
2027,,airstream,caravel,16RB,slideouts,
2027,,airstream,caravel,20FB,uvwLbs,
2027,,airstream,caravel,20FB,length,
2027,,airstream,caravel,20FB,exteriorHeightIn,
2027,,airstream,caravel,20FB,exteriorWidthIn,
2027,,airstream,caravel,20FB,interiorHeightIn,
2027,,airstream,caravel,20FB,sleeps,
2027,,airstream,caravel,20FB,dryWeightLbs,
2027,,airstream,caravel,20FB,hitchLbs,
2027,,airstream,caravel,20FB,fuelCapacityGal,
2027,,airstream,caravel,20FB,freshWater,
2027,,airstream,caravel,20FB,grayWater,
2027,,airstream,caravel,20FB,blackWater,
2027,,airstream,caravel,20FB,propaneLbs,
2027,,airstream,caravel,20FB,propaneGal,
2027,,airstream,caravel,20FB,waterHeaterGal,
2027,,airstream,caravel,20FB,cargoLbs,
2027,,airstream,caravel,20FB,garageLengthFt,
2027,,airstream,caravel,20FB,garageWidthFt,
2027,,airstream,caravel,20FB,garageHeightIn,
2027,,airstream,caravel,20FB,garageCapacityLbs,
2027,,airstream,caravel,20FB,rampPatioLbs,
2027,,airstream,caravel,20FB,fuelStationGal,
2027,,airstream,caravel,20FB,axles,
2027,,airstream,caravel,20FB,tireSize,
2027,,airstream,caravel,20FB,slideouts,
2027,,airstream,caravel,22FB,uvwLbs,
2027,,airstream,caravel,22FB,length,
2027,,airstream,caravel,22FB,exteriorHeightIn,
2027,,airstream,caravel,22FB,exteriorWidthIn,
2027,,airstream,caravel,22FB,interiorHeightIn,
2027,,airstream,caravel,22FB,sleeps,
2027,,airstream,caravel,22FB,dryWeightLbs,
2027,,airstream,caravel,22FB,hitchLbs,
2027,,airstream,caravel,22FB,fuelCapacityGal,
2027,,airstream,caravel,22FB,freshWater,
2027,,airstream,caravel,22FB,grayWater,
2027,,airstream,caravel,22FB,blackWater,
2027,,airstream,caravel,22FB,propaneLbs,
2027,,airstream,caravel,22FB,propaneGal,
2027,,airstream,caravel,22FB,waterHeaterGal,
2027,,airstream,caravel,22FB,cargoLbs,
2027,,airstream,caravel,22FB,garageLengthFt,
2027,,airstream,caravel,22FB,garageWidthFt,
2027,,airstream,caravel,22FB,garageHeightIn,
2027,,airstream,caravel,22FB,garageCapacityLbs,
2027,,airstream,caravel,22FB,rampPatioLbs,
2027,,airstream,caravel,22FB,fuelStationGal,
2027,,airstream,caravel,22FB,axles,
2027,,airstream,caravel,22FB,tireSize,
2027,,airstream,caravel,22FB,slideouts,
2027,,airstream,classic,28RB,uvwLbs,
2027,,airstream,classic,28RB,length,
2027,,airstream,classic,28RB,exteriorHeightIn,
2027,,airstream,classic,28RB,exteriorWidthIn,
2027,,airstream,classic,28RB,interiorHeightIn,
2027,,airstream,classic,28RB,sleeps,
2027,,airstream,classic,28RB,dryWeightLbs,
2027,,airstream,classic,28RB,hitchLbs,
2027,,airstream,classic,28RB,fuelCapacityGal,
2027,,airstream,classic,28RB,freshWater,
2027,,airstream,classic,28RB,grayWater,
2027,,airstream,classic,28RB,blackWater,
2027,,airstream,classic,28RB,propaneLbs,
2027,,airstream,classic,28RB,propaneGal,
2027,,airstream,classic,28RB,waterHeaterGal,
2027,,airstream,classic,28RB,cargoLbs,
2027,,airstream,classic,28RB,garageLengthFt,
2027,,airstream,classic,28RB,garageWidthFt,
2027,,airstream,classic,28RB,garageHeightIn,
2027,,airstream,classic,28RB,garageCapacityLbs,
2027,,airstream,classic,28RB,rampPatioLbs,
2027,,airstream,classic,28RB,fuelStationGal,
2027,,airstream,classic,28RB,axles,
2027,,airstream,classic,28RB,tireSize,
2027,,airstream,classic,28RB,slideouts,
2027,,airstream,classic,30RB,uvwLbs,
2027,,airstream,classic,30RB,length,
2027,,airstream,classic,30RB,exteriorHeightIn,
2027,,airstream,classic,30RB,exteriorWidthIn,
2027,,airstream,classic,30RB,interiorHeightIn,
2027,,airstream,classic,30RB,sleeps,
2027,,airstream,classic,30RB,dryWeightLbs,
2027,,airstream,classic,30RB,hitchLbs,
2027,,airstream,classic,30RB,fuelCapacityGal,
2027,,airstream,classic,30RB,freshWater,
2027,,airstream,classic,30RB,grayWater,
2027,,airstream,classic,30RB,blackWater,
2027,,airstream,classic,30RB,propaneLbs,
2027,,airstream,classic,30RB,propaneGal,
2027,,airstream,classic,30RB,waterHeaterGal,
2027,,airstream,classic,30RB,cargoLbs,
2027,,airstream,classic,30RB,garageLengthFt,
2027,,airstream,classic,30RB,garageWidthFt,
2027,,airstream,classic,30RB,garageHeightIn,
2027,,airstream,classic,30RB,garageCapacityLbs,
2027,,airstream,classic,30RB,rampPatioLbs,
2027,,airstream,classic,30RB,fuelStationGal,
2027,,airstream,classic,30RB,axles,
2027,,airstream,classic,30RB,tireSize,
2027,,airstream,classic,30RB,slideouts,
2027,,airstream,classic,33FB,uvwLbs,
2027,,airstream,classic,33FB,length,
2027,,airstream,classic,33FB,exteriorHeightIn,
2027,,airstream,classic,33FB,exteriorWidthIn,
2027,,airstream,classic,33FB,interiorHeightIn,
2027,,airstream,classic,33FB,sleeps,
2027,,airstream,classic,33FB,dryWeightLbs,
2027,,airstream,classic,33FB,hitchLbs,
2027,,airstream,classic,33FB,fuelCapacityGal,
2027,,airstream,classic,33FB,freshWater,
2027,,airstream,classic,33FB,grayWater,
2027,,airstream,classic,33FB,blackWater,
2027,,airstream,classic,33FB,propaneLbs,
2027,,airstream,classic,33FB,propaneGal,
2027,,airstream,classic,33FB,waterHeaterGal,
2027,,airstream,classic,33FB,cargoLbs,
2027,,airstream,classic,33FB,garageLengthFt,
2027,,airstream,classic,33FB,garageWidthFt,
2027,,airstream,classic,33FB,garageHeightIn,
2027,,airstream,classic,33FB,garageCapacityLbs,
2027,,airstream,classic,33FB,rampPatioLbs,
2027,,airstream,classic,33FB,fuelStationGal,
2027,,airstream,classic,33FB,axles,
2027,,airstream,classic,33FB,tireSize,
2027,,airstream,classic,33FB,slideouts,
2027,,airstream,flying cloud,23FB,uvwLbs,
2027,,airstream,flying cloud,23FB,length,
2027,,airstream,flying cloud,23FB,exteriorHeightIn,
2027,,airstream,flying cloud,23FB,exteriorWidthIn,
2027,,airstream,flying cloud,23FB,interiorHeightIn,
2027,,airstream,flying cloud,23FB,sleeps,
2027,,airstream,flying cloud,23FB,dryWeightLbs,
2027,,airstream,flying cloud,23FB,hitchLbs,
2027,,airstream,flying cloud,23FB,fuelCapacityGal,
2027,,airstream,flying cloud,23FB,freshWater,
2027,,airstream,flying cloud,23FB,grayWater,
2027,,airstream,flying cloud,23FB,blackWater,
2027,,airstream,flying cloud,23FB,propaneLbs,
2027,,airstream,flying cloud,23FB,propaneGal,
2027,,airstream,flying cloud,23FB,waterHeaterGal,
2027,,airstream,flying cloud,23FB,cargoLbs,
2027,,airstream,flying cloud,23FB,garageLengthFt,
2027,,airstream,flying cloud,23FB,garageWidthFt,
2027,,airstream,flying cloud,23FB,garageHeightIn,
2027,,airstream,flying cloud,23FB,garageCapacityLbs,
2027,,airstream,flying cloud,23FB,rampPatioLbs,
2027,,airstream,flying cloud,23FB,fuelStationGal,
2027,,airstream,flying cloud,23FB,axles,
2027,,airstream,flying cloud,23FB,tireSize,
2027,,airstream,flying cloud,23FB,slideouts,
,2020-2026,airstream,flying cloud,25FB,sleeps,
,2020-2026,airstream,flying cloud,25FB,dryWeightLbs,
,2020-2026,airstream,flying cloud,25FB,fuelCapacityGal,
,2020-2026,airstream,flying cloud,25FB,propaneGal,
,2020-2026,airstream,flying cloud,25FB,waterHeaterGal,
,2020-2026,airstream,flying cloud,25FB,cargoLbs,
,2020-2026,airstream,flying cloud,25FB,garageLengthFt,
,2020-2026,airstream,flying cloud,25FB,garageWidthFt,
,2020-2026,airstream,flying cloud,25FB,garageHeightIn,
,2020-2026,airstream,flying cloud,25FB,garageCapacityLbs,
,2020-2026,airstream,flying cloud,25FB,rampPatioLbs,
,2020-2026,airstream,flying cloud,25FB,fuelStationGal,
,2020-2026,airstream,flying cloud,25FB,axles,
,2020-2026,airstream,flying cloud,25FB,tireSize,
,2020-2026,airstream,flying cloud,25FB,slideouts,
2027,,airstream,flying cloud,25FB,uvwLbs,
2027,,airstream,flying cloud,25FB,length,
2027,,airstream,flying cloud,25FB,exteriorHeightIn,
2027,,airstream,flying cloud,25FB,exteriorWidthIn,
2027,,airstream,flying cloud,25FB,interiorHeightIn,
2027,,airstream,flying cloud,25FB,sleeps,
2027,,airstream,flying cloud,25FB,dryWeightLbs,
2027,,airstream,flying cloud,25FB,hitchLbs,
2027,,airstream,flying cloud,25FB,fuelCapacityGal,
2027,,airstream,flying cloud,25FB,freshWater,
2027,,airstream,flying cloud,25FB,grayWater,
2027,,airstream,flying cloud,25FB,blackWater,
2027,,airstream,flying cloud,25FB,propaneLbs,
2027,,airstream,flying cloud,25FB,propaneGal,
2027,,airstream,flying cloud,25FB,waterHeaterGal,
2027,,airstream,flying cloud,25FB,cargoLbs,
2027,,airstream,flying cloud,25FB,garageLengthFt,
2027,,airstream,flying cloud,25FB,garageWidthFt,
2027,,airstream,flying cloud,25FB,garageHeightIn,
2027,,airstream,flying cloud,25FB,garageCapacityLbs,
2027,,airstream,flying cloud,25FB,rampPatioLbs,
2027,,airstream,flying cloud,25FB,fuelStationGal,
2027,,airstream,flying cloud,25FB,axles,
2027,,airstream,flying cloud,25FB,tireSize,
2027,,airstream,flying cloud,25FB,slideouts,
2027,,airstream,flying cloud,27FB,uvwLbs,
2027,,airstream,flying cloud,27FB,length,
2027,,airstream,flying cloud,27FB,exteriorHeightIn,
2027,,airstream,flying cloud,27FB,exteriorWidthIn,
2027,,airstream,flying cloud,27FB,interiorHeightIn,
2027,,airstream,flying cloud,27FB,sleeps,
2027,,airstream,flying cloud,27FB,dryWeightLbs,
2027,,airstream,flying cloud,27FB,hitchLbs,
2027,,airstream,flying cloud,27FB,fuelCapacityGal,
2027,,airstream,flying cloud,27FB,freshWater,
2027,,airstream,flying cloud,27FB,grayWater,
2027,,airstream,flying cloud,27FB,blackWater,
2027,,airstream,flying cloud,27FB,propaneLbs,
2027,,airstream,flying cloud,27FB,propaneGal,
2027,,airstream,flying cloud,27FB,waterHeaterGal,
2027,,airstream,flying cloud,27FB,cargoLbs,
2027,,airstream,flying cloud,27FB,garageLengthFt,
2027,,airstream,flying cloud,27FB,garageWidthFt,
2027,,airstream,flying cloud,27FB,garageHeightIn,
2027,,airstream,flying cloud,27FB,garageCapacityLbs,
2027,,airstream,flying cloud,27FB,rampPatioLbs,
2027,,airstream,flying cloud,27FB,fuelStationGal,
2027,,airstream,flying cloud,27FB,axles,
2027,,airstream,flying cloud,27FB,tireSize,
2027,,airstream,flying cloud,27FB,slideouts,
2027,,airstream,flying cloud,28RB,uvwLbs,
2027,,airstream,flying cloud,28RB,length,
2027,,airstream,flying cloud,28RB,exteriorHeightIn,
2027,,airstream,flying cloud,28RB,exteriorWidthIn,
2027,,airstream,flying cloud,28RB,interiorHeightIn,
2027,,airstream,flying cloud,28RB,sleeps,
2027,,airstream,flying cloud,28RB,dryWeightLbs,
2027,,airstream,flying cloud,28RB,hitchLbs,
2027,,airstream,flying cloud,28RB,fuelCapacityGal,
2027,,airstream,flying cloud,28RB,freshWater,
2027,,airstream,flying cloud,28RB,grayWater,
2027,,airstream,flying cloud,28RB,blackWater,
2027,,airstream,flying cloud,28RB,propaneLbs,
2027,,airstream,flying cloud,28RB,propaneGal,
2027,,airstream,flying cloud,28RB,waterHeaterGal,
2027,,airstream,flying cloud,28RB,cargoLbs,
2027,,airstream,flying cloud,28RB,garageLengthFt,
2027,,airstream,flying cloud,28RB,garageWidthFt,
2027,,airstream,flying cloud,28RB,garageHeightIn,
2027,,airstream,flying cloud,28RB,garageCapacityLbs,
2027,,airstream,flying cloud,28RB,rampPatioLbs,
2027,,airstream,flying cloud,28RB,fuelStationGal,
2027,,airstream,flying cloud,28RB,axles,
2027,,airstream,flying cloud,28RB,tireSize,
2027,,airstream,flying cloud,28RB,slideouts,
2027,,airstream,flying cloud,30FB Bunk,uvwLbs,
2027,,airstream,flying cloud,30FB Bunk,length,
2027,,airstream,flying cloud,30FB Bunk,exteriorHeightIn,
2027,,airstream,flying cloud,30FB Bunk,exteriorWidthIn,
2027,,airstream,flying cloud,30FB Bunk,interiorHeightIn,
2027,,airstream,flying cloud,30FB Bunk,sleeps,
2027,,airstream,flying cloud,30FB Bunk,dryWeightLbs,
2027,,airstream,flying cloud,30FB Bunk,hitchLbs,
2027,,airstream,flying cloud,30FB Bunk,fuelCapacityGal,
2027,,airstream,flying cloud,30FB Bunk,freshWater,
2027,,airstream,flying cloud,30FB Bunk,grayWater,
2027,,airstream,flying cloud,30FB Bunk,blackWater,
2027,,airstream,flying cloud,30FB Bunk,propaneLbs,
2027,,airstream,flying cloud,30FB Bunk,propaneGal,
2027,,airstream,flying cloud,30FB Bunk,waterHeaterGal,
2027,,airstream,flying cloud,30FB Bunk,cargoLbs,
2027,,airstream,flying cloud,30FB Bunk,garageLengthFt,
2027,,airstream,flying cloud,30FB Bunk,garageWidthFt,
2027,,airstream,flying cloud,30FB Bunk,garageHeightIn,
2027,,airstream,flying cloud,30FB Bunk,garageCapacityLbs,
2027,,airstream,flying cloud,30FB Bunk,rampPatioLbs,
2027,,airstream,flying cloud,30FB Bunk,fuelStationGal,
2027,,airstream,flying cloud,30FB Bunk,axles,
2027,,airstream,flying cloud,30FB Bunk,tireSize,
2027,,airstream,flying cloud,30FB Bunk,slideouts,
2027,,airstream,globetrotter,25FB,uvwLbs,
2027,,airstream,globetrotter,25FB,length,
2027,,airstream,globetrotter,25FB,exteriorHeightIn,
2027,,airstream,globetrotter,25FB,exteriorWidthIn,
2027,,airstream,globetrotter,25FB,interiorHeightIn,
2027,,airstream,globetrotter,25FB,sleeps,
2027,,airstream,globetrotter,25FB,dryWeightLbs,
2027,,airstream,globetrotter,25FB,hitchLbs,
2027,,airstream,globetrotter,25FB,fuelCapacityGal,
2027,,airstream,globetrotter,25FB,freshWater,
2027,,airstream,globetrotter,25FB,grayWater,
2027,,airstream,globetrotter,25FB,blackWater,
2027,,airstream,globetrotter,25FB,propaneLbs,
2027,,airstream,globetrotter,25FB,propaneGal,
2027,,airstream,globetrotter,25FB,waterHeaterGal,
2027,,airstream,globetrotter,25FB,cargoLbs,
2027,,airstream,globetrotter,25FB,garageLengthFt,
2027,,airstream,globetrotter,25FB,garageWidthFt,
2027,,airstream,globetrotter,25FB,garageHeightIn,
2027,,airstream,globetrotter,25FB,garageCapacityLbs,
2027,,airstream,globetrotter,25FB,rampPatioLbs,
2027,,airstream,globetrotter,25FB,fuelStationGal,
2027,,airstream,globetrotter,25FB,axles,
2027,,airstream,globetrotter,25FB,tireSize,
2027,,airstream,globetrotter,25FB,slideouts,
2027,,airstream,globetrotter,27FB,uvwLbs,
2027,,airstream,globetrotter,27FB,length,
2027,,airstream,globetrotter,27FB,exteriorHeightIn,
2027,,airstream,globetrotter,27FB,exteriorWidthIn,
2027,,airstream,globetrotter,27FB,interiorHeightIn,
2027,,airstream,globetrotter,27FB,sleeps,
2027,,airstream,globetrotter,27FB,dryWeightLbs,
2027,,airstream,globetrotter,27FB,hitchLbs,
2027,,airstream,globetrotter,27FB,fuelCapacityGal,
2027,,airstream,globetrotter,27FB,freshWater,
2027,,airstream,globetrotter,27FB,grayWater,
2027,,airstream,globetrotter,27FB,blackWater,
2027,,airstream,globetrotter,27FB,propaneLbs,
2027,,airstream,globetrotter,27FB,propaneGal,
2027,,airstream,globetrotter,27FB,waterHeaterGal,
2027,,airstream,globetrotter,27FB,cargoLbs,
2027,,airstream,globetrotter,27FB,garageLengthFt,
2027,,airstream,globetrotter,27FB,garageWidthFt,
2027,,airstream,globetrotter,27FB,garageHeightIn,
2027,,airstream,globetrotter,27FB,garageCapacityLbs,
2027,,airstream,globetrotter,27FB,rampPatioLbs,
2027,,airstream,globetrotter,27FB,fuelStationGal,
2027,,airstream,globetrotter,27FB,axles,
2027,,airstream,globetrotter,27FB,tireSize,
2027,,airstream,globetrotter,27FB,slideouts,
2027,,airstream,globetrotter,30RB,uvwLbs,
2027,,airstream,globetrotter,30RB,length,
2027,,airstream,globetrotter,30RB,exteriorHeightIn,
2027,,airstream,globetrotter,30RB,exteriorWidthIn,
2027,,airstream,globetrotter,30RB,interiorHeightIn,
2027,,airstream,globetrotter,30RB,sleeps,
2027,,airstream,globetrotter,30RB,dryWeightLbs,
2027,,airstream,globetrotter,30RB,hitchLbs,
2027,,airstream,globetrotter,30RB,fuelCapacityGal,
2027,,airstream,globetrotter,30RB,freshWater,
2027,,airstream,globetrotter,30RB,grayWater,
2027,,airstream,globetrotter,30RB,blackWater,
2027,,airstream,globetrotter,30RB,propaneLbs,
2027,,airstream,globetrotter,30RB,propaneGal,
2027,,airstream,globetrotter,30RB,waterHeaterGal,
2027,,airstream,globetrotter,30RB,cargoLbs,
2027,,airstream,globetrotter,30RB,garageLengthFt,
2027,,airstream,globetrotter,30RB,garageWidthFt,
2027,,airstream,globetrotter,30RB,garageHeightIn,
2027,,airstream,globetrotter,30RB,garageCapacityLbs,
2027,,airstream,globetrotter,30RB,rampPatioLbs,
2027,,airstream,globetrotter,30RB,fuelStationGal,
2027,,airstream,globetrotter,30RB,axles,
2027,,airstream,globetrotter,30RB,tireSize,
2027,,airstream,globetrotter,30RB,slideouts,
2027,,airstream,international,23FB,uvwLbs,
2027,,airstream,international,23FB,length,
2027,,airstream,international,23FB,exteriorHeightIn,
2027,,airstream,international,23FB,exteriorWidthIn,
2027,,airstream,international,23FB,interiorHeightIn,
2027,,airstream,international,23FB,sleeps,
2027,,airstream,international,23FB,dryWeightLbs,
2027,,airstream,international,23FB,hitchLbs,
2027,,airstream,international,23FB,fuelCapacityGal,
2027,,airstream,international,23FB,freshWater,
2027,,airstream,international,23FB,grayWater,
2027,,airstream,international,23FB,blackWater,
2027,,airstream,international,23FB,propaneLbs,
2027,,airstream,international,23FB,propaneGal,
2027,,airstream,international,23FB,waterHeaterGal,
2027,,airstream,international,23FB,cargoLbs,
2027,,airstream,international,23FB,garageLengthFt,
2027,,airstream,international,23FB,garageWidthFt,
2027,,airstream,international,23FB,garageHeightIn,
2027,,airstream,international,23FB,garageCapacityLbs,
2027,,airstream,international,23FB,rampPatioLbs,
2027,,airstream,international,23FB,fuelStationGal,
2027,,airstream,international,23FB,axles,
2027,,airstream,international,23FB,tireSize,
2027,,airstream,international,23FB,slideouts,
2027,,airstream,international,25FB,uvwLbs,
2027,,airstream,international,25FB,length,
2027,,airstream,international,25FB,exteriorHeightIn,
2027,,airstream,international,25FB,exteriorWidthIn,
2027,,airstream,international,25FB,interiorHeightIn,
2027,,airstream,international,25FB,sleeps,
2027,,airstream,international,25FB,dryWeightLbs,
2027,,airstream,international,25FB,hitchLbs,
2027,,airstream,international,25FB,fuelCapacityGal,
2027,,airstream,international,25FB,freshWater,
2027,,airstream,international,25FB,grayWater,
2027,,airstream,international,25FB,blackWater,
2027,,airstream,international,25FB,propaneLbs,
2027,,airstream,international,25FB,propaneGal,
2027,,airstream,international,25FB,waterHeaterGal,
2027,,airstream,international,25FB,cargoLbs,
2027,,airstream,international,25FB,garageLengthFt,
2027,,airstream,international,25FB,garageWidthFt,
2027,,airstream,international,25FB,garageHeightIn,
2027,,airstream,international,25FB,garageCapacityLbs,
2027,,airstream,international,25FB,rampPatioLbs,
2027,,airstream,international,25FB,fuelStationGal,
2027,,airstream,international,25FB,axles,
2027,,airstream,international,25FB,tireSize,
2027,,airstream,international,25FB,slideouts,
2027,,airstream,international,27FB,uvwLbs,
2027,,airstream,international,27FB,length,
2027,,airstream,international,27FB,exteriorHeightIn,
2027,,airstream,international,27FB,exteriorWidthIn,
2027,,airstream,international,27FB,interiorHeightIn,
2027,,airstream,international,27FB,sleeps,
2027,,airstream,international,27FB,dryWeightLbs,
2027,,airstream,international,27FB,hitchLbs,
2027,,airstream,international,27FB,fuelCapacityGal,
2027,,airstream,international,27FB,freshWater,
2027,,airstream,international,27FB,grayWater,
2027,,airstream,international,27FB,blackWater,
2027,,airstream,international,27FB,propaneLbs,
2027,,airstream,international,27FB,propaneGal,
2027,,airstream,international,27FB,waterHeaterGal,
2027,,airstream,international,27FB,cargoLbs,
2027,,airstream,international,27FB,garageLengthFt,
2027,,airstream,international,27FB,garageWidthFt,
2027,,airstream,international,27FB,garageHeightIn,
2027,,airstream,international,27FB,garageCapacityLbs,
2027,,airstream,international,27FB,rampPatioLbs,
2027,,airstream,international,27FB,fuelStationGal,
2027,,airstream,international,27FB,axles,
2027,,airstream,international,27FB,tireSize,
2027,,airstream,international,27FB,slideouts,
2027,,airstream,international,28RB,uvwLbs,
2027,,airstream,international,28RB,length,
2027,,airstream,international,28RB,exteriorHeightIn,
2027,,airstream,international,28RB,exteriorWidthIn,
2027,,airstream,international,28RB,interiorHeightIn,
2027,,airstream,international,28RB,sleeps,
2027,,airstream,international,28RB,dryWeightLbs,
2027,,airstream,international,28RB,hitchLbs,
2027,,airstream,international,28RB,fuelCapacityGal,
2027,,airstream,international,28RB,freshWater,
2027,,airstream,international,28RB,grayWater,
2027,,airstream,international,28RB,blackWater,
2027,,airstream,international,28RB,propaneLbs,
2027,,airstream,international,28RB,propaneGal,
2027,,airstream,international,28RB,waterHeaterGal,
2027,,airstream,international,28RB,cargoLbs,
2027,,airstream,international,28RB,garageLengthFt,
2027,,airstream,international,28RB,garageWidthFt,
2027,,airstream,international,28RB,garageHeightIn,
2027,,airstream,international,28RB,garageCapacityLbs,
2027,,airstream,international,28RB,rampPatioLbs,
2027,,airstream,international,28RB,fuelStationGal,
2027,,airstream,international,28RB,axles,
2027,,airstream,international,28RB,tireSize,
2027,,airstream,international,28RB,slideouts,
2027,,airstream,international,30RB,uvwLbs,
2027,,airstream,international,30RB,length,
2027,,airstream,international,30RB,exteriorHeightIn,
2027,,airstream,international,30RB,exteriorWidthIn,
2027,,airstream,international,30RB,interiorHeightIn,
2027,,airstream,international,30RB,sleeps,
2027,,airstream,international,30RB,dryWeightLbs,
2027,,airstream,international,30RB,hitchLbs,
2027,,airstream,international,30RB,fuelCapacityGal,
2027,,airstream,international,30RB,freshWater,
2027,,airstream,international,30RB,grayWater,
2027,,airstream,international,30RB,blackWater,
2027,,airstream,international,30RB,propaneLbs,
2027,,airstream,international,30RB,propaneGal,
2027,,airstream,international,30RB,waterHeaterGal,
2027,,airstream,international,30RB,cargoLbs,
2027,,airstream,international,30RB,garageLengthFt,
2027,,airstream,international,30RB,garageWidthFt,
2027,,airstream,international,30RB,garageHeightIn,
2027,,airstream,international,30RB,garageCapacityLbs,
2027,,airstream,international,30RB,rampPatioLbs,
2027,,airstream,international,30RB,fuelStationGal,
2027,,airstream,international,30RB,axles,
2027,,airstream,international,30RB,tireSize,
2027,,airstream,international,30RB,slideouts,
2027,,airstream,trade wind,23FB,uvwLbs,
2027,,airstream,trade wind,23FB,length,
2027,,airstream,trade wind,23FB,exteriorHeightIn,
2027,,airstream,trade wind,23FB,exteriorWidthIn,
2027,,airstream,trade wind,23FB,interiorHeightIn,
2027,,airstream,trade wind,23FB,sleeps,
2027,,airstream,trade wind,23FB,dryWeightLbs,
2027,,airstream,trade wind,23FB,hitchLbs,
2027,,airstream,trade wind,23FB,fuelCapacityGal,
2027,,airstream,trade wind,23FB,freshWater,
2027,,airstream,trade wind,23FB,grayWater,
2027,,airstream,trade wind,23FB,blackWater,
2027,,airstream,trade wind,23FB,propaneLbs,
2027,,airstream,trade wind,23FB,propaneGal,
2027,,airstream,trade wind,23FB,waterHeaterGal,
2027,,airstream,trade wind,23FB,cargoLbs,
2027,,airstream,trade wind,23FB,garageLengthFt,
2027,,airstream,trade wind,23FB,garageWidthFt,
2027,,airstream,trade wind,23FB,garageHeightIn,
2027,,airstream,trade wind,23FB,garageCapacityLbs,
2027,,airstream,trade wind,23FB,rampPatioLbs,
2027,,airstream,trade wind,23FB,fuelStationGal,
2027,,airstream,trade wind,23FB,axles,
2027,,airstream,trade wind,23FB,tireSize,
2027,,airstream,trade wind,23FB,slideouts,
2027,,airstream,trade wind,25FB,uvwLbs,
2027,,airstream,trade wind,25FB,length,
2027,,airstream,trade wind,25FB,exteriorHeightIn,
2027,,airstream,trade wind,25FB,exteriorWidthIn,
2027,,airstream,trade wind,25FB,interiorHeightIn,
2027,,airstream,trade wind,25FB,sleeps,
2027,,airstream,trade wind,25FB,dryWeightLbs,
2027,,airstream,trade wind,25FB,hitchLbs,
2027,,airstream,trade wind,25FB,fuelCapacityGal,
2027,,airstream,trade wind,25FB,freshWater,
2027,,airstream,trade wind,25FB,grayWater,
2027,,airstream,trade wind,25FB,blackWater,
2027,,airstream,trade wind,25FB,propaneLbs,
2027,,airstream,trade wind,25FB,propaneGal,
2027,,airstream,trade wind,25FB,waterHeaterGal,
2027,,airstream,trade wind,25FB,cargoLbs,
2027,,airstream,trade wind,25FB,garageLengthFt,
2027,,airstream,trade wind,25FB,garageWidthFt,
2027,,airstream,trade wind,25FB,garageHeightIn,
2027,,airstream,trade wind,25FB,garageCapacityLbs,
2027,,airstream,trade wind,25FB,rampPatioLbs,
2027,,airstream,trade wind,25FB,fuelStationGal,
2027,,airstream,trade wind,25FB,axles,
2027,,airstream,trade wind,25FB,tireSize,
2027,,airstream,trade wind,25FB,slideouts,
2027,,airstream,trade wind,27FB,uvwLbs,
2027,,airstream,trade wind,27FB,length,
2027,,airstream,trade wind,27FB,exteriorHeightIn,
2027,,airstream,trade wind,27FB,exteriorWidthIn,
2027,,airstream,trade wind,27FB,interiorHeightIn,
2027,,airstream,trade wind,27FB,sleeps,
2027,,airstream,trade wind,27FB,dryWeightLbs,
2027,,airstream,trade wind,27FB,hitchLbs,
2027,,airstream,trade wind,27FB,fuelCapacityGal,
2027,,airstream,trade wind,27FB,freshWater,
2027,,airstream,trade wind,27FB,grayWater,
2027,,airstream,trade wind,27FB,blackWater,
2027,,airstream,trade wind,27FB,propaneLbs,
2027,,airstream,trade wind,27FB,propaneGal,
2027,,airstream,trade wind,27FB,waterHeaterGal,
2027,,airstream,trade wind,27FB,cargoLbs,
2027,,airstream,trade wind,27FB,garageLengthFt,
2027,,airstream,trade wind,27FB,garageWidthFt,
2027,,airstream,trade wind,27FB,garageHeightIn,
2027,,airstream,trade wind,27FB,garageCapacityLbs,
2027,,airstream,trade wind,27FB,rampPatioLbs,
2027,,airstream,trade wind,27FB,fuelStationGal,
2027,,airstream,trade wind,27FB,axles,
2027,,airstream,trade wind,27FB,tireSize,
2027,,airstream,trade wind,27FB,slideouts,
2027,,airstream,world traveler,17RB,uvwLbs,
2027,,airstream,world traveler,17RB,length,
2027,,airstream,world traveler,17RB,exteriorHeightIn,
2027,,airstream,world traveler,17RB,exteriorWidthIn,
2027,,airstream,world traveler,17RB,interiorHeightIn,
2027,,airstream,world traveler,17RB,sleeps,
2027,,airstream,world traveler,17RB,dryWeightLbs,
2027,,airstream,world traveler,17RB,hitchLbs,
2027,,airstream,world traveler,17RB,fuelCapacityGal,
2027,,airstream,world traveler,17RB,freshWater,
2027,,airstream,world traveler,17RB,grayWater,
2027,,airstream,world traveler,17RB,blackWater,
2027,,airstream,world traveler,17RB,propaneLbs,
2027,,airstream,world traveler,17RB,propaneGal,
2027,,airstream,world traveler,17RB,waterHeaterGal,
2027,,airstream,world traveler,17RB,cargoLbs,
2027,,airstream,world traveler,17RB,garageLengthFt,
2027,,airstream,world traveler,17RB,garageWidthFt,
2027,,airstream,world traveler,17RB,garageHeightIn,
2027,,airstream,world traveler,17RB,garageCapacityLbs,
2027,,airstream,world traveler,17RB,rampPatioLbs,
2027,,airstream,world traveler,17RB,fuelStationGal,
2027,,airstream,world traveler,17RB,axles,
2027,,airstream,world traveler,17RB,tireSize,
2027,,airstream,world traveler,17RB,slideouts,
2027,,airstream,world traveler,22RB,uvwLbs,
2027,,airstream,world traveler,22RB,length,
2027,,airstream,world traveler,22RB,exteriorHeightIn,
2027,,airstream,world traveler,22RB,exteriorWidthIn,
2027,,airstream,world traveler,22RB,interiorHeightIn,
2027,,airstream,world traveler,22RB,sleeps,
2027,,airstream,world traveler,22RB,dryWeightLbs,
2027,,airstream,world traveler,22RB,hitchLbs,
2027,,airstream,world traveler,22RB,fuelCapacityGal,
2027,,airstream,world traveler,22RB,freshWater,
2027,,airstream,world traveler,22RB,grayWater,
2027,,airstream,world traveler,22RB,blackWater,
2027,,airstream,world traveler,22RB,propaneLbs,
2027,,airstream,world traveler,22RB,propaneGal,
2027,,airstream,world traveler,22RB,waterHeaterGal,
2027,,airstream,world traveler,22RB,cargoLbs,
2027,,airstream,world traveler,22RB,garageLengthFt,
2027,,airstream,world traveler,22RB,garageWidthFt,
2027,,airstream,world traveler,22RB,garageHeightIn,
2027,,airstream,world traveler,22RB,garageCapacityLbs,
2027,,airstream,world traveler,22RB,rampPatioLbs,
2027,,airstream,world traveler,22RB,fuelStationGal,
2027,,airstream,world traveler,22RB,axles,
2027,,airstream,world traveler,22RB,tireSize,
2027,,airstream,world traveler,22RB,slideouts,
,2026-2027,alliance,avenue travel trailer,298RL,interiorHeightIn,
,2026-2027,alliance,avenue travel trailer,298RL,dryWeightLbs,
,2026-2027,alliance,avenue travel trailer,298RL,fuelCapacityGal,
,2026-2027,alliance,avenue travel trailer,298RL,propaneLbs,
,2026-2027,alliance,avenue travel trailer,298RL,propaneGal,
,2026-2027,alliance,avenue travel trailer,298RL,waterHeaterGal,
,2026-2027,alliance,avenue travel trailer,298RL,cargoLbs,
,2026-2027,alliance,avenue travel trailer,298RL,garageLengthFt,
,2026-2027,alliance,avenue travel trailer,298RL,garageWidthFt,
,2026-2027,alliance,avenue travel trailer,298RL,garageHeightIn,
,2026-2027,alliance,avenue travel trailer,298RL,garageCapacityLbs,
,2026-2027,alliance,avenue travel trailer,298RL,rampPatioLbs,
,2026-2027,alliance,avenue travel trailer,298RL,fuelStationGal,
,2026-2027,alliance,avenue travel trailer,298RL,axles,
,2026-2027,alliance,avenue travel trailer,298RL,tireSize,
,2021-2026,alliance,avenue,32RLS,sleeps,
,2021-2026,alliance,avenue,32RLS,dryWeightLbs,
,2021-2026,alliance,avenue,32RLS,fuelCapacityGal,
,2021-2026,alliance,avenue,32RLS,propaneGal,
,2021-2026,alliance,avenue,32RLS,waterHeaterGal,
,2021-2026,alliance,avenue,32RLS,cargoLbs,
,2021-2026,alliance,avenue,32RLS,garageLengthFt,
,2021-2026,alliance,avenue,32RLS,garageWidthFt,
,2021-2026,alliance,avenue,32RLS,garageHeightIn,
,2021-2026,alliance,avenue,32RLS,garageCapacityLbs,
,2021-2026,alliance,avenue,32RLS,rampPatioLbs,
,2021-2026,alliance,avenue,32RLS,fuelStationGal,
,2021-2026,alliance,avenue,32RLS,axles,
,2021-2026,alliance,avenue,32RLS,tireSize,
,2021-2026,alliance,avenue,32RLS,slideouts,
,2021-2026,alliance,paradigm,310RL,sleeps,
,2021-2026,alliance,paradigm,310RL,dryWeightLbs,
,2021-2026,alliance,paradigm,310RL,fuelCapacityGal,
,2021-2026,alliance,paradigm,310RL,propaneGal,
,2021-2026,alliance,paradigm,310RL,waterHeaterGal,
,2021-2026,alliance,paradigm,310RL,cargoLbs,
,2021-2026,alliance,paradigm,310RL,garageLengthFt,
,2021-2026,alliance,paradigm,310RL,garageWidthFt,
,2021-2026,alliance,paradigm,310RL,garageHeightIn,
,2021-2026,alliance,paradigm,310RL,garageCapacityLbs,
,2021-2026,alliance,paradigm,310RL,rampPatioLbs,
,2021-2026,alliance,paradigm,310RL,fuelStationGal,
,2021-2026,alliance,paradigm,310RL,axles,
,2021-2026,alliance,paradigm,310RL,tireSize,
,2021-2026,alliance,paradigm,310RL,slideouts,
,2021-2026,alliance,paradigm,340RL,sleeps,
,2021-2026,alliance,paradigm,340RL,dryWeightLbs,
,2021-2026,alliance,paradigm,340RL,fuelCapacityGal,
,2021-2026,alliance,paradigm,340RL,propaneGal,
,2021-2026,alliance,paradigm,340RL,waterHeaterGal,
,2021-2026,alliance,paradigm,340RL,cargoLbs,
,2021-2026,alliance,paradigm,340RL,garageLengthFt,
,2021-2026,alliance,paradigm,340RL,garageWidthFt,
,2021-2026,alliance,paradigm,340RL,garageHeightIn,
,2021-2026,alliance,paradigm,340RL,garageCapacityLbs,
,2021-2026,alliance,paradigm,340RL,rampPatioLbs,
,2021-2026,alliance,paradigm,340RL,fuelStationGal,
,2021-2026,alliance,paradigm,340RL,axles,
,2021-2026,alliance,paradigm,340RL,tireSize,
,2021-2026,alliance,paradigm,340RL,slideouts,
2022,,american coach,american dream,39RK,gvwrLbs,
2022,,american coach,american dream,39RK,length,
2022,,american coach,american dream,39RK,exteriorHeightIn,
2022,,american coach,american dream,39RK,exteriorWidthIn,
2022,,american coach,american dream,39RK,interiorHeightIn,
2022,,american coach,american dream,39RK,sleeps,
2022,,american coach,american dream,39RK,dryWeightLbs,
2022,,american coach,american dream,39RK,hitchLbs,
2022,,american coach,american dream,39RK,fuelCapacityGal,
2022,,american coach,american dream,39RK,freshWater,
2022,,american coach,american dream,39RK,grayWater,
2022,,american coach,american dream,39RK,blackWater,
2022,,american coach,american dream,39RK,propaneLbs,
2022,,american coach,american dream,39RK,propaneGal,
2022,,american coach,american dream,39RK,waterHeaterGal,
2022,,american coach,american dream,39RK,cargoLbs,
2022,,american coach,american dream,39RK,garageLengthFt,
2022,,american coach,american dream,39RK,garageWidthFt,
2022,,american coach,american dream,39RK,garageHeightIn,
2022,,american coach,american dream,39RK,garageCapacityLbs,
2022,,american coach,american dream,39RK,rampPatioLbs,
2022,,american coach,american dream,39RK,fuelStationGal,
2022,,american coach,american dream,39RK,axles,
2022,,american coach,american dream,39RK,tireSize,
2022,,american coach,american dream,39RK,slideouts,
,2019-2025,american coach,american dream,42Q,uvwLbs,
,2019-2025,american coach,american dream,42Q,length,
,2019-2025,american coach,american dream,42Q,exteriorHeightIn,
,2019-2025,american coach,american dream,42Q,exteriorWidthIn,
,2019-2025,american coach,american dream,42Q,interiorHeightIn,
,2019-2025,american coach,american dream,42Q,sleeps,
,2019-2025,american coach,american dream,42Q,dryWeightLbs,
,2019-2025,american coach,american dream,42Q,hitchLbs,
,2019-2025,american coach,american dream,42Q,fuelCapacityGal,
,2019-2025,american coach,american dream,42Q,freshWater,
,2019-2025,american coach,american dream,42Q,grayWater,
,2019-2025,american coach,american dream,42Q,blackWater,
,2019-2025,american coach,american dream,42Q,propaneLbs,
,2019-2025,american coach,american dream,42Q,propaneGal,
,2019-2025,american coach,american dream,42Q,waterHeaterGal,
,2019-2025,american coach,american dream,42Q,cargoLbs,
,2019-2025,american coach,american dream,42Q,garageLengthFt,
,2019-2025,american coach,american dream,42Q,garageWidthFt,
,2019-2025,american coach,american dream,42Q,garageHeightIn,
,2019-2025,american coach,american dream,42Q,garageCapacityLbs,
,2019-2025,american coach,american dream,42Q,rampPatioLbs,
,2019-2025,american coach,american dream,42Q,fuelStationGal,
,2019-2025,american coach,american dream,42Q,axles,
,2019-2025,american coach,american dream,42Q,tireSize,
,2019-2025,american coach,american dream,42Q,slideouts,
,2020-2022,american coach,american dream,42V,uvwLbs,
,2020-2022,american coach,american dream,42V,length,
,2020-2022,american coach,american dream,42V,exteriorHeightIn,
,2020-2022,american coach,american dream,42V,exteriorWidthIn,
,2020-2022,american coach,american dream,42V,interiorHeightIn,
,2020-2022,american coach,american dream,42V,sleeps,
,2020-2022,american coach,american dream,42V,dryWeightLbs,
,2020-2022,american coach,american dream,42V,hitchLbs,
,2020-2022,american coach,american dream,42V,fuelCapacityGal,
,2020-2022,american coach,american dream,42V,freshWater,
,2020-2022,american coach,american dream,42V,grayWater,
,2020-2022,american coach,american dream,42V,blackWater,
,2020-2022,american coach,american dream,42V,propaneLbs,
,2020-2022,american coach,american dream,42V,propaneGal,
,2020-2022,american coach,american dream,42V,waterHeaterGal,
,2020-2022,american coach,american dream,42V,cargoLbs,
,2020-2022,american coach,american dream,42V,garageLengthFt,
,2020-2022,american coach,american dream,42V,garageWidthFt,
,2020-2022,american coach,american dream,42V,garageHeightIn,
,2020-2022,american coach,american dream,42V,garageCapacityLbs,
,2020-2022,american coach,american dream,42V,rampPatioLbs,
,2020-2022,american coach,american dream,42V,fuelStationGal,
,2020-2022,american coach,american dream,42V,axles,
,2020-2022,american coach,american dream,42V,tireSize,
,2020-2022,american coach,american dream,42V,slideouts,
2025,,american coach,american dream,45A,uvwLbs,
2025,,american coach,american dream,45A,length,
2025,,american coach,american dream,45A,exteriorHeightIn,
2025,,american coach,american dream,45A,exteriorWidthIn,
2025,,american coach,american dream,45A,interiorHeightIn,
2025,,american coach,american dream,45A,sleeps,
2025,,american coach,american dream,45A,dryWeightLbs,
2025,,american coach,american dream,45A,hitchLbs,
2025,,american coach,american dream,45A,fuelCapacityGal,
2025,,american coach,american dream,45A,freshWater,
2025,,american coach,american dream,45A,grayWater,
2025,,american coach,american dream,45A,blackWater,
2025,,american coach,american dream,45A,propaneLbs,
2025,,american coach,american dream,45A,propaneGal,
2025,,american coach,american dream,45A,waterHeaterGal,
2025,,american coach,american dream,45A,cargoLbs,
2025,,american coach,american dream,45A,garageLengthFt,
2025,,american coach,american dream,45A,garageWidthFt,
2025,,american coach,american dream,45A,garageHeightIn,
2025,,american coach,american dream,45A,garageCapacityLbs,
2025,,american coach,american dream,45A,rampPatioLbs,
2025,,american coach,american dream,45A,fuelStationGal,
2025,,american coach,american dream,45A,axles,
2025,,american coach,american dream,45A,tireSize,
2025,,american coach,american dream,45A,slideouts,
2025,,american coach,american dream,45D,uvwLbs,
2025,,american coach,american dream,45D,length,
2025,,american coach,american dream,45D,exteriorHeightIn,
2025,,american coach,american dream,45D,exteriorWidthIn,
2025,,american coach,american dream,45D,interiorHeightIn,
2025,,american coach,american dream,45D,sleeps,
2025,,american coach,american dream,45D,dryWeightLbs,
2025,,american coach,american dream,45D,hitchLbs,
2025,,american coach,american dream,45D,fuelCapacityGal,
2025,,american coach,american dream,45D,freshWater,
2025,,american coach,american dream,45D,grayWater,
2025,,american coach,american dream,45D,blackWater,
2025,,american coach,american dream,45D,propaneLbs,
2025,,american coach,american dream,45D,propaneGal,
2025,,american coach,american dream,45D,waterHeaterGal,
2025,,american coach,american dream,45D,cargoLbs,
2025,,american coach,american dream,45D,garageLengthFt,
2025,,american coach,american dream,45D,garageWidthFt,
2025,,american coach,american dream,45D,garageHeightIn,
2025,,american coach,american dream,45D,garageCapacityLbs,
2025,,american coach,american dream,45D,rampPatioLbs,
2025,,american coach,american dream,45D,fuelStationGal,
2025,,american coach,american dream,45D,axles,
2025,,american coach,american dream,45D,tireSize,
2025,,american coach,american dream,45D,slideouts,
2025,,american coach,american dream,45P,uvwLbs,
2025,,american coach,american dream,45P,length,
2025,,american coach,american dream,45P,exteriorHeightIn,
2025,,american coach,american dream,45P,exteriorWidthIn,
2025,,american coach,american dream,45P,interiorHeightIn,
2025,,american coach,american dream,45P,sleeps,
2025,,american coach,american dream,45P,dryWeightLbs,
2025,,american coach,american dream,45P,hitchLbs,
2025,,american coach,american dream,45P,fuelCapacityGal,
2025,,american coach,american dream,45P,freshWater,
2025,,american coach,american dream,45P,grayWater,
2025,,american coach,american dream,45P,blackWater,
2025,,american coach,american dream,45P,propaneLbs,
2025,,american coach,american dream,45P,propaneGal,
2025,,american coach,american dream,45P,waterHeaterGal,
2025,,american coach,american dream,45P,cargoLbs,
2025,,american coach,american dream,45P,garageLengthFt,
2025,,american coach,american dream,45P,garageWidthFt,
2025,,american coach,american dream,45P,garageHeightIn,
2025,,american coach,american dream,45P,garageCapacityLbs,
2025,,american coach,american dream,45P,rampPatioLbs,
2025,,american coach,american dream,45P,fuelStationGal,
2025,,american coach,american dream,45P,axles,
2025,,american coach,american dream,45P,tireSize,
2025,,american coach,american dream,45P,slideouts,
2015,,american coach,american eagle,45A,uvwLbs,
2015,,american coach,american eagle,45A,length,
2015,,american coach,american eagle,45A,exteriorHeightIn,
2015,,american coach,american eagle,45A,exteriorWidthIn,
2015,,american coach,american eagle,45A,interiorHeightIn,
2015,,american coach,american eagle,45A,sleeps,
2015,,american coach,american eagle,45A,dryWeightLbs,
2015,,american coach,american eagle,45A,hitchLbs,
2015,,american coach,american eagle,45A,fuelCapacityGal,
2015,,american coach,american eagle,45A,freshWater,
2015,,american coach,american eagle,45A,grayWater,
2015,,american coach,american eagle,45A,blackWater,
2015,,american coach,american eagle,45A,propaneLbs,
2015,,american coach,american eagle,45A,propaneGal,
2015,,american coach,american eagle,45A,waterHeaterGal,
2015,,american coach,american eagle,45A,cargoLbs,
2015,,american coach,american eagle,45A,garageLengthFt,
2015,,american coach,american eagle,45A,garageWidthFt,
2015,,american coach,american eagle,45A,garageHeightIn,
2015,,american coach,american eagle,45A,garageCapacityLbs,
2015,,american coach,american eagle,45A,rampPatioLbs,
2015,,american coach,american eagle,45A,fuelStationGal,
2015,,american coach,american eagle,45A,axles,
2015,,american coach,american eagle,45A,tireSize,
2015,,american coach,american eagle,45A,slideouts,
2015,,american coach,american eagle,45B,uvwLbs,
2015,,american coach,american eagle,45B,length,
2015,,american coach,american eagle,45B,exteriorHeightIn,
2015,,american coach,american eagle,45B,exteriorWidthIn,
2015,,american coach,american eagle,45B,interiorHeightIn,
2015,,american coach,american eagle,45B,sleeps,
2015,,american coach,american eagle,45B,dryWeightLbs,
2015,,american coach,american eagle,45B,hitchLbs,
2015,,american coach,american eagle,45B,fuelCapacityGal,
2015,,american coach,american eagle,45B,freshWater,
2015,,american coach,american eagle,45B,grayWater,
2015,,american coach,american eagle,45B,blackWater,
2015,,american coach,american eagle,45B,propaneLbs,
2015,,american coach,american eagle,45B,propaneGal,
2015,,american coach,american eagle,45B,waterHeaterGal,
2015,,american coach,american eagle,45B,cargoLbs,
2015,,american coach,american eagle,45B,garageLengthFt,
2015,,american coach,american eagle,45B,garageWidthFt,
2015,,american coach,american eagle,45B,garageHeightIn,
2015,,american coach,american eagle,45B,garageCapacityLbs,
2015,,american coach,american eagle,45B,rampPatioLbs,
2015,,american coach,american eagle,45B,fuelStationGal,
2015,,american coach,american eagle,45B,axles,
2015,,american coach,american eagle,45B,tireSize,
2015,,american coach,american eagle,45B,slideouts,
2015,,american coach,american eagle,45N,uvwLbs,
2015,,american coach,american eagle,45N,length,
2015,,american coach,american eagle,45N,exteriorHeightIn,
2015,,american coach,american eagle,45N,exteriorWidthIn,
2015,,american coach,american eagle,45N,interiorHeightIn,
2015,,american coach,american eagle,45N,sleeps,
2015,,american coach,american eagle,45N,dryWeightLbs,
2015,,american coach,american eagle,45N,hitchLbs,
2015,,american coach,american eagle,45N,fuelCapacityGal,
2015,,american coach,american eagle,45N,freshWater,
2015,,american coach,american eagle,45N,grayWater,
2015,,american coach,american eagle,45N,blackWater,
2015,,american coach,american eagle,45N,propaneLbs,
2015,,american coach,american eagle,45N,propaneGal,
2015,,american coach,american eagle,45N,waterHeaterGal,
2015,,american coach,american eagle,45N,cargoLbs,
2015,,american coach,american eagle,45N,garageLengthFt,
2015,,american coach,american eagle,45N,garageWidthFt,
2015,,american coach,american eagle,45N,garageHeightIn,
2015,,american coach,american eagle,45N,garageCapacityLbs,
2015,,american coach,american eagle,45N,rampPatioLbs,
2015,,american coach,american eagle,45N,fuelStationGal,
2015,,american coach,american eagle,45N,axles,
2015,,american coach,american eagle,45N,tireSize,
2015,,american coach,american eagle,45N,slideouts,
2015,,american coach,american eagle,45T,uvwLbs,
2015,,american coach,american eagle,45T,length,
2015,,american coach,american eagle,45T,exteriorHeightIn,
2015,,american coach,american eagle,45T,exteriorWidthIn,
2015,,american coach,american eagle,45T,interiorHeightIn,
2015,,american coach,american eagle,45T,sleeps,
2015,,american coach,american eagle,45T,dryWeightLbs,
2015,,american coach,american eagle,45T,hitchLbs,
2015,,american coach,american eagle,45T,fuelCapacityGal,
2015,,american coach,american eagle,45T,freshWater,
2015,,american coach,american eagle,45T,grayWater,
2015,,american coach,american eagle,45T,blackWater,
2015,,american coach,american eagle,45T,propaneLbs,
2015,,american coach,american eagle,45T,propaneGal,
2015,,american coach,american eagle,45T,waterHeaterGal,
2015,,american coach,american eagle,45T,cargoLbs,
2015,,american coach,american eagle,45T,garageLengthFt,
2015,,american coach,american eagle,45T,garageWidthFt,
2015,,american coach,american eagle,45T,garageHeightIn,
2015,,american coach,american eagle,45T,garageCapacityLbs,
2015,,american coach,american eagle,45T,rampPatioLbs,
2015,,american coach,american eagle,45T,fuelStationGal,
2015,,american coach,american eagle,45T,axles,
2015,,american coach,american eagle,45T,tireSize,
2015,,american coach,american eagle,45T,slideouts,
,2021-2023,american coach,american tradition,37S,uvwLbs,
,2021-2023,american coach,american tradition,37S,length,
,2021-2023,american coach,american tradition,37S,exteriorHeightIn,
,2021-2023,american coach,american tradition,37S,exteriorWidthIn,
,2021-2023,american coach,american tradition,37S,interiorHeightIn,
,2021-2023,american coach,american tradition,37S,sleeps,
,2021-2023,american coach,american tradition,37S,dryWeightLbs,
,2021-2023,american coach,american tradition,37S,hitchLbs,
,2021-2023,american coach,american tradition,37S,fuelCapacityGal,
,2021-2023,american coach,american tradition,37S,freshWater,
,2021-2023,american coach,american tradition,37S,grayWater,
,2021-2023,american coach,american tradition,37S,blackWater,
,2021-2023,american coach,american tradition,37S,propaneLbs,
,2021-2023,american coach,american tradition,37S,propaneGal,
,2021-2023,american coach,american tradition,37S,waterHeaterGal,
,2021-2023,american coach,american tradition,37S,cargoLbs,
,2021-2023,american coach,american tradition,37S,garageLengthFt,
,2021-2023,american coach,american tradition,37S,garageWidthFt,
,2021-2023,american coach,american tradition,37S,garageHeightIn,
,2021-2023,american coach,american tradition,37S,garageCapacityLbs,
,2021-2023,american coach,american tradition,37S,rampPatioLbs,
,2021-2023,american coach,american tradition,37S,fuelStationGal,
,2021-2023,american coach,american tradition,37S,axles,
,2021-2023,american coach,american tradition,37S,tireSize,
,2021-2023,american coach,american tradition,37S,slideouts,
,2021-2026,american coach,american tradition,42Q,uvwLbs,
,2021-2026,american coach,american tradition,42Q,length,
,2021-2026,american coach,american tradition,42Q,exteriorHeightIn,
,2021-2026,american coach,american tradition,42Q,exteriorWidthIn,
,2021-2026,american coach,american tradition,42Q,interiorHeightIn,
,2021-2026,american coach,american tradition,42Q,sleeps,
,2021-2026,american coach,american tradition,42Q,dryWeightLbs,
,2021-2026,american coach,american tradition,42Q,hitchLbs,
,2021-2026,american coach,american tradition,42Q,fuelCapacityGal,
,2021-2026,american coach,american tradition,42Q,freshWater,
,2021-2026,american coach,american tradition,42Q,grayWater,
,2021-2026,american coach,american tradition,42Q,blackWater,
,2021-2026,american coach,american tradition,42Q,propaneLbs,
,2021-2026,american coach,american tradition,42Q,propaneGal,
,2021-2026,american coach,american tradition,42Q,waterHeaterGal,
,2021-2026,american coach,american tradition,42Q,cargoLbs,
,2021-2026,american coach,american tradition,42Q,garageLengthFt,
,2021-2026,american coach,american tradition,42Q,garageWidthFt,
,2021-2026,american coach,american tradition,42Q,garageHeightIn,
,2021-2026,american coach,american tradition,42Q,garageCapacityLbs,
,2021-2026,american coach,american tradition,42Q,rampPatioLbs,
,2021-2026,american coach,american tradition,42Q,fuelStationGal,
,2021-2026,american coach,american tradition,42Q,axles,
,2021-2026,american coach,american tradition,42Q,tireSize,
,2021-2026,american coach,american tradition,42Q,slideouts,
,2021-2026,american coach,american tradition,42V,uvwLbs,
,2021-2026,american coach,american tradition,42V,length,
,2021-2026,american coach,american tradition,42V,exteriorHeightIn,
,2021-2026,american coach,american tradition,42V,exteriorWidthIn,
,2021-2026,american coach,american tradition,42V,interiorHeightIn,
,2021-2026,american coach,american tradition,42V,sleeps,
,2021-2026,american coach,american tradition,42V,dryWeightLbs,
,2021-2026,american coach,american tradition,42V,hitchLbs,
,2021-2026,american coach,american tradition,42V,fuelCapacityGal,
,2021-2026,american coach,american tradition,42V,freshWater,
,2021-2026,american coach,american tradition,42V,grayWater,
,2021-2026,american coach,american tradition,42V,blackWater,
,2021-2026,american coach,american tradition,42V,propaneLbs,
,2021-2026,american coach,american tradition,42V,propaneGal,
,2021-2026,american coach,american tradition,42V,waterHeaterGal,
,2021-2026,american coach,american tradition,42V,cargoLbs,
,2021-2026,american coach,american tradition,42V,garageLengthFt,
,2021-2026,american coach,american tradition,42V,garageWidthFt,
,2021-2026,american coach,american tradition,42V,garageHeightIn,
,2021-2026,american coach,american tradition,42V,garageCapacityLbs,
,2021-2026,american coach,american tradition,42V,rampPatioLbs,
,2021-2026,american coach,american tradition,42V,fuelStationGal,
,2021-2026,american coach,american tradition,42V,axles,
,2021-2026,american coach,american tradition,42V,tireSize,
,2021-2026,american coach,american tradition,42V,slideouts,
,2023-2026,brinkley,model g,3250,sleeps,
,2023-2026,brinkley,model g,3250,dryWeightLbs,
,2023-2026,brinkley,model g,3250,fuelCapacityGal,
,2023-2026,brinkley,model g,3250,propaneGal,
,2023-2026,brinkley,model g,3250,waterHeaterGal,
,2023-2026,brinkley,model g,3250,cargoLbs,
,2023-2026,brinkley,model g,3250,slideouts,
,2023-2026,brinkley,model g,3500,sleeps,
,2023-2026,brinkley,model g,3500,dryWeightLbs,
,2023-2026,brinkley,model g,3500,fuelCapacityGal,
,2023-2026,brinkley,model g,3500,propaneGal,
,2023-2026,brinkley,model g,3500,waterHeaterGal,
,2023-2026,brinkley,model g,3500,cargoLbs,
,2023-2026,brinkley,model g,3500,slideouts,
,2023-2026,brinkley,model g,3520,sleeps,
,2023-2026,brinkley,model g,3520,dryWeightLbs,
,2023-2026,brinkley,model g,3520,fuelCapacityGal,
,2023-2026,brinkley,model g,3520,propaneGal,
,2023-2026,brinkley,model g,3520,waterHeaterGal,
,2023-2026,brinkley,model g,3520,cargoLbs,
,2023-2026,brinkley,model g,3520,slideouts,
,2023-2026,brinkley,model g,3950,sleeps,
,2023-2026,brinkley,model g,3950,dryWeightLbs,
,2023-2026,brinkley,model g,3950,fuelCapacityGal,
,2023-2026,brinkley,model g,3950,propaneGal,
,2023-2026,brinkley,model g,3950,waterHeaterGal,
,2023-2026,brinkley,model g,3950,cargoLbs,
,2023-2026,brinkley,model g,3950,slideouts,
,2023-2026,brinkley,model g,3970,sleeps,
,2023-2026,brinkley,model g,3970,dryWeightLbs,
,2023-2026,brinkley,model g,3970,fuelCapacityGal,
,2023-2026,brinkley,model g,3970,propaneGal,
,2023-2026,brinkley,model g,3970,waterHeaterGal,
,2023-2026,brinkley,model g,3970,cargoLbs,
,2023-2026,brinkley,model g,3970,slideouts,
,2023-2026,brinkley,model g,4000,sleeps,
,2023-2026,brinkley,model g,4000,dryWeightLbs,
,2023-2026,brinkley,model g,4000,fuelCapacityGal,
,2023-2026,brinkley,model g,4000,propaneGal,
,2023-2026,brinkley,model g,4000,waterHeaterGal,
,2023-2026,brinkley,model g,4000,cargoLbs,
,2023-2026,brinkley,model g,4000,slideouts,
,2024-2026,brinkley,model g,4100,sleeps,
,2024-2026,brinkley,model g,4100,dryWeightLbs,
,2024-2026,brinkley,model g,4100,fuelCapacityGal,
,2024-2026,brinkley,model g,4100,propaneGal,
,2024-2026,brinkley,model g,4100,waterHeaterGal,
,2024-2026,brinkley,model g,4100,cargoLbs,
,2024-2026,brinkley,model g,4100,slideouts,
,2024-2027,brinkley,model g,4120,sleeps,
,2024-2027,brinkley,model g,4120,dryWeightLbs,
,2024-2027,brinkley,model g,4120,fuelCapacityGal,
,2024-2027,brinkley,model g,4120,propaneGal,
,2024-2027,brinkley,model g,4120,waterHeaterGal,
,2024-2027,brinkley,model g,4120,cargoLbs,
,2024-2027,brinkley,model g,4120,slideouts,
2026,,brinkley,model g,4150,sleeps,
2026,,brinkley,model g,4150,dryWeightLbs,
2026,,brinkley,model g,4150,fuelCapacityGal,
2026,,brinkley,model g,4150,propaneGal,
2026,,brinkley,model g,4150,waterHeaterGal,
2026,,brinkley,model g,4150,cargoLbs,
2026,,brinkley,model g,4150,garageWidthFt,
2026,,brinkley,model g,4150,garageHeightIn,
2026,,brinkley,model g,4150,axles,
2026,,brinkley,model g,4150,tireSize,
2026,,brinkley,model g,4150,slideouts,
2026,,brinkley,model g,4170,sleeps,
2026,,brinkley,model g,4170,dryWeightLbs,
2026,,brinkley,model g,4170,fuelCapacityGal,
2026,,brinkley,model g,4170,propaneGal,
2026,,brinkley,model g,4170,waterHeaterGal,
2026,,brinkley,model g,4170,cargoLbs,
2026,,brinkley,model g,4170,garageWidthFt,
2026,,brinkley,model g,4170,garageHeightIn,
2026,,brinkley,model g,4170,axles,
2026,,brinkley,model g,4170,tireSize,
2026,,brinkley,model g,4170,slideouts,
,2023-2026,brinkley,model t,3250,sleeps,
,2023-2026,brinkley,model t,3250,dryWeightLbs,
,2023-2026,brinkley,model t,3250,fuelCapacityGal,
,2023-2026,brinkley,model t,3250,propaneGal,
,2023-2026,brinkley,model t,3250,waterHeaterGal,
,2023-2026,brinkley,model t,3250,cargoLbs,
,2023-2026,brinkley,model t,3250,slideouts,
,2023-2026,brinkley,model t,3500,sleeps,
,2023-2026,brinkley,model t,3500,dryWeightLbs,
,2023-2026,brinkley,model t,3500,fuelCapacityGal,
,2023-2026,brinkley,model t,3500,propaneGal,
,2023-2026,brinkley,model t,3500,waterHeaterGal,
,2023-2026,brinkley,model t,3500,cargoLbs,
,2023-2026,brinkley,model t,3500,slideouts,
,2023-2026,brinkley,model t,3520,sleeps,
,2023-2026,brinkley,model t,3520,dryWeightLbs,
,2023-2026,brinkley,model t,3520,fuelCapacityGal,
,2023-2026,brinkley,model t,3520,propaneGal,
,2023-2026,brinkley,model t,3520,waterHeaterGal,
,2023-2026,brinkley,model t,3520,cargoLbs,
,2023-2026,brinkley,model t,3520,slideouts,
,2023-2026,brinkley,model t,3950,sleeps,
,2023-2026,brinkley,model t,3950,dryWeightLbs,
,2023-2026,brinkley,model t,3950,fuelCapacityGal,
,2023-2026,brinkley,model t,3950,propaneGal,
,2023-2026,brinkley,model t,3950,waterHeaterGal,
,2023-2026,brinkley,model t,3950,cargoLbs,
,2023-2026,brinkley,model t,3950,slideouts,
,2023-2026,brinkley,model t,3970,sleeps,
,2023-2026,brinkley,model t,3970,dryWeightLbs,
,2023-2026,brinkley,model t,3970,fuelCapacityGal,
,2023-2026,brinkley,model t,3970,propaneGal,
,2023-2026,brinkley,model t,3970,waterHeaterGal,
,2023-2026,brinkley,model t,3970,cargoLbs,
,2023-2026,brinkley,model t,3970,slideouts,
,2023-2026,brinkley,model t,4000,sleeps,
,2023-2026,brinkley,model t,4000,dryWeightLbs,
,2023-2026,brinkley,model t,4000,fuelCapacityGal,
,2023-2026,brinkley,model t,4000,propaneGal,
,2023-2026,brinkley,model t,4000,waterHeaterGal,
,2023-2026,brinkley,model t,4000,cargoLbs,
,2023-2026,brinkley,model t,4000,slideouts,
,2024-2026,brinkley,model t,4100,sleeps,
,2024-2026,brinkley,model t,4100,dryWeightLbs,
,2024-2026,brinkley,model t,4100,fuelCapacityGal,
,2024-2026,brinkley,model t,4100,propaneGal,
,2024-2026,brinkley,model t,4100,waterHeaterGal,
,2024-2026,brinkley,model t,4100,cargoLbs,
,2024-2026,brinkley,model t,4100,slideouts,
,2024-2027,brinkley,model t,4120,sleeps,
,2024-2027,brinkley,model t,4120,dryWeightLbs,
,2024-2027,brinkley,model t,4120,fuelCapacityGal,
,2024-2027,brinkley,model t,4120,propaneGal,
,2024-2027,brinkley,model t,4120,waterHeaterGal,
,2024-2027,brinkley,model t,4120,cargoLbs,
,2024-2027,brinkley,model t,4120,slideouts,
2026,,brinkley,model z,3100,sleeps,
2026,,brinkley,model z,3100,dryWeightLbs,
2026,,brinkley,model z,3100,fuelCapacityGal,
2026,,brinkley,model z,3100,propaneLbs,
2026,,brinkley,model z,3100,propaneGal,
2026,,brinkley,model z,3100,waterHeaterGal,
2026,,brinkley,model z,3100,cargoLbs,
2026,,brinkley,model z,3100,garageLengthFt,
2026,,brinkley,model z,3100,garageWidthFt,
2026,,brinkley,model z,3100,garageHeightIn,
2026,,brinkley,model z,3100,garageCapacityLbs,
2026,,brinkley,model z,3100,rampPatioLbs,
2026,,brinkley,model z,3100,fuelStationGal,
2026,,brinkley,model z,3100,axles,
2026,,brinkley,model z,3100,tireSize,
2026,,brinkley,model z,3100,slideouts,
2026,,brinkley,model z,3200,sleeps,
2026,,brinkley,model z,3200,dryWeightLbs,
2026,,brinkley,model z,3200,fuelCapacityGal,
2026,,brinkley,model z,3200,propaneLbs,
2026,,brinkley,model z,3200,propaneGal,
2026,,brinkley,model z,3200,waterHeaterGal,
2026,,brinkley,model z,3200,cargoLbs,
2026,,brinkley,model z,3200,garageLengthFt,
2026,,brinkley,model z,3200,garageWidthFt,
2026,,brinkley,model z,3200,garageHeightIn,
2026,,brinkley,model z,3200,garageCapacityLbs,
2026,,brinkley,model z,3200,rampPatioLbs,
2026,,brinkley,model z,3200,fuelStationGal,
2026,,brinkley,model z,3200,axles,
2026,,brinkley,model z,3200,tireSize,
2026,,brinkley,model z,3200,slideouts,
2026,,brinkley,model z,3420,sleeps,
2026,,brinkley,model z,3420,dryWeightLbs,
2026,,brinkley,model z,3420,fuelCapacityGal,
2026,,brinkley,model z,3420,propaneLbs,
2026,,brinkley,model z,3420,propaneGal,
2026,,brinkley,model z,3420,waterHeaterGal,
2026,,brinkley,model z,3420,cargoLbs,
2026,,brinkley,model z,3420,garageLengthFt,
2026,,brinkley,model z,3420,garageWidthFt,
2026,,brinkley,model z,3420,garageHeightIn,
2026,,brinkley,model z,3420,garageCapacityLbs,
2026,,brinkley,model z,3420,rampPatioLbs,
2026,,brinkley,model z,3420,fuelStationGal,
2026,,brinkley,model z,3420,axles,
2026,,brinkley,model z,3420,tireSize,
2026,,brinkley,model z,3420,slideouts,
2027,,brinkley,model z,3515,sleeps,
2027,,brinkley,model z,3515,dryWeightLbs,
2027,,brinkley,model z,3515,fuelCapacityGal,
2027,,brinkley,model z,3515,propaneLbs,
2027,,brinkley,model z,3515,propaneGal,
2027,,brinkley,model z,3515,waterHeaterGal,
2027,,brinkley,model z,3515,cargoLbs,
2027,,brinkley,model z,3515,garageLengthFt,
2027,,brinkley,model z,3515,garageWidthFt,
2027,,brinkley,model z,3515,garageHeightIn,
2027,,brinkley,model z,3515,garageCapacityLbs,
2027,,brinkley,model z,3515,rampPatioLbs,
2027,,brinkley,model z,3515,fuelStationGal,
2027,,brinkley,model z,3515,axles,
2027,,brinkley,model z,3515,tireSize,
2027,,brinkley,model z,3515,slideouts,
2026,,brinkley,model z,3600,sleeps,
2026,,brinkley,model z,3600,dryWeightLbs,
2026,,brinkley,model z,3600,fuelCapacityGal,
2026,,brinkley,model z,3600,propaneLbs,
2026,,brinkley,model z,3600,propaneGal,
2026,,brinkley,model z,3600,waterHeaterGal,
2026,,brinkley,model z,3600,cargoLbs,
2026,,brinkley,model z,3600,garageLengthFt,
2026,,brinkley,model z,3600,garageWidthFt,
2026,,brinkley,model z,3600,garageHeightIn,
2026,,brinkley,model z,3600,garageCapacityLbs,
2026,,brinkley,model z,3600,rampPatioLbs,
2026,,brinkley,model z,3600,fuelStationGal,
2026,,brinkley,model z,3600,axles,
2026,,brinkley,model z,3600,tireSize,
2026,,brinkley,model z,3600,slideouts,
2027,,brinkley,model z,3610,sleeps,
2027,,brinkley,model z,3610,dryWeightLbs,
2027,,brinkley,model z,3610,fuelCapacityGal,
2027,,brinkley,model z,3610,propaneLbs,
2027,,brinkley,model z,3610,propaneGal,
2027,,brinkley,model z,3610,waterHeaterGal,
2027,,brinkley,model z,3610,cargoLbs,
2027,,brinkley,model z,3610,garageLengthFt,
2027,,brinkley,model z,3610,garageWidthFt,
2027,,brinkley,model z,3610,garageHeightIn,
2027,,brinkley,model z,3610,garageCapacityLbs,
2027,,brinkley,model z,3610,rampPatioLbs,
2027,,brinkley,model z,3610,fuelStationGal,
2027,,brinkley,model z,3610,axles,
2027,,brinkley,model z,3610,tireSize,
2027,,brinkley,model z,3610,slideouts,
,2020-2026,coach house,platinum ii,240SQ,sleeps,
,2020-2026,coach house,platinum ii,240SQ,dryWeightLbs,
,2020-2026,coach house,platinum ii,240SQ,fuelCapacityGal,
,2020-2026,coach house,platinum ii,240SQ,propaneLbs,
,2020-2026,coach house,platinum ii,240SQ,propaneGal,
,2020-2026,coach house,platinum ii,240SQ,waterHeaterGal,
,2020-2026,coach house,platinum ii,240SQ,cargoLbs,
,2020-2026,coach house,platinum ii,240SQ,garageLengthFt,
,2020-2026,coach house,platinum ii,240SQ,garageWidthFt,
,2020-2026,coach house,platinum ii,240SQ,garageHeightIn,
,2020-2026,coach house,platinum ii,240SQ,garageCapacityLbs,
,2020-2026,coach house,platinum ii,240SQ,rampPatioLbs,
,2020-2026,coach house,platinum ii,240SQ,fuelStationGal,
,2020-2026,coach house,platinum ii,240SQ,axles,
,2020-2026,coach house,platinum ii,240SQ,tireSize,
,2020-2026,coach house,platinum ii,240SQ,slideouts,
,2020-2026,coach house,platinum ii,241XL SQ,sleeps,
,2020-2026,coach house,platinum ii,241XL SQ,dryWeightLbs,
,2020-2026,coach house,platinum ii,241XL SQ,fuelCapacityGal,
,2020-2026,coach house,platinum ii,241XL SQ,propaneLbs,
,2020-2026,coach house,platinum ii,241XL SQ,propaneGal,
,2020-2026,coach house,platinum ii,241XL SQ,waterHeaterGal,
,2020-2026,coach house,platinum ii,241XL SQ,cargoLbs,
,2020-2026,coach house,platinum ii,241XL SQ,garageLengthFt,
,2020-2026,coach house,platinum ii,241XL SQ,garageWidthFt,
,2020-2026,coach house,platinum ii,241XL SQ,garageHeightIn,
,2020-2026,coach house,platinum ii,241XL SQ,garageCapacityLbs,
,2020-2026,coach house,platinum ii,241XL SQ,rampPatioLbs,
,2020-2026,coach house,platinum ii,241XL SQ,fuelStationGal,
,2020-2026,coach house,platinum ii,241XL SQ,axles,
,2020-2026,coach house,platinum ii,241XL SQ,tireSize,
,2020-2026,coach house,platinum ii,241XL SQ,slideouts,
2021,,coachmen,freedom express ultra lite,238BHS,sleeps,
2021,,coachmen,freedom express ultra lite,238BHS,dryWeightLbs,
2021,,coachmen,freedom express ultra lite,238BHS,fuelCapacityGal,
2021,,coachmen,freedom express ultra lite,238BHS,propaneGal,
2021,,coachmen,freedom express ultra lite,238BHS,waterHeaterGal,
2021,,coachmen,freedom express ultra lite,238BHS,cargoLbs,
2021,,coachmen,freedom express ultra lite,238BHS,garageLengthFt,
2021,,coachmen,freedom express ultra lite,238BHS,garageWidthFt,
2021,,coachmen,freedom express ultra lite,238BHS,garageHeightIn,
2021,,coachmen,freedom express ultra lite,238BHS,garageCapacityLbs,
2021,,coachmen,freedom express ultra lite,238BHS,rampPatioLbs,
2021,,coachmen,freedom express ultra lite,238BHS,fuelStationGal,
2021,,coachmen,freedom express ultra lite,238BHS,axles,
2021,,coachmen,freedom express ultra lite,238BHS,tireSize,
2021,,coachmen,freedom express ultra lite,238BHS,slideouts,
,2025-2026,coachmen,freelander,26DS,uvwLbs,
,2025-2026,coachmen,freelander,26DS,length,
,2025-2026,coachmen,freelander,26DS,exteriorHeightIn,
,2025-2026,coachmen,freelander,26DS,exteriorWidthIn,
,2025-2026,coachmen,freelander,26DS,interiorHeightIn,
,2025-2026,coachmen,freelander,26DS,sleeps,
,2025-2026,coachmen,freelander,26DS,dryWeightLbs,
,2025-2026,coachmen,freelander,26DS,hitchLbs,
,2025-2026,coachmen,freelander,26DS,fuelCapacityGal,
,2025-2026,coachmen,freelander,26DS,freshWater,
,2025-2026,coachmen,freelander,26DS,grayWater,
,2025-2026,coachmen,freelander,26DS,blackWater,
,2025-2026,coachmen,freelander,26DS,propaneLbs,
,2025-2026,coachmen,freelander,26DS,propaneGal,
,2025-2026,coachmen,freelander,26DS,waterHeaterGal,
,2025-2026,coachmen,freelander,26DS,cargoLbs,
,2025-2026,coachmen,freelander,26DS,garageLengthFt,
,2025-2026,coachmen,freelander,26DS,garageWidthFt,
,2025-2026,coachmen,freelander,26DS,garageHeightIn,
,2025-2026,coachmen,freelander,26DS,garageCapacityLbs,
,2025-2026,coachmen,freelander,26DS,rampPatioLbs,
,2025-2026,coachmen,freelander,26DS,fuelStationGal,
,2025-2026,coachmen,freelander,26DS,axles,
,2025-2026,coachmen,freelander,26DS,tireSize,
,2025-2026,coachmen,freelander,26DS,slideouts,
,2020-2026,coachmen,galleria,24A,sleeps,
,2020-2026,coachmen,galleria,24A,dryWeightLbs,
,2020-2026,coachmen,galleria,24A,fuelCapacityGal,
,2020-2026,coachmen,galleria,24A,propaneLbs,
,2020-2026,coachmen,galleria,24A,propaneGal,
,2020-2026,coachmen,galleria,24A,waterHeaterGal,
,2020-2026,coachmen,galleria,24A,cargoLbs,
,2020-2026,coachmen,galleria,24A,garageLengthFt,
,2020-2026,coachmen,galleria,24A,garageWidthFt,
,2020-2026,coachmen,galleria,24A,garageHeightIn,
,2020-2026,coachmen,galleria,24A,garageCapacityLbs,
,2020-2026,coachmen,galleria,24A,rampPatioLbs,
,2020-2026,coachmen,galleria,24A,fuelStationGal,
,2020-2026,coachmen,galleria,24A,axles,
,2020-2026,coachmen,galleria,24A,tireSize,
,2020-2026,coachmen,galleria,24A,slideouts,
,2020-2026,coachmen,galleria,24T,sleeps,
,2020-2026,coachmen,galleria,24T,dryWeightLbs,
,2020-2026,coachmen,galleria,24T,fuelCapacityGal,
,2020-2026,coachmen,galleria,24T,propaneLbs,
,2020-2026,coachmen,galleria,24T,propaneGal,
,2020-2026,coachmen,galleria,24T,waterHeaterGal,
,2020-2026,coachmen,galleria,24T,cargoLbs,
,2020-2026,coachmen,galleria,24T,garageLengthFt,
,2020-2026,coachmen,galleria,24T,garageWidthFt,
,2020-2026,coachmen,galleria,24T,garageHeightIn,
,2020-2026,coachmen,galleria,24T,garageCapacityLbs,
,2020-2026,coachmen,galleria,24T,rampPatioLbs,
,2020-2026,coachmen,galleria,24T,fuelStationGal,
,2020-2026,coachmen,galleria,24T,axles,
,2020-2026,coachmen,galleria,24T,tireSize,
,2020-2026,coachmen,galleria,24T,slideouts,
2025,,coachmen,leprechaun,260DS,uvwLbs,
2025,,coachmen,leprechaun,260DS,length,
2025,,coachmen,leprechaun,260DS,exteriorHeightIn,
2025,,coachmen,leprechaun,260DS,exteriorWidthIn,
2025,,coachmen,leprechaun,260DS,interiorHeightIn,
2025,,coachmen,leprechaun,260DS,sleeps,
2025,,coachmen,leprechaun,260DS,dryWeightLbs,
2025,,coachmen,leprechaun,260DS,hitchLbs,
2025,,coachmen,leprechaun,260DS,fuelCapacityGal,
2025,,coachmen,leprechaun,260DS,freshWater,
2025,,coachmen,leprechaun,260DS,grayWater,
2025,,coachmen,leprechaun,260DS,blackWater,
2025,,coachmen,leprechaun,260DS,propaneLbs,
2025,,coachmen,leprechaun,260DS,propaneGal,
2025,,coachmen,leprechaun,260DS,waterHeaterGal,
2025,,coachmen,leprechaun,260DS,cargoLbs,
2025,,coachmen,leprechaun,260DS,garageLengthFt,
2025,,coachmen,leprechaun,260DS,garageWidthFt,
2025,,coachmen,leprechaun,260DS,garageHeightIn,
2025,,coachmen,leprechaun,260DS,garageCapacityLbs,
2025,,coachmen,leprechaun,260DS,rampPatioLbs,
2025,,coachmen,leprechaun,260DS,fuelStationGal,
2025,,coachmen,leprechaun,260DS,axles,
2025,,coachmen,leprechaun,260DS,tireSize,
2025,,coachmen,leprechaun,260DS,slideouts,
,2020-2026,coachmen,leprechaun,260FS,sleeps,
,2020-2026,coachmen,leprechaun,260FS,dryWeightLbs,
,2020-2026,coachmen,leprechaun,260FS,fuelCapacityGal,
,2020-2026,coachmen,leprechaun,260FS,propaneLbs,
,2020-2026,coachmen,leprechaun,260FS,propaneGal,
,2020-2026,coachmen,leprechaun,260FS,waterHeaterGal,
,2020-2026,coachmen,leprechaun,260FS,cargoLbs,
,2020-2026,coachmen,leprechaun,260FS,garageLengthFt,
,2020-2026,coachmen,leprechaun,260FS,garageWidthFt,
,2020-2026,coachmen,leprechaun,260FS,garageHeightIn,
,2020-2026,coachmen,leprechaun,260FS,garageCapacityLbs,
,2020-2026,coachmen,leprechaun,260FS,rampPatioLbs,
,2020-2026,coachmen,leprechaun,260FS,fuelStationGal,
,2020-2026,coachmen,leprechaun,260FS,axles,
,2020-2026,coachmen,leprechaun,260FS,tireSize,
,2020-2026,coachmen,leprechaun,260FS,slideouts,
2025,,coachmen,leprechaun,298KB,uvwLbs,
2025,,coachmen,leprechaun,298KB,length,
2025,,coachmen,leprechaun,298KB,exteriorHeightIn,
2025,,coachmen,leprechaun,298KB,exteriorWidthIn,
2025,,coachmen,leprechaun,298KB,interiorHeightIn,
2025,,coachmen,leprechaun,298KB,sleeps,
2025,,coachmen,leprechaun,298KB,dryWeightLbs,
2025,,coachmen,leprechaun,298KB,hitchLbs,
2025,,coachmen,leprechaun,298KB,fuelCapacityGal,
2025,,coachmen,leprechaun,298KB,freshWater,
2025,,coachmen,leprechaun,298KB,grayWater,
2025,,coachmen,leprechaun,298KB,blackWater,
2025,,coachmen,leprechaun,298KB,propaneLbs,
2025,,coachmen,leprechaun,298KB,propaneGal,
2025,,coachmen,leprechaun,298KB,waterHeaterGal,
2025,,coachmen,leprechaun,298KB,cargoLbs,
2025,,coachmen,leprechaun,298KB,garageLengthFt,
2025,,coachmen,leprechaun,298KB,garageWidthFt,
2025,,coachmen,leprechaun,298KB,garageHeightIn,
2025,,coachmen,leprechaun,298KB,garageCapacityLbs,
2025,,coachmen,leprechaun,298KB,rampPatioLbs,
2025,,coachmen,leprechaun,298KB,fuelStationGal,
2025,,coachmen,leprechaun,298KB,axles,
2025,,coachmen,leprechaun,298KB,tireSize,
2025,,coachmen,leprechaun,298KB,slideouts,
,2020-2026,coachmen,leprechaun,319MB,sleeps,
,2020-2026,coachmen,leprechaun,319MB,dryWeightLbs,
,2020-2026,coachmen,leprechaun,319MB,fuelCapacityGal,
,2020-2026,coachmen,leprechaun,319MB,propaneLbs,
,2020-2026,coachmen,leprechaun,319MB,propaneGal,
,2020-2026,coachmen,leprechaun,319MB,waterHeaterGal,
,2020-2026,coachmen,leprechaun,319MB,cargoLbs,
,2020-2026,coachmen,leprechaun,319MB,garageLengthFt,
,2020-2026,coachmen,leprechaun,319MB,garageWidthFt,
,2020-2026,coachmen,leprechaun,319MB,garageHeightIn,
,2020-2026,coachmen,leprechaun,319MB,garageCapacityLbs,
,2020-2026,coachmen,leprechaun,319MB,rampPatioLbs,
,2020-2026,coachmen,leprechaun,319MB,fuelStationGal,
,2020-2026,coachmen,leprechaun,319MB,axles,
,2020-2026,coachmen,leprechaun,319MB,tireSize,
,2020-2026,coachmen,leprechaun,319MB,slideouts,
2025,,coachmen,leprechaun,319MB,sleeps,
2025,,coachmen,leprechaun,319MB,dryWeightLbs,
2025,,coachmen,leprechaun,319MB,fuelCapacityGal,
2025,,coachmen,leprechaun,319MB,propaneLbs,
2025,,coachmen,leprechaun,319MB,propaneGal,
2025,,coachmen,leprechaun,319MB,waterHeaterGal,
2025,,coachmen,leprechaun,319MB,cargoLbs,
2025,,coachmen,leprechaun,319MB,garageLengthFt,
2025,,coachmen,leprechaun,319MB,garageWidthFt,
2025,,coachmen,leprechaun,319MB,garageHeightIn,
2025,,coachmen,leprechaun,319MB,garageCapacityLbs,
2025,,coachmen,leprechaun,319MB,rampPatioLbs,
2025,,coachmen,leprechaun,319MB,fuelStationGal,
2025,,coachmen,leprechaun,319MB,axles,
2025,,coachmen,leprechaun,319MB,tireSize,
2025,,coachmen,leprechaun,319MB,slideouts,
,2024-2026,coachmen,mirada,29FW,uvwLbs,
,2024-2026,coachmen,mirada,29FW,length,
,2024-2026,coachmen,mirada,29FW,exteriorHeightIn,
,2024-2026,coachmen,mirada,29FW,exteriorWidthIn,
,2024-2026,coachmen,mirada,29FW,interiorHeightIn,
,2024-2026,coachmen,mirada,29FW,sleeps,
,2024-2026,coachmen,mirada,29FW,dryWeightLbs,
,2024-2026,coachmen,mirada,29FW,hitchLbs,
,2024-2026,coachmen,mirada,29FW,fuelCapacityGal,
,2024-2026,coachmen,mirada,29FW,freshWater,
,2024-2026,coachmen,mirada,29FW,grayWater,
,2024-2026,coachmen,mirada,29FW,blackWater,
,2024-2026,coachmen,mirada,29FW,propaneLbs,
,2024-2026,coachmen,mirada,29FW,propaneGal,
,2024-2026,coachmen,mirada,29FW,waterHeaterGal,
,2024-2026,coachmen,mirada,29FW,cargoLbs,
,2024-2026,coachmen,mirada,29FW,garageLengthFt,
,2024-2026,coachmen,mirada,29FW,garageWidthFt,
,2024-2026,coachmen,mirada,29FW,garageHeightIn,
,2024-2026,coachmen,mirada,29FW,garageCapacityLbs,
,2024-2026,coachmen,mirada,29FW,rampPatioLbs,
,2024-2026,coachmen,mirada,29FW,fuelStationGal,
,2024-2026,coachmen,mirada,29FW,axles,
,2024-2026,coachmen,mirada,29FW,tireSize,
,2024-2026,coachmen,mirada,29FW,slideouts,
,2012-2022,coachmen,mirada,35OS,uvwLbs,
,2012-2022,coachmen,mirada,35OS,length,
,2012-2022,coachmen,mirada,35OS,exteriorHeightIn,
,2012-2022,coachmen,mirada,35OS,exteriorWidthIn,
,2012-2022,coachmen,mirada,35OS,interiorHeightIn,
,2012-2022,coachmen,mirada,35OS,sleeps,
,2012-2022,coachmen,mirada,35OS,dryWeightLbs,
,2012-2022,coachmen,mirada,35OS,hitchLbs,
,2012-2022,coachmen,mirada,35OS,fuelCapacityGal,
,2012-2022,coachmen,mirada,35OS,freshWater,
,2012-2022,coachmen,mirada,35OS,grayWater,
,2012-2022,coachmen,mirada,35OS,blackWater,
,2012-2022,coachmen,mirada,35OS,propaneLbs,
,2012-2022,coachmen,mirada,35OS,propaneGal,
,2012-2022,coachmen,mirada,35OS,waterHeaterGal,
,2012-2022,coachmen,mirada,35OS,cargoLbs,
,2012-2022,coachmen,mirada,35OS,garageLengthFt,
,2012-2022,coachmen,mirada,35OS,garageWidthFt,
,2012-2022,coachmen,mirada,35OS,garageHeightIn,
,2012-2022,coachmen,mirada,35OS,garageCapacityLbs,
,2012-2022,coachmen,mirada,35OS,rampPatioLbs,
,2012-2022,coachmen,mirada,35OS,fuelStationGal,
,2012-2022,coachmen,mirada,35OS,axles,
,2012-2022,coachmen,mirada,35OS,tireSize,
,2012-2022,coachmen,mirada,35OS,slideouts,
,2024-2026,coachmen,pursuit,29SS,uvwLbs,
,2024-2026,coachmen,pursuit,29SS,length,
,2024-2026,coachmen,pursuit,29SS,exteriorHeightIn,
,2024-2026,coachmen,pursuit,29SS,exteriorWidthIn,
,2024-2026,coachmen,pursuit,29SS,interiorHeightIn,
,2024-2026,coachmen,pursuit,29SS,sleeps,
,2024-2026,coachmen,pursuit,29SS,dryWeightLbs,
,2024-2026,coachmen,pursuit,29SS,hitchLbs,
,2024-2026,coachmen,pursuit,29SS,fuelCapacityGal,
,2024-2026,coachmen,pursuit,29SS,freshWater,
,2024-2026,coachmen,pursuit,29SS,grayWater,
,2024-2026,coachmen,pursuit,29SS,blackWater,
,2024-2026,coachmen,pursuit,29SS,propaneLbs,
,2024-2026,coachmen,pursuit,29SS,propaneGal,
,2024-2026,coachmen,pursuit,29SS,waterHeaterGal,
,2024-2026,coachmen,pursuit,29SS,cargoLbs,
,2024-2026,coachmen,pursuit,29SS,garageLengthFt,
,2024-2026,coachmen,pursuit,29SS,garageWidthFt,
,2024-2026,coachmen,pursuit,29SS,garageHeightIn,
,2024-2026,coachmen,pursuit,29SS,garageCapacityLbs,
,2024-2026,coachmen,pursuit,29SS,rampPatioLbs,
,2024-2026,coachmen,pursuit,29SS,fuelStationGal,
,2024-2026,coachmen,pursuit,29SS,axles,
,2024-2026,coachmen,pursuit,29SS,tireSize,
,2024-2026,coachmen,pursuit,29SS,slideouts,
,2020-2026,dutchmen,kodiak,263BHSL,sleeps,
,2020-2026,dutchmen,kodiak,263BHSL,dryWeightLbs,
,2020-2026,dutchmen,kodiak,263BHSL,fuelCapacityGal,
,2020-2026,dutchmen,kodiak,263BHSL,propaneGal,
,2020-2026,dutchmen,kodiak,263BHSL,waterHeaterGal,
,2020-2026,dutchmen,kodiak,263BHSL,cargoLbs,
,2020-2026,dutchmen,kodiak,263BHSL,garageLengthFt,
,2020-2026,dutchmen,kodiak,263BHSL,garageWidthFt,
,2020-2026,dutchmen,kodiak,263BHSL,garageHeightIn,
,2020-2026,dutchmen,kodiak,263BHSL,garageCapacityLbs,
,2020-2026,dutchmen,kodiak,263BHSL,rampPatioLbs,
,2020-2026,dutchmen,kodiak,263BHSL,fuelStationGal,
,2020-2026,dutchmen,kodiak,263BHSL,axles,
,2020-2026,dutchmen,kodiak,263BHSL,tireSize,
,2020-2026,dutchmen,kodiak,263BHSL,slideouts,
2026,,east to west,ahara,325RL,length,
2026,,east to west,ahara,325RL,exteriorHeightIn,
2026,,east to west,ahara,325RL,exteriorWidthIn,
2026,,east to west,ahara,325RL,interiorHeightIn,
2026,,east to west,ahara,325RL,sleeps,
2026,,east to west,ahara,325RL,dryWeightLbs,
2026,,east to west,ahara,325RL,hitchLbs,
2026,,east to west,ahara,325RL,fuelCapacityGal,
2026,,east to west,ahara,325RL,freshWater,
2026,,east to west,ahara,325RL,grayWater,
2026,,east to west,ahara,325RL,blackWater,
2026,,east to west,ahara,325RL,propaneLbs,
2026,,east to west,ahara,325RL,propaneGal,
2026,,east to west,ahara,325RL,waterHeaterGal,
2026,,east to west,ahara,325RL,cargoLbs,
2026,,east to west,ahara,325RL,garageLengthFt,
2026,,east to west,ahara,325RL,garageWidthFt,
2026,,east to west,ahara,325RL,garageHeightIn,
2026,,east to west,ahara,325RL,garageCapacityLbs,
2026,,east to west,ahara,325RL,rampPatioLbs,
2026,,east to west,ahara,325RL,fuelStationGal,
2026,,east to west,ahara,325RL,axles,
2026,,east to west,ahara,325RL,tireSize,
2026,,east to west,ahara,325RL,slideouts,
2026,,east to west,alta,1600MRB-LE,gvwrLbs,
2026,,east to west,alta,1600MRB-LE,length,
2026,,east to west,alta,1600MRB-LE,exteriorHeightIn,
2026,,east to west,alta,1600MRB-LE,exteriorWidthIn,
2026,,east to west,alta,1600MRB-LE,interiorHeightIn,
2026,,east to west,alta,1600MRB-LE,sleeps,
2026,,east to west,alta,1600MRB-LE,dryWeightLbs,
2026,,east to west,alta,1600MRB-LE,hitchLbs,
2026,,east to west,alta,1600MRB-LE,fuelCapacityGal,
2026,,east to west,alta,1600MRB-LE,freshWater,
2026,,east to west,alta,1600MRB-LE,grayWater,
2026,,east to west,alta,1600MRB-LE,blackWater,
2026,,east to west,alta,1600MRB-LE,propaneLbs,
2026,,east to west,alta,1600MRB-LE,propaneGal,
2026,,east to west,alta,1600MRB-LE,waterHeaterGal,
2026,,east to west,alta,1600MRB-LE,cargoLbs,
2026,,east to west,alta,1600MRB-LE,garageLengthFt,
2026,,east to west,alta,1600MRB-LE,garageWidthFt,
2026,,east to west,alta,1600MRB-LE,garageHeightIn,
2026,,east to west,alta,1600MRB-LE,garageCapacityLbs,
2026,,east to west,alta,1600MRB-LE,rampPatioLbs,
2026,,east to west,alta,1600MRB-LE,fuelStationGal,
2026,,east to west,alta,1600MRB-LE,axles,
2026,,east to west,alta,1600MRB-LE,tireSize,
2026,,east to west,alta,1600MRB-LE,slideouts,
2026,,east to west,alta,1800MBH-LE,gvwrLbs,
2026,,east to west,alta,1800MBH-LE,length,
2026,,east to west,alta,1800MBH-LE,exteriorHeightIn,
2026,,east to west,alta,1800MBH-LE,exteriorWidthIn,
2026,,east to west,alta,1800MBH-LE,interiorHeightIn,
2026,,east to west,alta,1800MBH-LE,sleeps,
2026,,east to west,alta,1800MBH-LE,dryWeightLbs,
2026,,east to west,alta,1800MBH-LE,hitchLbs,
2026,,east to west,alta,1800MBH-LE,fuelCapacityGal,
2026,,east to west,alta,1800MBH-LE,freshWater,
2026,,east to west,alta,1800MBH-LE,grayWater,
2026,,east to west,alta,1800MBH-LE,blackWater,
2026,,east to west,alta,1800MBH-LE,propaneLbs,
2026,,east to west,alta,1800MBH-LE,propaneGal,
2026,,east to west,alta,1800MBH-LE,waterHeaterGal,
2026,,east to west,alta,1800MBH-LE,cargoLbs,
2026,,east to west,alta,1800MBH-LE,garageLengthFt,
2026,,east to west,alta,1800MBH-LE,garageWidthFt,
2026,,east to west,alta,1800MBH-LE,garageHeightIn,
2026,,east to west,alta,1800MBH-LE,garageCapacityLbs,
2026,,east to west,alta,1800MBH-LE,rampPatioLbs,
2026,,east to west,alta,1800MBH-LE,fuelStationGal,
2026,,east to west,alta,1800MBH-LE,axles,
2026,,east to west,alta,1800MBH-LE,tireSize,
2026,,east to west,alta,1800MBH-LE,slideouts,
2026,,east to west,alta,1900MMK,gvwrLbs,
2026,,east to west,alta,1900MMK,length,
2026,,east to west,alta,1900MMK,exteriorHeightIn,
2026,,east to west,alta,1900MMK,exteriorWidthIn,
2026,,east to west,alta,1900MMK,interiorHeightIn,
2026,,east to west,alta,1900MMK,sleeps,
2026,,east to west,alta,1900MMK,dryWeightLbs,
2026,,east to west,alta,1900MMK,hitchLbs,
2026,,east to west,alta,1900MMK,fuelCapacityGal,
2026,,east to west,alta,1900MMK,freshWater,
2026,,east to west,alta,1900MMK,grayWater,
2026,,east to west,alta,1900MMK,blackWater,
2026,,east to west,alta,1900MMK,propaneLbs,
2026,,east to west,alta,1900MMK,propaneGal,
2026,,east to west,alta,1900MMK,waterHeaterGal,
2026,,east to west,alta,1900MMK,cargoLbs,
2026,,east to west,alta,1900MMK,garageLengthFt,
2026,,east to west,alta,1900MMK,garageWidthFt,
2026,,east to west,alta,1900MMK,garageHeightIn,
2026,,east to west,alta,1900MMK,garageCapacityLbs,
2026,,east to west,alta,1900MMK,rampPatioLbs,
2026,,east to west,alta,1900MMK,fuelStationGal,
2026,,east to west,alta,1900MMK,axles,
2026,,east to west,alta,1900MMK,tireSize,
2026,,east to west,alta,1900MMK,slideouts,
2026,,east to west,alta,2375KRK,gvwrLbs,
2026,,east to west,alta,2375KRK,length,
2026,,east to west,alta,2375KRK,exteriorHeightIn,
2026,,east to west,alta,2375KRK,exteriorWidthIn,
2026,,east to west,alta,2375KRK,interiorHeightIn,
2026,,east to west,alta,2375KRK,sleeps,
2026,,east to west,alta,2375KRK,dryWeightLbs,
2026,,east to west,alta,2375KRK,hitchLbs,
2026,,east to west,alta,2375KRK,fuelCapacityGal,
2026,,east to west,alta,2375KRK,freshWater,
2026,,east to west,alta,2375KRK,grayWater,
2026,,east to west,alta,2375KRK,blackWater,
2026,,east to west,alta,2375KRK,propaneLbs,
2026,,east to west,alta,2375KRK,propaneGal,
2026,,east to west,alta,2375KRK,waterHeaterGal,
2026,,east to west,alta,2375KRK,cargoLbs,
2026,,east to west,alta,2375KRK,garageLengthFt,
2026,,east to west,alta,2375KRK,garageWidthFt,
2026,,east to west,alta,2375KRK,garageHeightIn,
2026,,east to west,alta,2375KRK,garageCapacityLbs,
2026,,east to west,alta,2375KRK,rampPatioLbs,
2026,,east to west,alta,2375KRK,fuelStationGal,
2026,,east to west,alta,2375KRK,axles,
2026,,east to west,alta,2375KRK,tireSize,
2026,,east to west,alta,2375KRK,slideouts,
2026,,east to west,alta,2400KTH,gvwrLbs,
2026,,east to west,alta,2400KTH,length,
2026,,east to west,alta,2400KTH,exteriorHeightIn,
2026,,east to west,alta,2400KTH,exteriorWidthIn,
2026,,east to west,alta,2400KTH,interiorHeightIn,
2026,,east to west,alta,2400KTH,sleeps,
2026,,east to west,alta,2400KTH,dryWeightLbs,
2026,,east to west,alta,2400KTH,hitchLbs,
2026,,east to west,alta,2400KTH,fuelCapacityGal,
2026,,east to west,alta,2400KTH,freshWater,
2026,,east to west,alta,2400KTH,grayWater,
2026,,east to west,alta,2400KTH,blackWater,
2026,,east to west,alta,2400KTH,propaneLbs,
2026,,east to west,alta,2400KTH,propaneGal,
2026,,east to west,alta,2400KTH,waterHeaterGal,
2026,,east to west,alta,2400KTH,cargoLbs,
2026,,east to west,alta,2400KTH,garageLengthFt,
2026,,east to west,alta,2400KTH,garageWidthFt,
2026,,east to west,alta,2400KTH,garageHeightIn,
2026,,east to west,alta,2400KTH,garageCapacityLbs,
2026,,east to west,alta,2400KTH,rampPatioLbs,
2026,,east to west,alta,2400KTH,fuelStationGal,
2026,,east to west,alta,2400KTH,axles,
2026,,east to west,alta,2400KTH,tireSize,
2026,,east to west,alta,2400KTH,slideouts,
2026,,east to west,alta,2410KML,gvwrLbs,
2026,,east to west,alta,2410KML,length,
2026,,east to west,alta,2410KML,exteriorHeightIn,
2026,,east to west,alta,2410KML,exteriorWidthIn,
2026,,east to west,alta,2410KML,interiorHeightIn,
2026,,east to west,alta,2410KML,sleeps,
2026,,east to west,alta,2410KML,dryWeightLbs,
2026,,east to west,alta,2410KML,hitchLbs,
2026,,east to west,alta,2410KML,fuelCapacityGal,
2026,,east to west,alta,2410KML,freshWater,
2026,,east to west,alta,2410KML,grayWater,
2026,,east to west,alta,2410KML,blackWater,
2026,,east to west,alta,2410KML,propaneLbs,
2026,,east to west,alta,2410KML,propaneGal,
2026,,east to west,alta,2410KML,waterHeaterGal,
2026,,east to west,alta,2410KML,cargoLbs,
2026,,east to west,alta,2410KML,garageLengthFt,
2026,,east to west,alta,2410KML,garageWidthFt,
2026,,east to west,alta,2410KML,garageHeightIn,
2026,,east to west,alta,2410KML,garageCapacityLbs,
2026,,east to west,alta,2410KML,rampPatioLbs,
2026,,east to west,alta,2410KML,fuelStationGal,
2026,,east to west,alta,2410KML,axles,
2026,,east to west,alta,2410KML,tireSize,
2026,,east to west,alta,2410KML,slideouts,
2026,,east to west,alta,2475KBH,gvwrLbs,
2026,,east to west,alta,2475KBH,length,
2026,,east to west,alta,2475KBH,exteriorHeightIn,
2026,,east to west,alta,2475KBH,exteriorWidthIn,
2026,,east to west,alta,2475KBH,interiorHeightIn,
2026,,east to west,alta,2475KBH,sleeps,
2026,,east to west,alta,2475KBH,dryWeightLbs,
2026,,east to west,alta,2475KBH,hitchLbs,
2026,,east to west,alta,2475KBH,fuelCapacityGal,
2026,,east to west,alta,2475KBH,freshWater,
2026,,east to west,alta,2475KBH,grayWater,
2026,,east to west,alta,2475KBH,blackWater,
2026,,east to west,alta,2475KBH,propaneLbs,
2026,,east to west,alta,2475KBH,propaneGal,
2026,,east to west,alta,2475KBH,waterHeaterGal,
2026,,east to west,alta,2475KBH,cargoLbs,
2026,,east to west,alta,2475KBH,garageLengthFt,
2026,,east to west,alta,2475KBH,garageWidthFt,
2026,,east to west,alta,2475KBH,garageHeightIn,
2026,,east to west,alta,2475KBH,garageCapacityLbs,
2026,,east to west,alta,2475KBH,rampPatioLbs,
2026,,east to west,alta,2475KBH,fuelStationGal,
2026,,east to west,alta,2475KBH,axles,
2026,,east to west,alta,2475KBH,tireSize,
2026,,east to west,alta,2475KBH,slideouts,
2026,,east to west,alta,2600KRB,gvwrLbs,
2026,,east to west,alta,2600KRB,length,
2026,,east to west,alta,2600KRB,exteriorHeightIn,
2026,,east to west,alta,2600KRB,exteriorWidthIn,
2026,,east to west,alta,2600KRB,interiorHeightIn,
2026,,east to west,alta,2600KRB,sleeps,
2026,,east to west,alta,2600KRB,dryWeightLbs,
2026,,east to west,alta,2600KRB,hitchLbs,
2026,,east to west,alta,2600KRB,fuelCapacityGal,
2026,,east to west,alta,2600KRB,freshWater,
2026,,east to west,alta,2600KRB,grayWater,
2026,,east to west,alta,2600KRB,blackWater,
2026,,east to west,alta,2600KRB,propaneLbs,
2026,,east to west,alta,2600KRB,propaneGal,
2026,,east to west,alta,2600KRB,waterHeaterGal,
2026,,east to west,alta,2600KRB,cargoLbs,
2026,,east to west,alta,2600KRB,garageLengthFt,
2026,,east to west,alta,2600KRB,garageWidthFt,
2026,,east to west,alta,2600KRB,garageHeightIn,
2026,,east to west,alta,2600KRB,garageCapacityLbs,
2026,,east to west,alta,2600KRB,rampPatioLbs,
2026,,east to west,alta,2600KRB,fuelStationGal,
2026,,east to west,alta,2600KRB,axles,
2026,,east to west,alta,2600KRB,tireSize,
2026,,east to west,alta,2600KRB,slideouts,
2026,,east to west,alta,2650KRD,gvwrLbs,
2026,,east to west,alta,2650KRD,length,
2026,,east to west,alta,2650KRD,exteriorHeightIn,
2026,,east to west,alta,2650KRD,exteriorWidthIn,
2026,,east to west,alta,2650KRD,interiorHeightIn,
2026,,east to west,alta,2650KRD,sleeps,
2026,,east to west,alta,2650KRD,dryWeightLbs,
2026,,east to west,alta,2650KRD,hitchLbs,
2026,,east to west,alta,2650KRD,fuelCapacityGal,
2026,,east to west,alta,2650KRD,freshWater,
2026,,east to west,alta,2650KRD,grayWater,
2026,,east to west,alta,2650KRD,blackWater,
2026,,east to west,alta,2650KRD,propaneLbs,
2026,,east to west,alta,2650KRD,propaneGal,
2026,,east to west,alta,2650KRD,waterHeaterGal,
2026,,east to west,alta,2650KRD,cargoLbs,
2026,,east to west,alta,2650KRD,garageLengthFt,
2026,,east to west,alta,2650KRD,garageWidthFt,
2026,,east to west,alta,2650KRD,garageHeightIn,
2026,,east to west,alta,2650KRD,garageCapacityLbs,
2026,,east to west,alta,2650KRD,rampPatioLbs,
2026,,east to west,alta,2650KRD,fuelStationGal,
2026,,east to west,alta,2650KRD,axles,
2026,,east to west,alta,2650KRD,tireSize,
2026,,east to west,alta,2650KRD,slideouts,
2026,,east to west,alta,2775KFK,gvwrLbs,
2026,,east to west,alta,2775KFK,length,
2026,,east to west,alta,2775KFK,exteriorHeightIn,
2026,,east to west,alta,2775KFK,exteriorWidthIn,
2026,,east to west,alta,2775KFK,interiorHeightIn,
2026,,east to west,alta,2775KFK,sleeps,
2026,,east to west,alta,2775KFK,dryWeightLbs,
2026,,east to west,alta,2775KFK,hitchLbs,
2026,,east to west,alta,2775KFK,fuelCapacityGal,
2026,,east to west,alta,2775KFK,freshWater,
2026,,east to west,alta,2775KFK,grayWater,
2026,,east to west,alta,2775KFK,blackWater,
2026,,east to west,alta,2775KFK,propaneLbs,
2026,,east to west,alta,2775KFK,propaneGal,
2026,,east to west,alta,2775KFK,waterHeaterGal,
2026,,east to west,alta,2775KFK,cargoLbs,
2026,,east to west,alta,2775KFK,garageLengthFt,
2026,,east to west,alta,2775KFK,garageWidthFt,
2026,,east to west,alta,2775KFK,garageHeightIn,
2026,,east to west,alta,2775KFK,garageCapacityLbs,
2026,,east to west,alta,2775KFK,rampPatioLbs,
2026,,east to west,alta,2775KFK,fuelStationGal,
2026,,east to west,alta,2775KFK,axles,
2026,,east to west,alta,2775KFK,tireSize,
2026,,east to west,alta,2775KFK,slideouts,
2026,,east to west,alta,2800KBH,gvwrLbs,
2026,,east to west,alta,2800KBH,length,
2026,,east to west,alta,2800KBH,exteriorHeightIn,
2026,,east to west,alta,2800KBH,exteriorWidthIn,
2026,,east to west,alta,2800KBH,interiorHeightIn,
2026,,east to west,alta,2800KBH,sleeps,
2026,,east to west,alta,2800KBH,dryWeightLbs,
2026,,east to west,alta,2800KBH,hitchLbs,
2026,,east to west,alta,2800KBH,fuelCapacityGal,
2026,,east to west,alta,2800KBH,freshWater,
2026,,east to west,alta,2800KBH,grayWater,
2026,,east to west,alta,2800KBH,blackWater,
2026,,east to west,alta,2800KBH,propaneLbs,
2026,,east to west,alta,2800KBH,propaneGal,
2026,,east to west,alta,2800KBH,waterHeaterGal,
2026,,east to west,alta,2800KBH,cargoLbs,
2026,,east to west,alta,2800KBH,garageLengthFt,
2026,,east to west,alta,2800KBH,garageWidthFt,
2026,,east to west,alta,2800KBH,garageHeightIn,
2026,,east to west,alta,2800KBH,garageCapacityLbs,
2026,,east to west,alta,2800KBH,rampPatioLbs,
2026,,east to west,alta,2800KBH,fuelStationGal,
2026,,east to west,alta,2800KBH,axles,
2026,,east to west,alta,2800KBH,tireSize,
2026,,east to west,alta,2800KBH,slideouts,
2026,,east to west,alta,2850KRL,gvwrLbs,
2026,,east to west,alta,2850KRL,length,
2026,,east to west,alta,2850KRL,exteriorHeightIn,
2026,,east to west,alta,2850KRL,exteriorWidthIn,
2026,,east to west,alta,2850KRL,interiorHeightIn,
2026,,east to west,alta,2850KRL,sleeps,
2026,,east to west,alta,2850KRL,dryWeightLbs,
2026,,east to west,alta,2850KRL,hitchLbs,
2026,,east to west,alta,2850KRL,fuelCapacityGal,
2026,,east to west,alta,2850KRL,freshWater,
2026,,east to west,alta,2850KRL,grayWater,
2026,,east to west,alta,2850KRL,blackWater,
2026,,east to west,alta,2850KRL,propaneLbs,
2026,,east to west,alta,2850KRL,propaneGal,
2026,,east to west,alta,2850KRL,waterHeaterGal,
2026,,east to west,alta,2850KRL,cargoLbs,
2026,,east to west,alta,2850KRL,garageLengthFt,
2026,,east to west,alta,2850KRL,garageWidthFt,
2026,,east to west,alta,2850KRL,garageHeightIn,
2026,,east to west,alta,2850KRL,garageCapacityLbs,
2026,,east to west,alta,2850KRL,rampPatioLbs,
2026,,east to west,alta,2850KRL,fuelStationGal,
2026,,east to west,alta,2850KRL,axles,
2026,,east to west,alta,2850KRL,tireSize,
2026,,east to west,alta,2850KRL,slideouts,
2026,,east to west,alta,2870KTH,gvwrLbs,
2026,,east to west,alta,2870KTH,length,
2026,,east to west,alta,2870KTH,exteriorHeightIn,
2026,,east to west,alta,2870KTH,exteriorWidthIn,
2026,,east to west,alta,2870KTH,interiorHeightIn,
2026,,east to west,alta,2870KTH,sleeps,
2026,,east to west,alta,2870KTH,dryWeightLbs,
2026,,east to west,alta,2870KTH,hitchLbs,
2026,,east to west,alta,2870KTH,fuelCapacityGal,
2026,,east to west,alta,2870KTH,freshWater,
2026,,east to west,alta,2870KTH,grayWater,
2026,,east to west,alta,2870KTH,blackWater,
2026,,east to west,alta,2870KTH,propaneLbs,
2026,,east to west,alta,2870KTH,propaneGal,
2026,,east to west,alta,2870KTH,waterHeaterGal,
2026,,east to west,alta,2870KTH,cargoLbs,
2026,,east to west,alta,2870KTH,garageLengthFt,
2026,,east to west,alta,2870KTH,garageWidthFt,
2026,,east to west,alta,2870KTH,garageHeightIn,
2026,,east to west,alta,2870KTH,garageCapacityLbs,
2026,,east to west,alta,2870KTH,rampPatioLbs,
2026,,east to west,alta,2870KTH,fuelStationGal,
2026,,east to west,alta,2870KTH,axles,
2026,,east to west,alta,2870KTH,tireSize,
2026,,east to west,alta,2870KTH,slideouts,
2026,,east to west,alta,3010KBH,gvwrLbs,
2026,,east to west,alta,3010KBH,length,
2026,,east to west,alta,3010KBH,exteriorHeightIn,
2026,,east to west,alta,3010KBH,exteriorWidthIn,
2026,,east to west,alta,3010KBH,interiorHeightIn,
2026,,east to west,alta,3010KBH,sleeps,
2026,,east to west,alta,3010KBH,dryWeightLbs,
2026,,east to west,alta,3010KBH,hitchLbs,
2026,,east to west,alta,3010KBH,fuelCapacityGal,
2026,,east to west,alta,3010KBH,freshWater,
2026,,east to west,alta,3010KBH,grayWater,
2026,,east to west,alta,3010KBH,blackWater,
2026,,east to west,alta,3010KBH,propaneLbs,
2026,,east to west,alta,3010KBH,propaneGal,
2026,,east to west,alta,3010KBH,waterHeaterGal,
2026,,east to west,alta,3010KBH,cargoLbs,
2026,,east to west,alta,3010KBH,garageLengthFt,
2026,,east to west,alta,3010KBH,garageWidthFt,
2026,,east to west,alta,3010KBH,garageHeightIn,
2026,,east to west,alta,3010KBH,garageCapacityLbs,
2026,,east to west,alta,3010KBH,rampPatioLbs,
2026,,east to west,alta,3010KBH,fuelStationGal,
2026,,east to west,alta,3010KBH,axles,
2026,,east to west,alta,3010KBH,tireSize,
2026,,east to west,alta,3010KBH,slideouts,
2026,,east to west,alta,3150KBH,gvwrLbs,
2026,,east to west,alta,3150KBH,length,
2026,,east to west,alta,3150KBH,exteriorHeightIn,
2026,,east to west,alta,3150KBH,exteriorWidthIn,
2026,,east to west,alta,3150KBH,interiorHeightIn,
2026,,east to west,alta,3150KBH,sleeps,
2026,,east to west,alta,3150KBH,dryWeightLbs,
2026,,east to west,alta,3150KBH,hitchLbs,
2026,,east to west,alta,3150KBH,fuelCapacityGal,
2026,,east to west,alta,3150KBH,freshWater,
2026,,east to west,alta,3150KBH,grayWater,
2026,,east to west,alta,3150KBH,blackWater,
2026,,east to west,alta,3150KBH,propaneLbs,
2026,,east to west,alta,3150KBH,propaneGal,
2026,,east to west,alta,3150KBH,waterHeaterGal,
2026,,east to west,alta,3150KBH,cargoLbs,
2026,,east to west,alta,3150KBH,garageLengthFt,
2026,,east to west,alta,3150KBH,garageWidthFt,
2026,,east to west,alta,3150KBH,garageHeightIn,
2026,,east to west,alta,3150KBH,garageCapacityLbs,
2026,,east to west,alta,3150KBH,rampPatioLbs,
2026,,east to west,alta,3150KBH,fuelStationGal,
2026,,east to west,alta,3150KBH,axles,
2026,,east to west,alta,3150KBH,tireSize,
2026,,east to west,alta,3150KBH,slideouts,
2026,,east to west,alta,3175RK,gvwrLbs,
2026,,east to west,alta,3175RK,length,
2026,,east to west,alta,3175RK,exteriorHeightIn,
2026,,east to west,alta,3175RK,exteriorWidthIn,
2026,,east to west,alta,3175RK,interiorHeightIn,
2026,,east to west,alta,3175RK,sleeps,
2026,,east to west,alta,3175RK,dryWeightLbs,
2026,,east to west,alta,3175RK,hitchLbs,
2026,,east to west,alta,3175RK,fuelCapacityGal,
2026,,east to west,alta,3175RK,freshWater,
2026,,east to west,alta,3175RK,grayWater,
2026,,east to west,alta,3175RK,blackWater,
2026,,east to west,alta,3175RK,propaneLbs,
2026,,east to west,alta,3175RK,propaneGal,
2026,,east to west,alta,3175RK,waterHeaterGal,
2026,,east to west,alta,3175RK,cargoLbs,
2026,,east to west,alta,3175RK,garageLengthFt,
2026,,east to west,alta,3175RK,garageWidthFt,
2026,,east to west,alta,3175RK,garageHeightIn,
2026,,east to west,alta,3175RK,garageCapacityLbs,
2026,,east to west,alta,3175RK,rampPatioLbs,
2026,,east to west,alta,3175RK,fuelStationGal,
2026,,east to west,alta,3175RK,axles,
2026,,east to west,alta,3175RK,tireSize,
2026,,east to west,alta,3175RK,slideouts,
2026,,east to west,alta,3250KXT,gvwrLbs,
2026,,east to west,alta,3250KXT,length,
2026,,east to west,alta,3250KXT,exteriorHeightIn,
2026,,east to west,alta,3250KXT,exteriorWidthIn,
2026,,east to west,alta,3250KXT,interiorHeightIn,
2026,,east to west,alta,3250KXT,sleeps,
2026,,east to west,alta,3250KXT,dryWeightLbs,
2026,,east to west,alta,3250KXT,hitchLbs,
2026,,east to west,alta,3250KXT,fuelCapacityGal,
2026,,east to west,alta,3250KXT,freshWater,
2026,,east to west,alta,3250KXT,grayWater,
2026,,east to west,alta,3250KXT,blackWater,
2026,,east to west,alta,3250KXT,propaneLbs,
2026,,east to west,alta,3250KXT,propaneGal,
2026,,east to west,alta,3250KXT,waterHeaterGal,
2026,,east to west,alta,3250KXT,cargoLbs,
2026,,east to west,alta,3250KXT,garageLengthFt,
2026,,east to west,alta,3250KXT,garageWidthFt,
2026,,east to west,alta,3250KXT,garageHeightIn,
2026,,east to west,alta,3250KXT,garageCapacityLbs,
2026,,east to west,alta,3250KXT,rampPatioLbs,
2026,,east to west,alta,3250KXT,fuelStationGal,
2026,,east to west,alta,3250KXT,axles,
2026,,east to west,alta,3250KXT,tireSize,
2026,,east to west,alta,3250KXT,slideouts,
2026,,east to west,tandara,235ML,gvwrLbs,
2026,,east to west,tandara,235ML,length,
2026,,east to west,tandara,235ML,exteriorHeightIn,
2026,,east to west,tandara,235ML,exteriorWidthIn,
2026,,east to west,tandara,235ML,interiorHeightIn,
2026,,east to west,tandara,235ML,sleeps,
2026,,east to west,tandara,235ML,dryWeightLbs,
2026,,east to west,tandara,235ML,hitchLbs,
2026,,east to west,tandara,235ML,fuelCapacityGal,
2026,,east to west,tandara,235ML,freshWater,
2026,,east to west,tandara,235ML,grayWater,
2026,,east to west,tandara,235ML,blackWater,
2026,,east to west,tandara,235ML,propaneLbs,
2026,,east to west,tandara,235ML,propaneGal,
2026,,east to west,tandara,235ML,waterHeaterGal,
2026,,east to west,tandara,235ML,cargoLbs,
2026,,east to west,tandara,235ML,garageLengthFt,
2026,,east to west,tandara,235ML,garageWidthFt,
2026,,east to west,tandara,235ML,garageHeightIn,
2026,,east to west,tandara,235ML,garageCapacityLbs,
2026,,east to west,tandara,235ML,rampPatioLbs,
2026,,east to west,tandara,235ML,fuelStationGal,
2026,,east to west,tandara,235ML,axles,
2026,,east to west,tandara,235ML,tireSize,
2026,,east to west,tandara,235ML,slideouts,
2026,,east to west,tandara,275BH,gvwrLbs,
2026,,east to west,tandara,275BH,length,
2026,,east to west,tandara,275BH,exteriorHeightIn,
2026,,east to west,tandara,275BH,exteriorWidthIn,
2026,,east to west,tandara,275BH,interiorHeightIn,
2026,,east to west,tandara,275BH,sleeps,
2026,,east to west,tandara,275BH,dryWeightLbs,
2026,,east to west,tandara,275BH,hitchLbs,
2026,,east to west,tandara,275BH,fuelCapacityGal,
2026,,east to west,tandara,275BH,freshWater,
2026,,east to west,tandara,275BH,grayWater,
2026,,east to west,tandara,275BH,blackWater,
2026,,east to west,tandara,275BH,propaneLbs,
2026,,east to west,tandara,275BH,propaneGal,
2026,,east to west,tandara,275BH,waterHeaterGal,
2026,,east to west,tandara,275BH,cargoLbs,
2026,,east to west,tandara,275BH,garageLengthFt,
2026,,east to west,tandara,275BH,garageWidthFt,
2026,,east to west,tandara,275BH,garageHeightIn,
2026,,east to west,tandara,275BH,garageCapacityLbs,
2026,,east to west,tandara,275BH,rampPatioLbs,
2026,,east to west,tandara,275BH,fuelStationGal,
2026,,east to west,tandara,275BH,axles,
2026,,east to west,tandara,275BH,tireSize,
2026,,east to west,tandara,275BH,slideouts,
2026,,east to west,tandara,295RL,gvwrLbs,
2026,,east to west,tandara,295RL,length,
2026,,east to west,tandara,295RL,exteriorHeightIn,
2026,,east to west,tandara,295RL,exteriorWidthIn,
2026,,east to west,tandara,295RL,interiorHeightIn,
2026,,east to west,tandara,295RL,sleeps,
2026,,east to west,tandara,295RL,dryWeightLbs,
2026,,east to west,tandara,295RL,hitchLbs,
2026,,east to west,tandara,295RL,fuelCapacityGal,
2026,,east to west,tandara,295RL,freshWater,
2026,,east to west,tandara,295RL,grayWater,
2026,,east to west,tandara,295RL,blackWater,
2026,,east to west,tandara,295RL,propaneLbs,
2026,,east to west,tandara,295RL,propaneGal,
2026,,east to west,tandara,295RL,waterHeaterGal,
2026,,east to west,tandara,295RL,cargoLbs,
2026,,east to west,tandara,295RL,garageLengthFt,
2026,,east to west,tandara,295RL,garageWidthFt,
2026,,east to west,tandara,295RL,garageHeightIn,
2026,,east to west,tandara,295RL,garageCapacityLbs,
2026,,east to west,tandara,295RL,rampPatioLbs,
2026,,east to west,tandara,295RL,fuelStationGal,
2026,,east to west,tandara,295RL,axles,
2026,,east to west,tandara,295RL,tireSize,
2026,,east to west,tandara,295RL,slideouts,
2026,,east to west,tandara,381FK,gvwrLbs,
2026,,east to west,tandara,381FK,length,
2026,,east to west,tandara,381FK,exteriorHeightIn,
2026,,east to west,tandara,381FK,exteriorWidthIn,
2026,,east to west,tandara,381FK,interiorHeightIn,
2026,,east to west,tandara,381FK,sleeps,
2026,,east to west,tandara,381FK,dryWeightLbs,
2026,,east to west,tandara,381FK,hitchLbs,
2026,,east to west,tandara,381FK,fuelCapacityGal,
2026,,east to west,tandara,381FK,freshWater,
2026,,east to west,tandara,381FK,grayWater,
2026,,east to west,tandara,381FK,blackWater,
2026,,east to west,tandara,381FK,propaneLbs,
2026,,east to west,tandara,381FK,propaneGal,
2026,,east to west,tandara,381FK,waterHeaterGal,
2026,,east to west,tandara,381FK,cargoLbs,
2026,,east to west,tandara,381FK,garageLengthFt,
2026,,east to west,tandara,381FK,garageWidthFt,
2026,,east to west,tandara,381FK,garageHeightIn,
2026,,east to west,tandara,381FK,garageCapacityLbs,
2026,,east to west,tandara,381FK,rampPatioLbs,
2026,,east to west,tandara,381FK,fuelStationGal,
2026,,east to west,tandara,381FK,axles,
2026,,east to west,tandara,381FK,tireSize,
2026,,east to west,tandara,381FK,slideouts,
2026,,east to west,tandara,387BH,gvwrLbs,
2026,,east to west,tandara,387BH,length,
2026,,east to west,tandara,387BH,exteriorHeightIn,
2026,,east to west,tandara,387BH,exteriorWidthIn,
2026,,east to west,tandara,387BH,interiorHeightIn,
2026,,east to west,tandara,387BH,sleeps,
2026,,east to west,tandara,387BH,dryWeightLbs,
2026,,east to west,tandara,387BH,hitchLbs,
2026,,east to west,tandara,387BH,fuelCapacityGal,
2026,,east to west,tandara,387BH,freshWater,
2026,,east to west,tandara,387BH,grayWater,
2026,,east to west,tandara,387BH,blackWater,
2026,,east to west,tandara,387BH,propaneLbs,
2026,,east to west,tandara,387BH,propaneGal,
2026,,east to west,tandara,387BH,waterHeaterGal,
2026,,east to west,tandara,387BH,cargoLbs,
2026,,east to west,tandara,387BH,garageLengthFt,
2026,,east to west,tandara,387BH,garageWidthFt,
2026,,east to west,tandara,387BH,garageHeightIn,
2026,,east to west,tandara,387BH,garageCapacityLbs,
2026,,east to west,tandara,387BH,rampPatioLbs,
2026,,east to west,tandara,387BH,fuelStationGal,
2026,,east to west,tandara,387BH,axles,
2026,,east to west,tandara,387BH,tireSize,
2026,,east to west,tandara,387BH,slideouts,
2026,,east to west,tandara,388LR,gvwrLbs,
2026,,east to west,tandara,388LR,length,
2026,,east to west,tandara,388LR,exteriorHeightIn,
2026,,east to west,tandara,388LR,exteriorWidthIn,
2026,,east to west,tandara,388LR,interiorHeightIn,
2026,,east to west,tandara,388LR,sleeps,
2026,,east to west,tandara,388LR,dryWeightLbs,
2026,,east to west,tandara,388LR,hitchLbs,
2026,,east to west,tandara,388LR,fuelCapacityGal,
2026,,east to west,tandara,388LR,freshWater,
2026,,east to west,tandara,388LR,grayWater,
2026,,east to west,tandara,388LR,blackWater,
2026,,east to west,tandara,388LR,propaneLbs,
2026,,east to west,tandara,388LR,propaneGal,
2026,,east to west,tandara,388LR,waterHeaterGal,
2026,,east to west,tandara,388LR,cargoLbs,
2026,,east to west,tandara,388LR,garageLengthFt,
2026,,east to west,tandara,388LR,garageWidthFt,
2026,,east to west,tandara,388LR,garageHeightIn,
2026,,east to west,tandara,388LR,garageCapacityLbs,
2026,,east to west,tandara,388LR,rampPatioLbs,
2026,,east to west,tandara,388LR,fuelStationGal,
2026,,east to west,tandara,388LR,axles,
2026,,east to west,tandara,388LR,tireSize,
2026,,east to west,tandara,388LR,slideouts,
2026,,east to west,tandara,389DS,gvwrLbs,
2026,,east to west,tandara,389DS,length,
2026,,east to west,tandara,389DS,exteriorHeightIn,
2026,,east to west,tandara,389DS,exteriorWidthIn,
2026,,east to west,tandara,389DS,interiorHeightIn,
2026,,east to west,tandara,389DS,sleeps,
2026,,east to west,tandara,389DS,dryWeightLbs,
2026,,east to west,tandara,389DS,hitchLbs,
2026,,east to west,tandara,389DS,fuelCapacityGal,
2026,,east to west,tandara,389DS,freshWater,
2026,,east to west,tandara,389DS,grayWater,
2026,,east to west,tandara,389DS,blackWater,
2026,,east to west,tandara,389DS,propaneLbs,
2026,,east to west,tandara,389DS,propaneGal,
2026,,east to west,tandara,389DS,waterHeaterGal,
2026,,east to west,tandara,389DS,cargoLbs,
2026,,east to west,tandara,389DS,garageLengthFt,
2026,,east to west,tandara,389DS,garageWidthFt,
2026,,east to west,tandara,389DS,garageHeightIn,
2026,,east to west,tandara,389DS,garageCapacityLbs,
2026,,east to west,tandara,389DS,rampPatioLbs,
2026,,east to west,tandara,389DS,fuelStationGal,
2026,,east to west,tandara,389DS,axles,
2026,,east to west,tandara,389DS,tireSize,
2026,,east to west,tandara,389DS,slideouts,
2026,,east to west,tandara,390FL,gvwrLbs,
2026,,east to west,tandara,390FL,length,
2026,,east to west,tandara,390FL,exteriorHeightIn,
2026,,east to west,tandara,390FL,exteriorWidthIn,
2026,,east to west,tandara,390FL,interiorHeightIn,
2026,,east to west,tandara,390FL,sleeps,
2026,,east to west,tandara,390FL,dryWeightLbs,
2026,,east to west,tandara,390FL,hitchLbs,
2026,,east to west,tandara,390FL,fuelCapacityGal,
2026,,east to west,tandara,390FL,freshWater,
2026,,east to west,tandara,390FL,grayWater,
2026,,east to west,tandara,390FL,blackWater,
2026,,east to west,tandara,390FL,propaneLbs,
2026,,east to west,tandara,390FL,propaneGal,
2026,,east to west,tandara,390FL,waterHeaterGal,
2026,,east to west,tandara,390FL,cargoLbs,
2026,,east to west,tandara,390FL,garageLengthFt,
2026,,east to west,tandara,390FL,garageWidthFt,
2026,,east to west,tandara,390FL,garageHeightIn,
2026,,east to west,tandara,390FL,garageCapacityLbs,
2026,,east to west,tandara,390FL,rampPatioLbs,
2026,,east to west,tandara,390FL,fuelStationGal,
2026,,east to west,tandara,390FL,axles,
2026,,east to west,tandara,390FL,tireSize,
2026,,east to west,tandara,390FL,slideouts,
,2024-2026,entegra,accolade,37K,sleeps,
,2024-2026,entegra,accolade,37K,dryWeightLbs,
,2024-2026,entegra,accolade,37K,fuelCapacityGal,
,2024-2026,entegra,accolade,37K,propaneLbs,
,2024-2026,entegra,accolade,37K,propaneGal,
,2024-2026,entegra,accolade,37K,waterHeaterGal,
,2024-2026,entegra,accolade,37K,cargoLbs,
,2024-2026,entegra,accolade,37K,garageLengthFt,
,2024-2026,entegra,accolade,37K,garageWidthFt,
,2024-2026,entegra,accolade,37K,garageHeightIn,
,2024-2026,entegra,accolade,37K,garageCapacityLbs,
,2024-2026,entegra,accolade,37K,rampPatioLbs,
,2024-2026,entegra,accolade,37K,fuelStationGal,
,2024-2026,entegra,accolade,37K,axles,
,2024-2026,entegra,accolade,37K,tireSize,
,2024-2026,entegra,accolade,37K,slideouts,
,2024-2026,entegra,accolade,37L,sleeps,
,2024-2026,entegra,accolade,37L,dryWeightLbs,
,2024-2026,entegra,accolade,37L,fuelCapacityGal,
,2024-2026,entegra,accolade,37L,propaneLbs,
,2024-2026,entegra,accolade,37L,propaneGal,
,2024-2026,entegra,accolade,37L,waterHeaterGal,
,2024-2026,entegra,accolade,37L,cargoLbs,
,2024-2026,entegra,accolade,37L,garageLengthFt,
,2024-2026,entegra,accolade,37L,garageWidthFt,
,2024-2026,entegra,accolade,37L,garageHeightIn,
,2024-2026,entegra,accolade,37L,garageCapacityLbs,
,2024-2026,entegra,accolade,37L,rampPatioLbs,
,2024-2026,entegra,accolade,37L,fuelStationGal,
,2024-2026,entegra,accolade,37L,axles,
,2024-2026,entegra,accolade,37L,tireSize,
,2024-2026,entegra,accolade,37L,slideouts,
,2024-2026,entegra,accolade,37M,sleeps,
,2024-2026,entegra,accolade,37M,dryWeightLbs,
,2024-2026,entegra,accolade,37M,fuelCapacityGal,
,2024-2026,entegra,accolade,37M,propaneLbs,
,2024-2026,entegra,accolade,37M,propaneGal,
,2024-2026,entegra,accolade,37M,waterHeaterGal,
,2024-2026,entegra,accolade,37M,cargoLbs,
,2024-2026,entegra,accolade,37M,garageLengthFt,
,2024-2026,entegra,accolade,37M,garageWidthFt,
,2024-2026,entegra,accolade,37M,garageHeightIn,
,2024-2026,entegra,accolade,37M,garageCapacityLbs,
,2024-2026,entegra,accolade,37M,rampPatioLbs,
,2024-2026,entegra,accolade,37M,fuelStationGal,
,2024-2026,entegra,accolade,37M,axles,
,2024-2026,entegra,accolade,37M,tireSize,
,2024-2026,entegra,accolade,37M,slideouts,
,2024-2025,entegra,anthem,37K,uvwLbs,
,2024-2025,entegra,anthem,37K,length,
,2024-2025,entegra,anthem,37K,exteriorHeightIn,
,2024-2025,entegra,anthem,37K,exteriorWidthIn,
,2024-2025,entegra,anthem,37K,interiorHeightIn,
,2024-2025,entegra,anthem,37K,sleeps,
,2024-2025,entegra,anthem,37K,dryWeightLbs,
,2024-2025,entegra,anthem,37K,hitchLbs,
,2024-2025,entegra,anthem,37K,fuelCapacityGal,
,2024-2025,entegra,anthem,37K,freshWater,
,2024-2025,entegra,anthem,37K,grayWater,
,2024-2025,entegra,anthem,37K,blackWater,
,2024-2025,entegra,anthem,37K,propaneLbs,
,2024-2025,entegra,anthem,37K,propaneGal,
,2024-2025,entegra,anthem,37K,waterHeaterGal,
,2024-2025,entegra,anthem,37K,cargoLbs,
,2024-2025,entegra,anthem,37K,garageLengthFt,
,2024-2025,entegra,anthem,37K,garageWidthFt,
,2024-2025,entegra,anthem,37K,garageHeightIn,
,2024-2025,entegra,anthem,37K,garageCapacityLbs,
,2024-2025,entegra,anthem,37K,rampPatioLbs,
,2024-2025,entegra,anthem,37K,fuelStationGal,
,2024-2025,entegra,anthem,37K,axles,
,2024-2025,entegra,anthem,37K,tireSize,
,2024-2025,entegra,anthem,37K,slideouts,
2026,,entegra,anthem,37K,uvwLbs,
2026,,entegra,anthem,37K,length,
2026,,entegra,anthem,37K,exteriorHeightIn,
2026,,entegra,anthem,37K,exteriorWidthIn,
2026,,entegra,anthem,37K,interiorHeightIn,
2026,,entegra,anthem,37K,sleeps,
2026,,entegra,anthem,37K,dryWeightLbs,
2026,,entegra,anthem,37K,hitchLbs,
2026,,entegra,anthem,37K,fuelCapacityGal,
2026,,entegra,anthem,37K,freshWater,
2026,,entegra,anthem,37K,grayWater,
2026,,entegra,anthem,37K,blackWater,
2026,,entegra,anthem,37K,propaneLbs,
2026,,entegra,anthem,37K,propaneGal,
2026,,entegra,anthem,37K,waterHeaterGal,
2026,,entegra,anthem,37K,cargoLbs,
2026,,entegra,anthem,37K,garageLengthFt,
2026,,entegra,anthem,37K,garageWidthFt,
2026,,entegra,anthem,37K,garageHeightIn,
2026,,entegra,anthem,37K,garageCapacityLbs,
2026,,entegra,anthem,37K,rampPatioLbs,
2026,,entegra,anthem,37K,fuelStationGal,
2026,,entegra,anthem,37K,axles,
2026,,entegra,anthem,37K,tireSize,
2026,,entegra,anthem,37K,slideouts,
,2023-2026,entegra,anthem,44B,uvwLbs,
,2023-2026,entegra,anthem,44B,length,
,2023-2026,entegra,anthem,44B,exteriorHeightIn,
,2023-2026,entegra,anthem,44B,exteriorWidthIn,
,2023-2026,entegra,anthem,44B,interiorHeightIn,
,2023-2026,entegra,anthem,44B,sleeps,
,2023-2026,entegra,anthem,44B,dryWeightLbs,
,2023-2026,entegra,anthem,44B,hitchLbs,
,2023-2026,entegra,anthem,44B,fuelCapacityGal,
,2023-2026,entegra,anthem,44B,freshWater,
,2023-2026,entegra,anthem,44B,grayWater,
,2023-2026,entegra,anthem,44B,blackWater,
,2023-2026,entegra,anthem,44B,propaneLbs,
,2023-2026,entegra,anthem,44B,propaneGal,
,2023-2026,entegra,anthem,44B,waterHeaterGal,
,2023-2026,entegra,anthem,44B,cargoLbs,
,2023-2026,entegra,anthem,44B,garageLengthFt,
,2023-2026,entegra,anthem,44B,garageWidthFt,
,2023-2026,entegra,anthem,44B,garageHeightIn,
,2023-2026,entegra,anthem,44B,garageCapacityLbs,
,2023-2026,entegra,anthem,44B,rampPatioLbs,
,2023-2026,entegra,anthem,44B,fuelStationGal,
,2023-2026,entegra,anthem,44B,axles,
,2023-2026,entegra,anthem,44B,tireSize,
,2023-2026,entegra,anthem,44B,slideouts,
,2023-2026,entegra,anthem,44D,uvwLbs,
,2023-2026,entegra,anthem,44D,length,
,2023-2026,entegra,anthem,44D,exteriorHeightIn,
,2023-2026,entegra,anthem,44D,exteriorWidthIn,
,2023-2026,entegra,anthem,44D,interiorHeightIn,
,2023-2026,entegra,anthem,44D,sleeps,
,2023-2026,entegra,anthem,44D,dryWeightLbs,
,2023-2026,entegra,anthem,44D,hitchLbs,
,2023-2026,entegra,anthem,44D,fuelCapacityGal,
,2023-2026,entegra,anthem,44D,freshWater,
,2023-2026,entegra,anthem,44D,grayWater,
,2023-2026,entegra,anthem,44D,blackWater,
,2023-2026,entegra,anthem,44D,propaneLbs,
,2023-2026,entegra,anthem,44D,propaneGal,
,2023-2026,entegra,anthem,44D,waterHeaterGal,
,2023-2026,entegra,anthem,44D,cargoLbs,
,2023-2026,entegra,anthem,44D,garageLengthFt,
,2023-2026,entegra,anthem,44D,garageWidthFt,
,2023-2026,entegra,anthem,44D,garageHeightIn,
,2023-2026,entegra,anthem,44D,garageCapacityLbs,
,2023-2026,entegra,anthem,44D,rampPatioLbs,
,2023-2026,entegra,anthem,44D,fuelStationGal,
,2023-2026,entegra,anthem,44D,axles,
,2023-2026,entegra,anthem,44D,tireSize,
,2023-2026,entegra,anthem,44D,slideouts,
,2016-2017,entegra,anthem,44DLQ,uvwLbs,
,2016-2017,entegra,anthem,44DLQ,interiorHeightIn,
,2016-2017,entegra,anthem,44DLQ,sleeps,
,2016-2017,entegra,anthem,44DLQ,dryWeightLbs,
,2016-2017,entegra,anthem,44DLQ,fuelCapacityGal,
,2016-2017,entegra,anthem,44DLQ,propaneLbs,
,2016-2017,entegra,anthem,44DLQ,propaneGal,
,2016-2017,entegra,anthem,44DLQ,waterHeaterGal,
,2016-2017,entegra,anthem,44DLQ,cargoLbs,
,2016-2017,entegra,anthem,44DLQ,garageLengthFt,
,2016-2017,entegra,anthem,44DLQ,garageWidthFt,
,2016-2017,entegra,anthem,44DLQ,garageHeightIn,
,2016-2017,entegra,anthem,44DLQ,garageCapacityLbs,
,2016-2017,entegra,anthem,44DLQ,rampPatioLbs,
,2016-2017,entegra,anthem,44DLQ,fuelStationGal,
,2016-2017,entegra,anthem,44DLQ,axles,
,2016-2017,entegra,anthem,44DLQ,tireSize,
,2016-2017,entegra,anthem,44DLQ,slideouts,
,2023-2026,entegra,anthem,44R,uvwLbs,
,2023-2026,entegra,anthem,44R,length,
,2023-2026,entegra,anthem,44R,exteriorHeightIn,
,2023-2026,entegra,anthem,44R,exteriorWidthIn,
,2023-2026,entegra,anthem,44R,interiorHeightIn,
,2023-2026,entegra,anthem,44R,sleeps,
,2023-2026,entegra,anthem,44R,dryWeightLbs,
,2023-2026,entegra,anthem,44R,hitchLbs,
,2023-2026,entegra,anthem,44R,fuelCapacityGal,
,2023-2026,entegra,anthem,44R,freshWater,
,2023-2026,entegra,anthem,44R,grayWater,
,2023-2026,entegra,anthem,44R,blackWater,
,2023-2026,entegra,anthem,44R,propaneLbs,
,2023-2026,entegra,anthem,44R,propaneGal,
,2023-2026,entegra,anthem,44R,waterHeaterGal,
,2023-2026,entegra,anthem,44R,cargoLbs,
,2023-2026,entegra,anthem,44R,garageLengthFt,
,2023-2026,entegra,anthem,44R,garageWidthFt,
,2023-2026,entegra,anthem,44R,garageHeightIn,
,2023-2026,entegra,anthem,44R,garageCapacityLbs,
,2023-2026,entegra,anthem,44R,rampPatioLbs,
,2023-2026,entegra,anthem,44R,fuelStationGal,
,2023-2026,entegra,anthem,44R,axles,
,2023-2026,entegra,anthem,44R,tireSize,
,2023-2026,entegra,anthem,44R,slideouts,
2026,,entegra,anthem,44V,uvwLbs,
2026,,entegra,anthem,44V,length,
2026,,entegra,anthem,44V,exteriorHeightIn,
2026,,entegra,anthem,44V,exteriorWidthIn,
2026,,entegra,anthem,44V,interiorHeightIn,
2026,,entegra,anthem,44V,sleeps,
2026,,entegra,anthem,44V,dryWeightLbs,
2026,,entegra,anthem,44V,hitchLbs,
2026,,entegra,anthem,44V,fuelCapacityGal,
2026,,entegra,anthem,44V,freshWater,
2026,,entegra,anthem,44V,grayWater,
2026,,entegra,anthem,44V,blackWater,
2026,,entegra,anthem,44V,propaneLbs,
2026,,entegra,anthem,44V,propaneGal,
2026,,entegra,anthem,44V,waterHeaterGal,
2026,,entegra,anthem,44V,cargoLbs,
2026,,entegra,anthem,44V,garageLengthFt,
2026,,entegra,anthem,44V,garageWidthFt,
2026,,entegra,anthem,44V,garageHeightIn,
2026,,entegra,anthem,44V,garageCapacityLbs,
2026,,entegra,anthem,44V,rampPatioLbs,
2026,,entegra,anthem,44V,fuelStationGal,
2026,,entegra,anthem,44V,axles,
2026,,entegra,anthem,44V,tireSize,
2026,,entegra,anthem,44V,slideouts,
,2023-2026,entegra,anthem,44W,uvwLbs,
,2023-2026,entegra,anthem,44W,length,
,2023-2026,entegra,anthem,44W,exteriorHeightIn,
,2023-2026,entegra,anthem,44W,exteriorWidthIn,
,2023-2026,entegra,anthem,44W,interiorHeightIn,
,2023-2026,entegra,anthem,44W,sleeps,
,2023-2026,entegra,anthem,44W,dryWeightLbs,
,2023-2026,entegra,anthem,44W,hitchLbs,
,2023-2026,entegra,anthem,44W,fuelCapacityGal,
,2023-2026,entegra,anthem,44W,freshWater,
,2023-2026,entegra,anthem,44W,grayWater,
,2023-2026,entegra,anthem,44W,blackWater,
,2023-2026,entegra,anthem,44W,propaneLbs,
,2023-2026,entegra,anthem,44W,propaneGal,
,2023-2026,entegra,anthem,44W,waterHeaterGal,
,2023-2026,entegra,anthem,44W,cargoLbs,
,2023-2026,entegra,anthem,44W,garageLengthFt,
,2023-2026,entegra,anthem,44W,garageWidthFt,
,2023-2026,entegra,anthem,44W,garageHeightIn,
,2023-2026,entegra,anthem,44W,garageCapacityLbs,
,2023-2026,entegra,anthem,44W,rampPatioLbs,
,2023-2026,entegra,anthem,44W,fuelStationGal,
,2023-2026,entegra,anthem,44W,axles,
,2023-2026,entegra,anthem,44W,tireSize,
,2023-2026,entegra,anthem,44W,slideouts,
,2023-2026,entegra,anthem,44Z,uvwLbs,
,2023-2026,entegra,anthem,44Z,length,
,2023-2026,entegra,anthem,44Z,exteriorHeightIn,
,2023-2026,entegra,anthem,44Z,exteriorWidthIn,
,2023-2026,entegra,anthem,44Z,interiorHeightIn,
,2023-2026,entegra,anthem,44Z,sleeps,
,2023-2026,entegra,anthem,44Z,dryWeightLbs,
,2023-2026,entegra,anthem,44Z,hitchLbs,
,2023-2026,entegra,anthem,44Z,fuelCapacityGal,
,2023-2026,entegra,anthem,44Z,freshWater,
,2023-2026,entegra,anthem,44Z,grayWater,
,2023-2026,entegra,anthem,44Z,blackWater,
,2023-2026,entegra,anthem,44Z,propaneLbs,
,2023-2026,entegra,anthem,44Z,propaneGal,
,2023-2026,entegra,anthem,44Z,waterHeaterGal,
,2023-2026,entegra,anthem,44Z,cargoLbs,
,2023-2026,entegra,anthem,44Z,garageLengthFt,
,2023-2026,entegra,anthem,44Z,garageWidthFt,
,2023-2026,entegra,anthem,44Z,garageHeightIn,
,2023-2026,entegra,anthem,44Z,garageCapacityLbs,
,2023-2026,entegra,anthem,44Z,rampPatioLbs,
,2023-2026,entegra,anthem,44Z,fuelStationGal,
,2023-2026,entegra,anthem,44Z,axles,
,2023-2026,entegra,anthem,44Z,tireSize,
,2023-2026,entegra,anthem,44Z,slideouts,
,2023-2025,entegra,aspire,40P,uvwLbs,
,2023-2025,entegra,aspire,40P,length,
,2023-2025,entegra,aspire,40P,exteriorHeightIn,
,2023-2025,entegra,aspire,40P,exteriorWidthIn,
,2023-2025,entegra,aspire,40P,interiorHeightIn,
,2023-2025,entegra,aspire,40P,sleeps,
,2023-2025,entegra,aspire,40P,dryWeightLbs,
,2023-2025,entegra,aspire,40P,hitchLbs,
,2023-2025,entegra,aspire,40P,fuelCapacityGal,
,2023-2025,entegra,aspire,40P,freshWater,
,2023-2025,entegra,aspire,40P,grayWater,
,2023-2025,entegra,aspire,40P,blackWater,
,2023-2025,entegra,aspire,40P,propaneLbs,
,2023-2025,entegra,aspire,40P,propaneGal,
,2023-2025,entegra,aspire,40P,waterHeaterGal,
,2023-2025,entegra,aspire,40P,cargoLbs,
,2023-2025,entegra,aspire,40P,garageLengthFt,
,2023-2025,entegra,aspire,40P,garageWidthFt,
,2023-2025,entegra,aspire,40P,garageHeightIn,
,2023-2025,entegra,aspire,40P,garageCapacityLbs,
,2023-2025,entegra,aspire,40P,rampPatioLbs,
,2023-2025,entegra,aspire,40P,fuelStationGal,
,2023-2025,entegra,aspire,40P,axles,
,2023-2025,entegra,aspire,40P,tireSize,
,2023-2025,entegra,aspire,40P,slideouts,
,2023-2025,entegra,aspire,44B,uvwLbs,
,2023-2025,entegra,aspire,44B,length,
,2023-2025,entegra,aspire,44B,exteriorHeightIn,
,2023-2025,entegra,aspire,44B,exteriorWidthIn,
,2023-2025,entegra,aspire,44B,interiorHeightIn,
,2023-2025,entegra,aspire,44B,sleeps,
,2023-2025,entegra,aspire,44B,dryWeightLbs,
,2023-2025,entegra,aspire,44B,hitchLbs,
,2023-2025,entegra,aspire,44B,fuelCapacityGal,
,2023-2025,entegra,aspire,44B,freshWater,
,2023-2025,entegra,aspire,44B,grayWater,
,2023-2025,entegra,aspire,44B,blackWater,
,2023-2025,entegra,aspire,44B,propaneLbs,
,2023-2025,entegra,aspire,44B,propaneGal,
,2023-2025,entegra,aspire,44B,waterHeaterGal,
,2023-2025,entegra,aspire,44B,cargoLbs,
,2023-2025,entegra,aspire,44B,garageLengthFt,
,2023-2025,entegra,aspire,44B,garageWidthFt,
,2023-2025,entegra,aspire,44B,garageHeightIn,
,2023-2025,entegra,aspire,44B,garageCapacityLbs,
,2023-2025,entegra,aspire,44B,rampPatioLbs,
,2023-2025,entegra,aspire,44B,fuelStationGal,
,2023-2025,entegra,aspire,44B,axles,
,2023-2025,entegra,aspire,44B,tireSize,
,2023-2025,entegra,aspire,44B,slideouts,
,2023-2025,entegra,aspire,44D,uvwLbs,
,2023-2025,entegra,aspire,44D,length,
,2023-2025,entegra,aspire,44D,exteriorHeightIn,
,2023-2025,entegra,aspire,44D,exteriorWidthIn,
,2023-2025,entegra,aspire,44D,interiorHeightIn,
,2023-2025,entegra,aspire,44D,sleeps,
,2023-2025,entegra,aspire,44D,dryWeightLbs,
,2023-2025,entegra,aspire,44D,hitchLbs,
,2023-2025,entegra,aspire,44D,fuelCapacityGal,
,2023-2025,entegra,aspire,44D,freshWater,
,2023-2025,entegra,aspire,44D,grayWater,
,2023-2025,entegra,aspire,44D,blackWater,
,2023-2025,entegra,aspire,44D,propaneLbs,
,2023-2025,entegra,aspire,44D,propaneGal,
,2023-2025,entegra,aspire,44D,waterHeaterGal,
,2023-2025,entegra,aspire,44D,cargoLbs,
,2023-2025,entegra,aspire,44D,garageLengthFt,
,2023-2025,entegra,aspire,44D,garageWidthFt,
,2023-2025,entegra,aspire,44D,garageHeightIn,
,2023-2025,entegra,aspire,44D,garageCapacityLbs,
,2023-2025,entegra,aspire,44D,rampPatioLbs,
,2023-2025,entegra,aspire,44D,fuelStationGal,
,2023-2025,entegra,aspire,44D,axles,
,2023-2025,entegra,aspire,44D,tireSize,
,2023-2025,entegra,aspire,44D,slideouts,
,2023-2025,entegra,aspire,44R,uvwLbs,
,2023-2025,entegra,aspire,44R,length,
,2023-2025,entegra,aspire,44R,exteriorHeightIn,
,2023-2025,entegra,aspire,44R,exteriorWidthIn,
,2023-2025,entegra,aspire,44R,interiorHeightIn,
,2023-2025,entegra,aspire,44R,sleeps,
,2023-2025,entegra,aspire,44R,dryWeightLbs,
,2023-2025,entegra,aspire,44R,hitchLbs,
,2023-2025,entegra,aspire,44R,fuelCapacityGal,
,2023-2025,entegra,aspire,44R,freshWater,
,2023-2025,entegra,aspire,44R,grayWater,
,2023-2025,entegra,aspire,44R,blackWater,
,2023-2025,entegra,aspire,44R,propaneLbs,
,2023-2025,entegra,aspire,44R,propaneGal,
,2023-2025,entegra,aspire,44R,waterHeaterGal,
,2023-2025,entegra,aspire,44R,cargoLbs,
,2023-2025,entegra,aspire,44R,garageLengthFt,
,2023-2025,entegra,aspire,44R,garageWidthFt,
,2023-2025,entegra,aspire,44R,garageHeightIn,
,2023-2025,entegra,aspire,44R,garageCapacityLbs,
,2023-2025,entegra,aspire,44R,rampPatioLbs,
,2023-2025,entegra,aspire,44R,fuelStationGal,
,2023-2025,entegra,aspire,44R,axles,
,2023-2025,entegra,aspire,44R,tireSize,
,2023-2025,entegra,aspire,44R,slideouts,
,2023-2025,entegra,aspire,44W,uvwLbs,
,2023-2025,entegra,aspire,44W,length,
,2023-2025,entegra,aspire,44W,exteriorHeightIn,
,2023-2025,entegra,aspire,44W,exteriorWidthIn,
,2023-2025,entegra,aspire,44W,interiorHeightIn,
,2023-2025,entegra,aspire,44W,sleeps,
,2023-2025,entegra,aspire,44W,dryWeightLbs,
,2023-2025,entegra,aspire,44W,hitchLbs,
,2023-2025,entegra,aspire,44W,fuelCapacityGal,
,2023-2025,entegra,aspire,44W,freshWater,
,2023-2025,entegra,aspire,44W,grayWater,
,2023-2025,entegra,aspire,44W,blackWater,
,2023-2025,entegra,aspire,44W,propaneLbs,
,2023-2025,entegra,aspire,44W,propaneGal,
,2023-2025,entegra,aspire,44W,waterHeaterGal,
,2023-2025,entegra,aspire,44W,cargoLbs,
,2023-2025,entegra,aspire,44W,garageLengthFt,
,2023-2025,entegra,aspire,44W,garageWidthFt,
,2023-2025,entegra,aspire,44W,garageHeightIn,
,2023-2025,entegra,aspire,44W,garageCapacityLbs,
,2023-2025,entegra,aspire,44W,rampPatioLbs,
,2023-2025,entegra,aspire,44W,fuelStationGal,
,2023-2025,entegra,aspire,44W,axles,
,2023-2025,entegra,aspire,44W,tireSize,
,2023-2025,entegra,aspire,44W,slideouts,
,2023-2025,entegra,aspire,44Z,uvwLbs,
,2023-2025,entegra,aspire,44Z,length,
,2023-2025,entegra,aspire,44Z,exteriorHeightIn,
,2023-2025,entegra,aspire,44Z,exteriorWidthIn,
,2023-2025,entegra,aspire,44Z,interiorHeightIn,
,2023-2025,entegra,aspire,44Z,sleeps,
,2023-2025,entegra,aspire,44Z,dryWeightLbs,
,2023-2025,entegra,aspire,44Z,hitchLbs,
,2023-2025,entegra,aspire,44Z,fuelCapacityGal,
,2023-2025,entegra,aspire,44Z,freshWater,
,2023-2025,entegra,aspire,44Z,grayWater,
,2023-2025,entegra,aspire,44Z,blackWater,
,2023-2025,entegra,aspire,44Z,propaneLbs,
,2023-2025,entegra,aspire,44Z,propaneGal,
,2023-2025,entegra,aspire,44Z,waterHeaterGal,
,2023-2025,entegra,aspire,44Z,cargoLbs,
,2023-2025,entegra,aspire,44Z,garageLengthFt,
,2023-2025,entegra,aspire,44Z,garageWidthFt,
,2023-2025,entegra,aspire,44Z,garageHeightIn,
,2023-2025,entegra,aspire,44Z,garageCapacityLbs,
,2023-2025,entegra,aspire,44Z,rampPatioLbs,
,2023-2025,entegra,aspire,44Z,fuelStationGal,
,2023-2025,entegra,aspire,44Z,axles,
,2023-2025,entegra,aspire,44Z,tireSize,
,2023-2025,entegra,aspire,44Z,slideouts,
,2025-2027,entegra,emblem,36B,uvwLbs,
,2025-2027,entegra,emblem,36B,length,
,2025-2027,entegra,emblem,36B,exteriorHeightIn,
,2025-2027,entegra,emblem,36B,exteriorWidthIn,
,2025-2027,entegra,emblem,36B,interiorHeightIn,
,2025-2027,entegra,emblem,36B,sleeps,
,2025-2027,entegra,emblem,36B,dryWeightLbs,
,2025-2027,entegra,emblem,36B,hitchLbs,
,2025-2027,entegra,emblem,36B,fuelCapacityGal,
,2025-2027,entegra,emblem,36B,freshWater,
,2025-2027,entegra,emblem,36B,grayWater,
,2025-2027,entegra,emblem,36B,blackWater,
,2025-2027,entegra,emblem,36B,propaneLbs,
,2025-2027,entegra,emblem,36B,propaneGal,
,2025-2027,entegra,emblem,36B,waterHeaterGal,
,2025-2027,entegra,emblem,36B,cargoLbs,
,2025-2027,entegra,emblem,36B,garageLengthFt,
,2025-2027,entegra,emblem,36B,garageWidthFt,
,2025-2027,entegra,emblem,36B,garageHeightIn,
,2025-2027,entegra,emblem,36B,garageCapacityLbs,
,2025-2027,entegra,emblem,36B,rampPatioLbs,
,2025-2027,entegra,emblem,36B,fuelStationGal,
,2025-2027,entegra,emblem,36B,axles,
,2025-2027,entegra,emblem,36B,tireSize,
,2025-2027,entegra,emblem,36B,slideouts,
,2025-2027,entegra,emblem,36H,uvwLbs,
,2025-2027,entegra,emblem,36H,length,
,2025-2027,entegra,emblem,36H,exteriorHeightIn,
,2025-2027,entegra,emblem,36H,exteriorWidthIn,
,2025-2027,entegra,emblem,36H,interiorHeightIn,
,2025-2027,entegra,emblem,36H,sleeps,
,2025-2027,entegra,emblem,36H,dryWeightLbs,
,2025-2027,entegra,emblem,36H,hitchLbs,
,2025-2027,entegra,emblem,36H,fuelCapacityGal,
,2025-2027,entegra,emblem,36H,freshWater,
,2025-2027,entegra,emblem,36H,grayWater,
,2025-2027,entegra,emblem,36H,blackWater,
,2025-2027,entegra,emblem,36H,propaneLbs,
,2025-2027,entegra,emblem,36H,propaneGal,
,2025-2027,entegra,emblem,36H,waterHeaterGal,
,2025-2027,entegra,emblem,36H,cargoLbs,
,2025-2027,entegra,emblem,36H,garageLengthFt,
,2025-2027,entegra,emblem,36H,garageWidthFt,
,2025-2027,entegra,emblem,36H,garageHeightIn,
,2025-2027,entegra,emblem,36H,garageCapacityLbs,
,2025-2027,entegra,emblem,36H,rampPatioLbs,
,2025-2027,entegra,emblem,36H,fuelStationGal,
,2025-2027,entegra,emblem,36H,axles,
,2025-2027,entegra,emblem,36H,tireSize,
,2025-2027,entegra,emblem,36H,slideouts,
,2025-2027,entegra,emblem,36U,uvwLbs,
,2025-2027,entegra,emblem,36U,length,
,2025-2027,entegra,emblem,36U,exteriorHeightIn,
,2025-2027,entegra,emblem,36U,exteriorWidthIn,
,2025-2027,entegra,emblem,36U,interiorHeightIn,
,2025-2027,entegra,emblem,36U,sleeps,
,2025-2027,entegra,emblem,36U,dryWeightLbs,
,2025-2027,entegra,emblem,36U,hitchLbs,
,2025-2027,entegra,emblem,36U,fuelCapacityGal,
,2025-2027,entegra,emblem,36U,freshWater,
,2025-2027,entegra,emblem,36U,grayWater,
,2025-2027,entegra,emblem,36U,blackWater,
,2025-2027,entegra,emblem,36U,propaneLbs,
,2025-2027,entegra,emblem,36U,propaneGal,
,2025-2027,entegra,emblem,36U,waterHeaterGal,
,2025-2027,entegra,emblem,36U,cargoLbs,
,2025-2027,entegra,emblem,36U,garageLengthFt,
,2025-2027,entegra,emblem,36U,garageWidthFt,
,2025-2027,entegra,emblem,36U,garageHeightIn,
,2025-2027,entegra,emblem,36U,garageCapacityLbs,
,2025-2027,entegra,emblem,36U,rampPatioLbs,
,2025-2027,entegra,emblem,36U,fuelStationGal,
,2025-2027,entegra,emblem,36U,axles,
,2025-2027,entegra,emblem,36U,tireSize,
,2025-2027,entegra,emblem,36U,slideouts,
,2025-2026,entegra,odyssey,24B,uvwLbs,
,2025-2026,entegra,odyssey,24B,length,
,2025-2026,entegra,odyssey,24B,exteriorHeightIn,
,2025-2026,entegra,odyssey,24B,exteriorWidthIn,
,2025-2026,entegra,odyssey,24B,interiorHeightIn,
,2025-2026,entegra,odyssey,24B,sleeps,
,2025-2026,entegra,odyssey,24B,dryWeightLbs,
,2025-2026,entegra,odyssey,24B,hitchLbs,
,2025-2026,entegra,odyssey,24B,fuelCapacityGal,
,2025-2026,entegra,odyssey,24B,freshWater,
,2025-2026,entegra,odyssey,24B,grayWater,
,2025-2026,entegra,odyssey,24B,blackWater,
,2025-2026,entegra,odyssey,24B,propaneLbs,
,2025-2026,entegra,odyssey,24B,propaneGal,
,2025-2026,entegra,odyssey,24B,waterHeaterGal,
,2025-2026,entegra,odyssey,24B,cargoLbs,
,2025-2026,entegra,odyssey,24B,garageLengthFt,
,2025-2026,entegra,odyssey,24B,garageWidthFt,
,2025-2026,entegra,odyssey,24B,garageHeightIn,
,2025-2026,entegra,odyssey,24B,garageCapacityLbs,
,2025-2026,entegra,odyssey,24B,rampPatioLbs,
,2025-2026,entegra,odyssey,24B,fuelStationGal,
,2025-2026,entegra,odyssey,24B,axles,
,2025-2026,entegra,odyssey,24B,tireSize,
,2025-2026,entegra,odyssey,24B,slideouts,
,2025-2026,entegra,odyssey,25R,uvwLbs,
,2025-2026,entegra,odyssey,25R,length,
,2025-2026,entegra,odyssey,25R,exteriorHeightIn,
,2025-2026,entegra,odyssey,25R,exteriorWidthIn,
,2025-2026,entegra,odyssey,25R,interiorHeightIn,
,2025-2026,entegra,odyssey,25R,sleeps,
,2025-2026,entegra,odyssey,25R,dryWeightLbs,
,2025-2026,entegra,odyssey,25R,hitchLbs,
,2025-2026,entegra,odyssey,25R,fuelCapacityGal,
,2025-2026,entegra,odyssey,25R,freshWater,
,2025-2026,entegra,odyssey,25R,grayWater,
,2025-2026,entegra,odyssey,25R,blackWater,
,2025-2026,entegra,odyssey,25R,propaneLbs,
,2025-2026,entegra,odyssey,25R,propaneGal,
,2025-2026,entegra,odyssey,25R,waterHeaterGal,
,2025-2026,entegra,odyssey,25R,cargoLbs,
,2025-2026,entegra,odyssey,25R,garageLengthFt,
,2025-2026,entegra,odyssey,25R,garageWidthFt,
,2025-2026,entegra,odyssey,25R,garageHeightIn,
,2025-2026,entegra,odyssey,25R,garageCapacityLbs,
,2025-2026,entegra,odyssey,25R,rampPatioLbs,
,2025-2026,entegra,odyssey,25R,fuelStationGal,
,2025-2026,entegra,odyssey,25R,axles,
,2025-2026,entegra,odyssey,25R,tireSize,
,2025-2026,entegra,odyssey,25R,slideouts,
,2025-2026,entegra,odyssey,26M,uvwLbs,
,2025-2026,entegra,odyssey,26M,length,
,2025-2026,entegra,odyssey,26M,exteriorHeightIn,
,2025-2026,entegra,odyssey,26M,exteriorWidthIn,
,2025-2026,entegra,odyssey,26M,interiorHeightIn,
,2025-2026,entegra,odyssey,26M,sleeps,
,2025-2026,entegra,odyssey,26M,dryWeightLbs,
,2025-2026,entegra,odyssey,26M,hitchLbs,
,2025-2026,entegra,odyssey,26M,fuelCapacityGal,
,2025-2026,entegra,odyssey,26M,freshWater,
,2025-2026,entegra,odyssey,26M,grayWater,
,2025-2026,entegra,odyssey,26M,blackWater,
,2025-2026,entegra,odyssey,26M,propaneLbs,
,2025-2026,entegra,odyssey,26M,propaneGal,
,2025-2026,entegra,odyssey,26M,waterHeaterGal,
,2025-2026,entegra,odyssey,26M,cargoLbs,
,2025-2026,entegra,odyssey,26M,garageLengthFt,
,2025-2026,entegra,odyssey,26M,garageWidthFt,
,2025-2026,entegra,odyssey,26M,garageHeightIn,
,2025-2026,entegra,odyssey,26M,garageCapacityLbs,
,2025-2026,entegra,odyssey,26M,rampPatioLbs,
,2025-2026,entegra,odyssey,26M,fuelStationGal,
,2025-2026,entegra,odyssey,26M,axles,
,2025-2026,entegra,odyssey,26M,tireSize,
,2025-2026,entegra,odyssey,26M,slideouts,
,2025-2026,entegra,odyssey,27U,uvwLbs,
,2025-2026,entegra,odyssey,27U,length,
,2025-2026,entegra,odyssey,27U,exteriorHeightIn,
,2025-2026,entegra,odyssey,27U,exteriorWidthIn,
,2025-2026,entegra,odyssey,27U,interiorHeightIn,
,2025-2026,entegra,odyssey,27U,sleeps,
,2025-2026,entegra,odyssey,27U,dryWeightLbs,
,2025-2026,entegra,odyssey,27U,hitchLbs,
,2025-2026,entegra,odyssey,27U,fuelCapacityGal,
,2025-2026,entegra,odyssey,27U,freshWater,
,2025-2026,entegra,odyssey,27U,grayWater,
,2025-2026,entegra,odyssey,27U,blackWater,
,2025-2026,entegra,odyssey,27U,propaneLbs,
,2025-2026,entegra,odyssey,27U,propaneGal,
,2025-2026,entegra,odyssey,27U,waterHeaterGal,
,2025-2026,entegra,odyssey,27U,cargoLbs,
,2025-2026,entegra,odyssey,27U,garageLengthFt,
,2025-2026,entegra,odyssey,27U,garageWidthFt,
,2025-2026,entegra,odyssey,27U,garageHeightIn,
,2025-2026,entegra,odyssey,27U,garageCapacityLbs,
,2025-2026,entegra,odyssey,27U,rampPatioLbs,
,2025-2026,entegra,odyssey,27U,fuelStationGal,
,2025-2026,entegra,odyssey,27U,axles,
,2025-2026,entegra,odyssey,27U,tireSize,
,2025-2026,entegra,odyssey,27U,slideouts,
,2025-2026,entegra,odyssey,29V,uvwLbs,
,2025-2026,entegra,odyssey,29V,length,
,2025-2026,entegra,odyssey,29V,exteriorHeightIn,
,2025-2026,entegra,odyssey,29V,exteriorWidthIn,
,2025-2026,entegra,odyssey,29V,interiorHeightIn,
,2025-2026,entegra,odyssey,29V,sleeps,
,2025-2026,entegra,odyssey,29V,dryWeightLbs,
,2025-2026,entegra,odyssey,29V,hitchLbs,
,2025-2026,entegra,odyssey,29V,fuelCapacityGal,
,2025-2026,entegra,odyssey,29V,freshWater,
,2025-2026,entegra,odyssey,29V,grayWater,
,2025-2026,entegra,odyssey,29V,blackWater,
,2025-2026,entegra,odyssey,29V,propaneLbs,
,2025-2026,entegra,odyssey,29V,propaneGal,
,2025-2026,entegra,odyssey,29V,waterHeaterGal,
,2025-2026,entegra,odyssey,29V,cargoLbs,
,2025-2026,entegra,odyssey,29V,garageLengthFt,
,2025-2026,entegra,odyssey,29V,garageWidthFt,
,2025-2026,entegra,odyssey,29V,garageHeightIn,
,2025-2026,entegra,odyssey,29V,garageCapacityLbs,
,2025-2026,entegra,odyssey,29V,rampPatioLbs,
,2025-2026,entegra,odyssey,29V,fuelStationGal,
,2025-2026,entegra,odyssey,29V,axles,
,2025-2026,entegra,odyssey,29V,tireSize,
,2025-2026,entegra,odyssey,29V,slideouts,
,2025-2026,entegra,odyssey,30Z,uvwLbs,
,2025-2026,entegra,odyssey,30Z,length,
,2025-2026,entegra,odyssey,30Z,exteriorHeightIn,
,2025-2026,entegra,odyssey,30Z,exteriorWidthIn,
,2025-2026,entegra,odyssey,30Z,interiorHeightIn,
,2025-2026,entegra,odyssey,30Z,sleeps,
,2025-2026,entegra,odyssey,30Z,dryWeightLbs,
,2025-2026,entegra,odyssey,30Z,hitchLbs,
,2025-2026,entegra,odyssey,30Z,fuelCapacityGal,
,2025-2026,entegra,odyssey,30Z,freshWater,
,2025-2026,entegra,odyssey,30Z,grayWater,
,2025-2026,entegra,odyssey,30Z,blackWater,
,2025-2026,entegra,odyssey,30Z,propaneLbs,
,2025-2026,entegra,odyssey,30Z,propaneGal,
,2025-2026,entegra,odyssey,30Z,waterHeaterGal,
,2025-2026,entegra,odyssey,30Z,cargoLbs,
,2025-2026,entegra,odyssey,30Z,garageLengthFt,
,2025-2026,entegra,odyssey,30Z,garageWidthFt,
,2025-2026,entegra,odyssey,30Z,garageHeightIn,
,2025-2026,entegra,odyssey,30Z,garageCapacityLbs,
,2025-2026,entegra,odyssey,30Z,rampPatioLbs,
,2025-2026,entegra,odyssey,30Z,fuelStationGal,
,2025-2026,entegra,odyssey,30Z,axles,
,2025-2026,entegra,odyssey,30Z,tireSize,
,2025-2026,entegra,odyssey,30Z,slideouts,
,2025-2026,entegra,odyssey,31F,uvwLbs,
,2025-2026,entegra,odyssey,31F,length,
,2025-2026,entegra,odyssey,31F,exteriorHeightIn,
,2025-2026,entegra,odyssey,31F,exteriorWidthIn,
,2025-2026,entegra,odyssey,31F,interiorHeightIn,
,2025-2026,entegra,odyssey,31F,sleeps,
,2025-2026,entegra,odyssey,31F,dryWeightLbs,
,2025-2026,entegra,odyssey,31F,hitchLbs,
,2025-2026,entegra,odyssey,31F,fuelCapacityGal,
,2025-2026,entegra,odyssey,31F,freshWater,
,2025-2026,entegra,odyssey,31F,grayWater,
,2025-2026,entegra,odyssey,31F,blackWater,
,2025-2026,entegra,odyssey,31F,propaneLbs,
,2025-2026,entegra,odyssey,31F,propaneGal,
,2025-2026,entegra,odyssey,31F,waterHeaterGal,
,2025-2026,entegra,odyssey,31F,cargoLbs,
,2025-2026,entegra,odyssey,31F,garageLengthFt,
,2025-2026,entegra,odyssey,31F,garageWidthFt,
,2025-2026,entegra,odyssey,31F,garageHeightIn,
,2025-2026,entegra,odyssey,31F,garageCapacityLbs,
,2025-2026,entegra,odyssey,31F,rampPatioLbs,
,2025-2026,entegra,odyssey,31F,fuelStationGal,
,2025-2026,entegra,odyssey,31F,axles,
,2025-2026,entegra,odyssey,31F,tireSize,
,2025-2026,entegra,odyssey,31F,slideouts,
,2024-2027,entegra,vision xl,31UL,uvwLbs,
,2024-2027,entegra,vision xl,31UL,length,
,2024-2027,entegra,vision xl,31UL,exteriorHeightIn,
,2024-2027,entegra,vision xl,31UL,exteriorWidthIn,
,2024-2027,entegra,vision xl,31UL,interiorHeightIn,
,2024-2027,entegra,vision xl,31UL,sleeps,
,2024-2027,entegra,vision xl,31UL,dryWeightLbs,
,2024-2027,entegra,vision xl,31UL,hitchLbs,
,2024-2027,entegra,vision xl,31UL,fuelCapacityGal,
,2024-2027,entegra,vision xl,31UL,freshWater,
,2024-2027,entegra,vision xl,31UL,grayWater,
,2024-2027,entegra,vision xl,31UL,blackWater,
,2024-2027,entegra,vision xl,31UL,propaneLbs,
,2024-2027,entegra,vision xl,31UL,propaneGal,
,2024-2027,entegra,vision xl,31UL,waterHeaterGal,
,2024-2027,entegra,vision xl,31UL,cargoLbs,
,2024-2027,entegra,vision xl,31UL,garageLengthFt,
,2024-2027,entegra,vision xl,31UL,garageWidthFt,
,2024-2027,entegra,vision xl,31UL,garageHeightIn,
,2024-2027,entegra,vision xl,31UL,garageCapacityLbs,
,2024-2027,entegra,vision xl,31UL,rampPatioLbs,
,2024-2027,entegra,vision xl,31UL,fuelStationGal,
,2024-2027,entegra,vision xl,31UL,axles,
,2024-2027,entegra,vision xl,31UL,tireSize,
,2024-2027,entegra,vision xl,31UL,slideouts,
,2023-2027,entegra,vision xl,34B,uvwLbs,
,2023-2027,entegra,vision xl,34B,length,
,2023-2027,entegra,vision xl,34B,exteriorHeightIn,
,2023-2027,entegra,vision xl,34B,exteriorWidthIn,
,2023-2027,entegra,vision xl,34B,interiorHeightIn,
,2023-2027,entegra,vision xl,34B,sleeps,
,2023-2027,entegra,vision xl,34B,dryWeightLbs,
,2023-2027,entegra,vision xl,34B,hitchLbs,
,2023-2027,entegra,vision xl,34B,fuelCapacityGal,
,2023-2027,entegra,vision xl,34B,freshWater,
,2023-2027,entegra,vision xl,34B,grayWater,
,2023-2027,entegra,vision xl,34B,blackWater,
,2023-2027,entegra,vision xl,34B,propaneLbs,
,2023-2027,entegra,vision xl,34B,propaneGal,
,2023-2027,entegra,vision xl,34B,waterHeaterGal,
,2023-2027,entegra,vision xl,34B,cargoLbs,
,2023-2027,entegra,vision xl,34B,garageLengthFt,
,2023-2027,entegra,vision xl,34B,garageWidthFt,
,2023-2027,entegra,vision xl,34B,garageHeightIn,
,2023-2027,entegra,vision xl,34B,garageCapacityLbs,
,2023-2027,entegra,vision xl,34B,rampPatioLbs,
,2023-2027,entegra,vision xl,34B,fuelStationGal,
,2023-2027,entegra,vision xl,34B,axles,
,2023-2027,entegra,vision xl,34B,tireSize,
,2023-2027,entegra,vision xl,34B,slideouts,
,2023-2027,entegra,vision xl,34G,uvwLbs,
,2023-2027,entegra,vision xl,34G,length,
,2023-2027,entegra,vision xl,34G,exteriorHeightIn,
,2023-2027,entegra,vision xl,34G,exteriorWidthIn,
,2023-2027,entegra,vision xl,34G,interiorHeightIn,
,2023-2027,entegra,vision xl,34G,sleeps,
,2023-2027,entegra,vision xl,34G,dryWeightLbs,
,2023-2027,entegra,vision xl,34G,hitchLbs,
,2023-2027,entegra,vision xl,34G,fuelCapacityGal,
,2023-2027,entegra,vision xl,34G,freshWater,
,2023-2027,entegra,vision xl,34G,grayWater,
,2023-2027,entegra,vision xl,34G,blackWater,
,2023-2027,entegra,vision xl,34G,propaneLbs,
,2023-2027,entegra,vision xl,34G,propaneGal,
,2023-2027,entegra,vision xl,34G,waterHeaterGal,
,2023-2027,entegra,vision xl,34G,cargoLbs,
,2023-2027,entegra,vision xl,34G,garageLengthFt,
,2023-2027,entegra,vision xl,34G,garageWidthFt,
,2023-2027,entegra,vision xl,34G,garageHeightIn,
,2023-2027,entegra,vision xl,34G,garageCapacityLbs,
,2023-2027,entegra,vision xl,34G,rampPatioLbs,
,2023-2027,entegra,vision xl,34G,fuelStationGal,
,2023-2027,entegra,vision xl,34G,axles,
,2023-2027,entegra,vision xl,34G,tireSize,
,2023-2027,entegra,vision xl,34G,slideouts,
,2020-2027,entegra,vision xl,36A,uvwLbs,
,2020-2027,entegra,vision xl,36A,length,
,2020-2027,entegra,vision xl,36A,exteriorHeightIn,
,2020-2027,entegra,vision xl,36A,exteriorWidthIn,
,2020-2027,entegra,vision xl,36A,interiorHeightIn,
,2020-2027,entegra,vision xl,36A,sleeps,
,2020-2027,entegra,vision xl,36A,dryWeightLbs,
,2020-2027,entegra,vision xl,36A,hitchLbs,
,2020-2027,entegra,vision xl,36A,fuelCapacityGal,
,2020-2027,entegra,vision xl,36A,freshWater,
,2020-2027,entegra,vision xl,36A,grayWater,
,2020-2027,entegra,vision xl,36A,blackWater,
,2020-2027,entegra,vision xl,36A,propaneLbs,
,2020-2027,entegra,vision xl,36A,propaneGal,
,2020-2027,entegra,vision xl,36A,waterHeaterGal,
,2020-2027,entegra,vision xl,36A,cargoLbs,
,2020-2027,entegra,vision xl,36A,garageLengthFt,
,2020-2027,entegra,vision xl,36A,garageWidthFt,
,2020-2027,entegra,vision xl,36A,garageHeightIn,
,2020-2027,entegra,vision xl,36A,garageCapacityLbs,
,2020-2027,entegra,vision xl,36A,rampPatioLbs,
,2020-2027,entegra,vision xl,36A,fuelStationGal,
,2020-2027,entegra,vision xl,36A,axles,
,2020-2027,entegra,vision xl,36A,tireSize,
,2020-2027,entegra,vision xl,36A,slideouts,
,2022-2027,entegra,vision xl,36C,uvwLbs,
,2022-2027,entegra,vision xl,36C,length,
,2022-2027,entegra,vision xl,36C,exteriorHeightIn,
,2022-2027,entegra,vision xl,36C,exteriorWidthIn,
,2022-2027,entegra,vision xl,36C,interiorHeightIn,
,2022-2027,entegra,vision xl,36C,sleeps,
,2022-2027,entegra,vision xl,36C,dryWeightLbs,
,2022-2027,entegra,vision xl,36C,hitchLbs,
,2022-2027,entegra,vision xl,36C,fuelCapacityGal,
,2022-2027,entegra,vision xl,36C,freshWater,
,2022-2027,entegra,vision xl,36C,grayWater,
,2022-2027,entegra,vision xl,36C,blackWater,
,2022-2027,entegra,vision xl,36C,propaneLbs,
,2022-2027,entegra,vision xl,36C,propaneGal,
,2022-2027,entegra,vision xl,36C,waterHeaterGal,
,2022-2027,entegra,vision xl,36C,cargoLbs,
,2022-2027,entegra,vision xl,36C,garageLengthFt,
,2022-2027,entegra,vision xl,36C,garageWidthFt,
,2022-2027,entegra,vision xl,36C,garageHeightIn,
,2022-2027,entegra,vision xl,36C,garageCapacityLbs,
,2022-2027,entegra,vision xl,36C,rampPatioLbs,
,2022-2027,entegra,vision xl,36C,fuelStationGal,
,2022-2027,entegra,vision xl,36C,axles,
,2022-2027,entegra,vision xl,36C,tireSize,
,2022-2027,entegra,vision xl,36C,slideouts,
,2020-2026,entegra,vision,27A,sleeps,
,2020-2026,entegra,vision,27A,dryWeightLbs,
,2020-2026,entegra,vision,27A,fuelCapacityGal,
,2020-2026,entegra,vision,27A,propaneLbs,
,2020-2026,entegra,vision,27A,propaneGal,
,2020-2026,entegra,vision,27A,waterHeaterGal,
,2020-2026,entegra,vision,27A,cargoLbs,
,2020-2026,entegra,vision,27A,garageLengthFt,
,2020-2026,entegra,vision,27A,garageWidthFt,
,2020-2026,entegra,vision,27A,garageHeightIn,
,2020-2026,entegra,vision,27A,garageCapacityLbs,
,2020-2026,entegra,vision,27A,rampPatioLbs,
,2020-2026,entegra,vision,27A,fuelStationGal,
,2020-2026,entegra,vision,27A,axles,
,2020-2026,entegra,vision,27A,tireSize,
,2020-2026,entegra,vision,27A,slideouts,
,2024-2027,entegra,vision,27A,uvwLbs,
,2024-2027,entegra,vision,27A,length,
,2024-2027,entegra,vision,27A,exteriorHeightIn,
,2024-2027,entegra,vision,27A,exteriorWidthIn,
,2024-2027,entegra,vision,27A,interiorHeightIn,
,2024-2027,entegra,vision,27A,sleeps,
,2024-2027,entegra,vision,27A,dryWeightLbs,
,2024-2027,entegra,vision,27A,hitchLbs,
,2024-2027,entegra,vision,27A,fuelCapacityGal,
,2024-2027,entegra,vision,27A,freshWater,
,2024-2027,entegra,vision,27A,grayWater,
,2024-2027,entegra,vision,27A,blackWater,
,2024-2027,entegra,vision,27A,propaneLbs,
,2024-2027,entegra,vision,27A,propaneGal,
,2024-2027,entegra,vision,27A,waterHeaterGal,
,2024-2027,entegra,vision,27A,cargoLbs,
,2024-2027,entegra,vision,27A,garageLengthFt,
,2024-2027,entegra,vision,27A,garageWidthFt,
,2024-2027,entegra,vision,27A,garageHeightIn,
,2024-2027,entegra,vision,27A,garageCapacityLbs,
,2024-2027,entegra,vision,27A,rampPatioLbs,
,2024-2027,entegra,vision,27A,fuelStationGal,
,2024-2027,entegra,vision,27A,axles,
,2024-2027,entegra,vision,27A,tireSize,
,2024-2027,entegra,vision,27A,slideouts,
,2024-2027,entegra,vision,29F,uvwLbs,
,2024-2027,entegra,vision,29F,length,
,2024-2027,entegra,vision,29F,exteriorHeightIn,
,2024-2027,entegra,vision,29F,exteriorWidthIn,
,2024-2027,entegra,vision,29F,interiorHeightIn,
,2024-2027,entegra,vision,29F,sleeps,
,2024-2027,entegra,vision,29F,dryWeightLbs,
,2024-2027,entegra,vision,29F,hitchLbs,
,2024-2027,entegra,vision,29F,fuelCapacityGal,
,2024-2027,entegra,vision,29F,freshWater,
,2024-2027,entegra,vision,29F,grayWater,
,2024-2027,entegra,vision,29F,blackWater,
,2024-2027,entegra,vision,29F,propaneLbs,
,2024-2027,entegra,vision,29F,propaneGal,
,2024-2027,entegra,vision,29F,waterHeaterGal,
,2024-2027,entegra,vision,29F,cargoLbs,
,2024-2027,entegra,vision,29F,garageLengthFt,
,2024-2027,entegra,vision,29F,garageWidthFt,
,2024-2027,entegra,vision,29F,garageHeightIn,
,2024-2027,entegra,vision,29F,garageCapacityLbs,
,2024-2027,entegra,vision,29F,rampPatioLbs,
,2024-2027,entegra,vision,29F,fuelStationGal,
,2024-2027,entegra,vision,29F,axles,
,2024-2027,entegra,vision,29F,tireSize,
,2024-2027,entegra,vision,29F,slideouts,
,2020-2026,entegra,vision,29S,sleeps,
,2020-2026,entegra,vision,29S,dryWeightLbs,
,2020-2026,entegra,vision,29S,fuelCapacityGal,
,2020-2026,entegra,vision,29S,propaneLbs,
,2020-2026,entegra,vision,29S,propaneGal,
,2020-2026,entegra,vision,29S,waterHeaterGal,
,2020-2026,entegra,vision,29S,cargoLbs,
,2020-2026,entegra,vision,29S,garageLengthFt,
,2020-2026,entegra,vision,29S,garageWidthFt,
,2020-2026,entegra,vision,29S,garageHeightIn,
,2020-2026,entegra,vision,29S,garageCapacityLbs,
,2020-2026,entegra,vision,29S,rampPatioLbs,
,2020-2026,entegra,vision,29S,fuelStationGal,
,2020-2026,entegra,vision,29S,axles,
,2020-2026,entegra,vision,29S,tireSize,
,2020-2026,entegra,vision,29S,slideouts,
,2024-2027,entegra,vision,29S,uvwLbs,
,2024-2027,entegra,vision,29S,length,
,2024-2027,entegra,vision,29S,exteriorHeightIn,
,2024-2027,entegra,vision,29S,exteriorWidthIn,
,2024-2027,entegra,vision,29S,interiorHeightIn,
,2024-2027,entegra,vision,29S,sleeps,
,2024-2027,entegra,vision,29S,dryWeightLbs,
,2024-2027,entegra,vision,29S,hitchLbs,
,2024-2027,entegra,vision,29S,fuelCapacityGal,
,2024-2027,entegra,vision,29S,freshWater,
,2024-2027,entegra,vision,29S,grayWater,
,2024-2027,entegra,vision,29S,blackWater,
,2024-2027,entegra,vision,29S,propaneLbs,
,2024-2027,entegra,vision,29S,propaneGal,
,2024-2027,entegra,vision,29S,waterHeaterGal,
,2024-2027,entegra,vision,29S,cargoLbs,
,2024-2027,entegra,vision,29S,garageLengthFt,
,2024-2027,entegra,vision,29S,garageWidthFt,
,2024-2027,entegra,vision,29S,garageHeightIn,
,2024-2027,entegra,vision,29S,garageCapacityLbs,
,2024-2027,entegra,vision,29S,rampPatioLbs,
,2024-2027,entegra,vision,29S,fuelStationGal,
,2024-2027,entegra,vision,29S,axles,
,2024-2027,entegra,vision,29S,tireSize,
,2024-2027,entegra,vision,29S,slideouts,
2027,,fleetwood,altitude,27U,uvwLbs,
2027,,fleetwood,altitude,27U,length,
2027,,fleetwood,altitude,27U,exteriorHeightIn,
2027,,fleetwood,altitude,27U,exteriorWidthIn,
2027,,fleetwood,altitude,27U,interiorHeightIn,
2027,,fleetwood,altitude,27U,sleeps,
2027,,fleetwood,altitude,27U,dryWeightLbs,
2027,,fleetwood,altitude,27U,hitchLbs,
2027,,fleetwood,altitude,27U,fuelCapacityGal,
2027,,fleetwood,altitude,27U,freshWater,
2027,,fleetwood,altitude,27U,grayWater,
2027,,fleetwood,altitude,27U,blackWater,
2027,,fleetwood,altitude,27U,propaneLbs,
2027,,fleetwood,altitude,27U,propaneGal,
2027,,fleetwood,altitude,27U,waterHeaterGal,
2027,,fleetwood,altitude,27U,cargoLbs,
2027,,fleetwood,altitude,27U,garageLengthFt,
2027,,fleetwood,altitude,27U,garageWidthFt,
2027,,fleetwood,altitude,27U,garageHeightIn,
2027,,fleetwood,altitude,27U,garageCapacityLbs,
2027,,fleetwood,altitude,27U,rampPatioLbs,
2027,,fleetwood,altitude,27U,fuelStationGal,
2027,,fleetwood,altitude,27U,axles,
2027,,fleetwood,altitude,27U,tireSize,
2027,,fleetwood,altitude,27U,slideouts,
2027,,fleetwood,altitude,29F,uvwLbs,
2027,,fleetwood,altitude,29F,length,
2027,,fleetwood,altitude,29F,exteriorHeightIn,
2027,,fleetwood,altitude,29F,exteriorWidthIn,
2027,,fleetwood,altitude,29F,interiorHeightIn,
2027,,fleetwood,altitude,29F,sleeps,
2027,,fleetwood,altitude,29F,dryWeightLbs,
2027,,fleetwood,altitude,29F,hitchLbs,
2027,,fleetwood,altitude,29F,fuelCapacityGal,
2027,,fleetwood,altitude,29F,freshWater,
2027,,fleetwood,altitude,29F,grayWater,
2027,,fleetwood,altitude,29F,blackWater,
2027,,fleetwood,altitude,29F,propaneLbs,
2027,,fleetwood,altitude,29F,propaneGal,
2027,,fleetwood,altitude,29F,waterHeaterGal,
2027,,fleetwood,altitude,29F,cargoLbs,
2027,,fleetwood,altitude,29F,garageLengthFt,
2027,,fleetwood,altitude,29F,garageWidthFt,
2027,,fleetwood,altitude,29F,garageHeightIn,
2027,,fleetwood,altitude,29F,garageCapacityLbs,
2027,,fleetwood,altitude,29F,rampPatioLbs,
2027,,fleetwood,altitude,29F,fuelStationGal,
2027,,fleetwood,altitude,29F,axles,
2027,,fleetwood,altitude,29F,tireSize,
2027,,fleetwood,altitude,29F,slideouts,
2027,,fleetwood,altitude,29H,uvwLbs,
2027,,fleetwood,altitude,29H,length,
2027,,fleetwood,altitude,29H,exteriorHeightIn,
2027,,fleetwood,altitude,29H,exteriorWidthIn,
2027,,fleetwood,altitude,29H,interiorHeightIn,
2027,,fleetwood,altitude,29H,sleeps,
2027,,fleetwood,altitude,29H,dryWeightLbs,
2027,,fleetwood,altitude,29H,hitchLbs,
2027,,fleetwood,altitude,29H,fuelCapacityGal,
2027,,fleetwood,altitude,29H,freshWater,
2027,,fleetwood,altitude,29H,grayWater,
2027,,fleetwood,altitude,29H,blackWater,
2027,,fleetwood,altitude,29H,propaneLbs,
2027,,fleetwood,altitude,29H,propaneGal,
2027,,fleetwood,altitude,29H,waterHeaterGal,
2027,,fleetwood,altitude,29H,cargoLbs,
2027,,fleetwood,altitude,29H,garageLengthFt,
2027,,fleetwood,altitude,29H,garageWidthFt,
2027,,fleetwood,altitude,29H,garageHeightIn,
2027,,fleetwood,altitude,29H,garageCapacityLbs,
2027,,fleetwood,altitude,29H,rampPatioLbs,
2027,,fleetwood,altitude,29H,fuelStationGal,
2027,,fleetwood,altitude,29H,axles,
2027,,fleetwood,altitude,29H,tireSize,
2027,,fleetwood,altitude,29H,slideouts,
2027,,fleetwood,altitude,31W,uvwLbs,
2027,,fleetwood,altitude,31W,length,
2027,,fleetwood,altitude,31W,exteriorHeightIn,
2027,,fleetwood,altitude,31W,exteriorWidthIn,
2027,,fleetwood,altitude,31W,interiorHeightIn,
2027,,fleetwood,altitude,31W,sleeps,
2027,,fleetwood,altitude,31W,dryWeightLbs,
2027,,fleetwood,altitude,31W,hitchLbs,
2027,,fleetwood,altitude,31W,fuelCapacityGal,
2027,,fleetwood,altitude,31W,freshWater,
2027,,fleetwood,altitude,31W,grayWater,
2027,,fleetwood,altitude,31W,blackWater,
2027,,fleetwood,altitude,31W,propaneLbs,
2027,,fleetwood,altitude,31W,propaneGal,
2027,,fleetwood,altitude,31W,waterHeaterGal,
2027,,fleetwood,altitude,31W,cargoLbs,
2027,,fleetwood,altitude,31W,garageLengthFt,
2027,,fleetwood,altitude,31W,garageWidthFt,
2027,,fleetwood,altitude,31W,garageHeightIn,
2027,,fleetwood,altitude,31W,garageCapacityLbs,
2027,,fleetwood,altitude,31W,rampPatioLbs,
2027,,fleetwood,altitude,31W,fuelStationGal,
2027,,fleetwood,altitude,31W,axles,
2027,,fleetwood,altitude,31W,tireSize,
2027,,fleetwood,altitude,31W,slideouts,
,2020-2023,fleetwood,discovery,36Q,uvwLbs,
,2020-2023,fleetwood,discovery,36Q,sleeps,
,2020-2023,fleetwood,discovery,36Q,dryWeightLbs,
,2020-2023,fleetwood,discovery,36Q,fuelCapacityGal,
,2020-2023,fleetwood,discovery,36Q,propaneLbs,
,2020-2023,fleetwood,discovery,36Q,propaneGal,
,2020-2023,fleetwood,discovery,36Q,waterHeaterGal,
,2020-2023,fleetwood,discovery,36Q,cargoLbs,
,2020-2023,fleetwood,discovery,36Q,garageLengthFt,
,2020-2023,fleetwood,discovery,36Q,garageWidthFt,
,2020-2023,fleetwood,discovery,36Q,garageHeightIn,
,2020-2023,fleetwood,discovery,36Q,garageCapacityLbs,
,2020-2023,fleetwood,discovery,36Q,rampPatioLbs,
,2020-2023,fleetwood,discovery,36Q,fuelStationGal,
,2020-2023,fleetwood,discovery,36Q,axles,
,2020-2023,fleetwood,discovery,36Q,tireSize,
,2020-2023,fleetwood,discovery,36Q,slideouts,
,2020-2023,fleetwood,discovery,38K,uvwLbs,
,2020-2023,fleetwood,discovery,38K,sleeps,
,2020-2023,fleetwood,discovery,38K,dryWeightLbs,
,2020-2023,fleetwood,discovery,38K,fuelCapacityGal,
,2020-2023,fleetwood,discovery,38K,propaneLbs,
,2020-2023,fleetwood,discovery,38K,propaneGal,
,2020-2023,fleetwood,discovery,38K,waterHeaterGal,
,2020-2023,fleetwood,discovery,38K,cargoLbs,
,2020-2023,fleetwood,discovery,38K,garageLengthFt,
,2020-2023,fleetwood,discovery,38K,garageWidthFt,
,2020-2023,fleetwood,discovery,38K,garageHeightIn,
,2020-2023,fleetwood,discovery,38K,garageCapacityLbs,
,2020-2023,fleetwood,discovery,38K,rampPatioLbs,
,2020-2023,fleetwood,discovery,38K,fuelStationGal,
,2020-2023,fleetwood,discovery,38K,axles,
,2020-2023,fleetwood,discovery,38K,tireSize,
,2020-2023,fleetwood,discovery,38K,slideouts,
,2020-2024,fleetwood,discovery,38N,uvwLbs,
,2020-2024,fleetwood,discovery,38N,sleeps,
,2020-2024,fleetwood,discovery,38N,dryWeightLbs,
,2020-2024,fleetwood,discovery,38N,fuelCapacityGal,
,2020-2024,fleetwood,discovery,38N,propaneLbs,
,2020-2024,fleetwood,discovery,38N,propaneGal,
,2020-2024,fleetwood,discovery,38N,waterHeaterGal,
,2020-2024,fleetwood,discovery,38N,cargoLbs,
,2020-2024,fleetwood,discovery,38N,garageLengthFt,
,2020-2024,fleetwood,discovery,38N,garageWidthFt,
,2020-2024,fleetwood,discovery,38N,garageHeightIn,
,2020-2024,fleetwood,discovery,38N,garageCapacityLbs,
,2020-2024,fleetwood,discovery,38N,rampPatioLbs,
,2020-2024,fleetwood,discovery,38N,fuelStationGal,
,2020-2024,fleetwood,discovery,38N,axles,
,2020-2024,fleetwood,discovery,38N,tireSize,
,2020-2024,fleetwood,discovery,38N,slideouts,
,2020-2024,fleetwood,discovery,38W,uvwLbs,
,2020-2024,fleetwood,discovery,38W,sleeps,
,2020-2024,fleetwood,discovery,38W,dryWeightLbs,
,2020-2024,fleetwood,discovery,38W,fuelCapacityGal,
,2020-2024,fleetwood,discovery,38W,propaneLbs,
,2020-2024,fleetwood,discovery,38W,propaneGal,
,2020-2024,fleetwood,discovery,38W,waterHeaterGal,
,2020-2024,fleetwood,discovery,38W,cargoLbs,
,2020-2024,fleetwood,discovery,38W,garageLengthFt,
,2020-2024,fleetwood,discovery,38W,garageWidthFt,
,2020-2024,fleetwood,discovery,38W,garageHeightIn,
,2020-2024,fleetwood,discovery,38W,garageCapacityLbs,
,2020-2024,fleetwood,discovery,38W,rampPatioLbs,
,2020-2024,fleetwood,discovery,38W,fuelStationGal,
,2020-2024,fleetwood,discovery,38W,axles,
,2020-2024,fleetwood,discovery,38W,tireSize,
,2020-2024,fleetwood,discovery,38W,slideouts,
2027,,forest river,cardinal,32CHILL,length,
2027,,forest river,cardinal,32CHILL,exteriorHeightIn,
2027,,forest river,cardinal,32CHILL,exteriorWidthIn,
2027,,forest river,cardinal,32CHILL,interiorHeightIn,
2027,,forest river,cardinal,32CHILL,sleeps,
2027,,forest river,cardinal,32CHILL,dryWeightLbs,
2027,,forest river,cardinal,32CHILL,hitchLbs,
2027,,forest river,cardinal,32CHILL,fuelCapacityGal,
2027,,forest river,cardinal,32CHILL,freshWater,
2027,,forest river,cardinal,32CHILL,grayWater,
2027,,forest river,cardinal,32CHILL,blackWater,
2027,,forest river,cardinal,32CHILL,propaneLbs,
2027,,forest river,cardinal,32CHILL,propaneGal,
2027,,forest river,cardinal,32CHILL,waterHeaterGal,
2027,,forest river,cardinal,32CHILL,cargoLbs,
2027,,forest river,cardinal,32CHILL,garageLengthFt,
2027,,forest river,cardinal,32CHILL,garageWidthFt,
2027,,forest river,cardinal,32CHILL,garageHeightIn,
2027,,forest river,cardinal,32CHILL,garageCapacityLbs,
2027,,forest river,cardinal,32CHILL,rampPatioLbs,
2027,,forest river,cardinal,32CHILL,fuelStationGal,
2027,,forest river,cardinal,32CHILL,axles,
2027,,forest river,cardinal,32CHILL,tireSize,
2027,,forest river,cardinal,32CHILL,slideouts,
2027,,forest river,cardinal,33CHEF,length,
2027,,forest river,cardinal,33CHEF,exteriorHeightIn,
2027,,forest river,cardinal,33CHEF,exteriorWidthIn,
2027,,forest river,cardinal,33CHEF,interiorHeightIn,
2027,,forest river,cardinal,33CHEF,sleeps,
2027,,forest river,cardinal,33CHEF,dryWeightLbs,
2027,,forest river,cardinal,33CHEF,hitchLbs,
2027,,forest river,cardinal,33CHEF,fuelCapacityGal,
2027,,forest river,cardinal,33CHEF,freshWater,
2027,,forest river,cardinal,33CHEF,grayWater,
2027,,forest river,cardinal,33CHEF,blackWater,
2027,,forest river,cardinal,33CHEF,propaneLbs,
2027,,forest river,cardinal,33CHEF,propaneGal,
2027,,forest river,cardinal,33CHEF,waterHeaterGal,
2027,,forest river,cardinal,33CHEF,cargoLbs,
2027,,forest river,cardinal,33CHEF,garageLengthFt,
2027,,forest river,cardinal,33CHEF,garageWidthFt,
2027,,forest river,cardinal,33CHEF,garageHeightIn,
2027,,forest river,cardinal,33CHEF,garageCapacityLbs,
2027,,forest river,cardinal,33CHEF,rampPatioLbs,
2027,,forest river,cardinal,33CHEF,fuelStationGal,
2027,,forest river,cardinal,33CHEF,axles,
2027,,forest river,cardinal,33CHEF,tireSize,
2027,,forest river,cardinal,33CHEF,slideouts,
2027,,forest river,cardinal,35CRIB,length,
2027,,forest river,cardinal,35CRIB,exteriorHeightIn,
2027,,forest river,cardinal,35CRIB,exteriorWidthIn,
2027,,forest river,cardinal,35CRIB,interiorHeightIn,
2027,,forest river,cardinal,35CRIB,sleeps,
2027,,forest river,cardinal,35CRIB,dryWeightLbs,
2027,,forest river,cardinal,35CRIB,hitchLbs,
2027,,forest river,cardinal,35CRIB,fuelCapacityGal,
2027,,forest river,cardinal,35CRIB,freshWater,
2027,,forest river,cardinal,35CRIB,grayWater,
2027,,forest river,cardinal,35CRIB,blackWater,
2027,,forest river,cardinal,35CRIB,propaneLbs,
2027,,forest river,cardinal,35CRIB,propaneGal,
2027,,forest river,cardinal,35CRIB,waterHeaterGal,
2027,,forest river,cardinal,35CRIB,cargoLbs,
2027,,forest river,cardinal,35CRIB,garageLengthFt,
2027,,forest river,cardinal,35CRIB,garageWidthFt,
2027,,forest river,cardinal,35CRIB,garageHeightIn,
2027,,forest river,cardinal,35CRIB,garageCapacityLbs,
2027,,forest river,cardinal,35CRIB,rampPatioLbs,
2027,,forest river,cardinal,35CRIB,fuelStationGal,
2027,,forest river,cardinal,35CRIB,axles,
2027,,forest river,cardinal,35CRIB,tireSize,
2027,,forest river,cardinal,35CRIB,slideouts,
2027,,forest river,cardinal,36FL,length,
2027,,forest river,cardinal,36FL,exteriorHeightIn,
2027,,forest river,cardinal,36FL,exteriorWidthIn,
2027,,forest river,cardinal,36FL,interiorHeightIn,
2027,,forest river,cardinal,36FL,sleeps,
2027,,forest river,cardinal,36FL,dryWeightLbs,
2027,,forest river,cardinal,36FL,hitchLbs,
2027,,forest river,cardinal,36FL,fuelCapacityGal,
2027,,forest river,cardinal,36FL,freshWater,
2027,,forest river,cardinal,36FL,grayWater,
2027,,forest river,cardinal,36FL,blackWater,
2027,,forest river,cardinal,36FL,propaneLbs,
2027,,forest river,cardinal,36FL,propaneGal,
2027,,forest river,cardinal,36FL,waterHeaterGal,
2027,,forest river,cardinal,36FL,cargoLbs,
2027,,forest river,cardinal,36FL,garageLengthFt,
2027,,forest river,cardinal,36FL,garageWidthFt,
2027,,forest river,cardinal,36FL,garageHeightIn,
2027,,forest river,cardinal,36FL,garageCapacityLbs,
2027,,forest river,cardinal,36FL,rampPatioLbs,
2027,,forest river,cardinal,36FL,fuelStationGal,
2027,,forest river,cardinal,36FL,axles,
2027,,forest river,cardinal,36FL,tireSize,
2027,,forest river,cardinal,36FL,slideouts,
2027,,forest river,cardinal,36FUN,length,
2027,,forest river,cardinal,36FUN,exteriorHeightIn,
2027,,forest river,cardinal,36FUN,exteriorWidthIn,
2027,,forest river,cardinal,36FUN,interiorHeightIn,
2027,,forest river,cardinal,36FUN,sleeps,
2027,,forest river,cardinal,36FUN,dryWeightLbs,
2027,,forest river,cardinal,36FUN,hitchLbs,
2027,,forest river,cardinal,36FUN,fuelCapacityGal,
2027,,forest river,cardinal,36FUN,freshWater,
2027,,forest river,cardinal,36FUN,grayWater,
2027,,forest river,cardinal,36FUN,blackWater,
2027,,forest river,cardinal,36FUN,propaneLbs,
2027,,forest river,cardinal,36FUN,propaneGal,
2027,,forest river,cardinal,36FUN,waterHeaterGal,
2027,,forest river,cardinal,36FUN,cargoLbs,
2027,,forest river,cardinal,36FUN,garageLengthFt,
2027,,forest river,cardinal,36FUN,garageWidthFt,
2027,,forest river,cardinal,36FUN,garageHeightIn,
2027,,forest river,cardinal,36FUN,garageCapacityLbs,
2027,,forest river,cardinal,36FUN,rampPatioLbs,
2027,,forest river,cardinal,36FUN,fuelStationGal,
2027,,forest river,cardinal,36FUN,axles,
2027,,forest river,cardinal,36FUN,tireSize,
2027,,forest river,cardinal,36FUN,slideouts,
2027,,forest river,cardinal,37GALLEY,length,
2027,,forest river,cardinal,37GALLEY,exteriorHeightIn,
2027,,forest river,cardinal,37GALLEY,exteriorWidthIn,
2027,,forest river,cardinal,37GALLEY,interiorHeightIn,
2027,,forest river,cardinal,37GALLEY,sleeps,
2027,,forest river,cardinal,37GALLEY,dryWeightLbs,
2027,,forest river,cardinal,37GALLEY,hitchLbs,
2027,,forest river,cardinal,37GALLEY,fuelCapacityGal,
2027,,forest river,cardinal,37GALLEY,freshWater,
2027,,forest river,cardinal,37GALLEY,grayWater,
2027,,forest river,cardinal,37GALLEY,blackWater,
2027,,forest river,cardinal,37GALLEY,propaneLbs,
2027,,forest river,cardinal,37GALLEY,propaneGal,
2027,,forest river,cardinal,37GALLEY,waterHeaterGal,
2027,,forest river,cardinal,37GALLEY,cargoLbs,
2027,,forest river,cardinal,37GALLEY,garageLengthFt,
2027,,forest river,cardinal,37GALLEY,garageWidthFt,
2027,,forest river,cardinal,37GALLEY,garageHeightIn,
2027,,forest river,cardinal,37GALLEY,garageCapacityLbs,
2027,,forest river,cardinal,37GALLEY,rampPatioLbs,
2027,,forest river,cardinal,37GALLEY,fuelStationGal,
2027,,forest river,cardinal,37GALLEY,axles,
2027,,forest river,cardinal,37GALLEY,tireSize,
2027,,forest river,cardinal,37GALLEY,slideouts,
2027,,forest river,cardinal,38DEN,length,
2027,,forest river,cardinal,38DEN,exteriorHeightIn,
2027,,forest river,cardinal,38DEN,exteriorWidthIn,
2027,,forest river,cardinal,38DEN,interiorHeightIn,
2027,,forest river,cardinal,38DEN,sleeps,
2027,,forest river,cardinal,38DEN,dryWeightLbs,
2027,,forest river,cardinal,38DEN,hitchLbs,
2027,,forest river,cardinal,38DEN,fuelCapacityGal,
2027,,forest river,cardinal,38DEN,freshWater,
2027,,forest river,cardinal,38DEN,grayWater,
2027,,forest river,cardinal,38DEN,blackWater,
2027,,forest river,cardinal,38DEN,propaneLbs,
2027,,forest river,cardinal,38DEN,propaneGal,
2027,,forest river,cardinal,38DEN,waterHeaterGal,
2027,,forest river,cardinal,38DEN,cargoLbs,
2027,,forest river,cardinal,38DEN,garageLengthFt,
2027,,forest river,cardinal,38DEN,garageWidthFt,
2027,,forest river,cardinal,38DEN,garageHeightIn,
2027,,forest river,cardinal,38DEN,garageCapacityLbs,
2027,,forest river,cardinal,38DEN,rampPatioLbs,
2027,,forest river,cardinal,38DEN,fuelStationGal,
2027,,forest river,cardinal,38DEN,axles,
2027,,forest river,cardinal,38DEN,tireSize,
2027,,forest river,cardinal,38DEN,slideouts,
,2020-2026,forest river,cherokee,26DBH,sleeps,
,2020-2026,forest river,cherokee,26DBH,dryWeightLbs,
,2020-2026,forest river,cherokee,26DBH,fuelCapacityGal,
,2020-2026,forest river,cherokee,26DBH,propaneGal,
,2020-2026,forest river,cherokee,26DBH,waterHeaterGal,
,2020-2026,forest river,cherokee,26DBH,cargoLbs,
,2020-2026,forest river,cherokee,26DBH,garageLengthFt,
,2020-2026,forest river,cherokee,26DBH,garageWidthFt,
,2020-2026,forest river,cherokee,26DBH,garageHeightIn,
,2020-2026,forest river,cherokee,26DBH,garageCapacityLbs,
,2020-2026,forest river,cherokee,26DBH,rampPatioLbs,
,2020-2026,forest river,cherokee,26DBH,fuelStationGal,
,2020-2026,forest river,cherokee,26DBH,axles,
,2020-2026,forest river,cherokee,26DBH,tireSize,
,2020-2026,forest river,cherokee,26DBH,slideouts,
2018,,forest river,forester mbs,2401R,dryWeightLbs,
2018,,forest river,forester mbs,2401R,propaneLbs,
2018,,forest river,forester mbs,2401R,propaneGal,
2018,,forest river,forester mbs,2401R,waterHeaterGal,
2018,,forest river,forester mbs,2401R,cargoLbs,
2018,,forest river,forester mbs,2401R,garageLengthFt,
2018,,forest river,forester mbs,2401R,garageWidthFt,
2018,,forest river,forester mbs,2401R,garageHeightIn,
2018,,forest river,forester mbs,2401R,garageCapacityLbs,
2018,,forest river,forester mbs,2401R,rampPatioLbs,
2018,,forest river,forester mbs,2401R,fuelStationGal,
2018,,forest river,forester mbs,2401R,axles,
2018,,forest river,forester mbs,2401R,tireSize,
,2025-2026,forest river,fr3,30DS,uvwLbs,
,2025-2026,forest river,fr3,30DS,length,
,2025-2026,forest river,fr3,30DS,exteriorHeightIn,
,2025-2026,forest river,fr3,30DS,exteriorWidthIn,
,2025-2026,forest river,fr3,30DS,interiorHeightIn,
,2025-2026,forest river,fr3,30DS,sleeps,
,2025-2026,forest river,fr3,30DS,dryWeightLbs,
,2025-2026,forest river,fr3,30DS,hitchLbs,
,2025-2026,forest river,fr3,30DS,fuelCapacityGal,
,2025-2026,forest river,fr3,30DS,freshWater,
,2025-2026,forest river,fr3,30DS,grayWater,
,2025-2026,forest river,fr3,30DS,blackWater,
,2025-2026,forest river,fr3,30DS,propaneLbs,
,2025-2026,forest river,fr3,30DS,propaneGal,
,2025-2026,forest river,fr3,30DS,waterHeaterGal,
,2025-2026,forest river,fr3,30DS,cargoLbs,
,2025-2026,forest river,fr3,30DS,garageLengthFt,
,2025-2026,forest river,fr3,30DS,garageWidthFt,
,2025-2026,forest river,fr3,30DS,garageHeightIn,
,2025-2026,forest river,fr3,30DS,garageCapacityLbs,
,2025-2026,forest river,fr3,30DS,rampPatioLbs,
,2025-2026,forest river,fr3,30DS,fuelStationGal,
,2025-2026,forest river,fr3,30DS,axles,
,2025-2026,forest river,fr3,30DS,tireSize,
,2025-2026,forest river,fr3,30DS,slideouts,
,2025-2026,forest river,fr3,31DS,uvwLbs,
,2025-2026,forest river,fr3,31DS,length,
,2025-2026,forest river,fr3,31DS,exteriorHeightIn,
,2025-2026,forest river,fr3,31DS,exteriorWidthIn,
,2025-2026,forest river,fr3,31DS,interiorHeightIn,
,2025-2026,forest river,fr3,31DS,sleeps,
,2025-2026,forest river,fr3,31DS,dryWeightLbs,
,2025-2026,forest river,fr3,31DS,hitchLbs,
,2025-2026,forest river,fr3,31DS,fuelCapacityGal,
,2025-2026,forest river,fr3,31DS,freshWater,
,2025-2026,forest river,fr3,31DS,grayWater,
,2025-2026,forest river,fr3,31DS,blackWater,
,2025-2026,forest river,fr3,31DS,propaneLbs,
,2025-2026,forest river,fr3,31DS,propaneGal,
,2025-2026,forest river,fr3,31DS,waterHeaterGal,
,2025-2026,forest river,fr3,31DS,cargoLbs,
,2025-2026,forest river,fr3,31DS,garageLengthFt,
,2025-2026,forest river,fr3,31DS,garageWidthFt,
,2025-2026,forest river,fr3,31DS,garageHeightIn,
,2025-2026,forest river,fr3,31DS,garageCapacityLbs,
,2025-2026,forest river,fr3,31DS,rampPatioLbs,
,2025-2026,forest river,fr3,31DS,fuelStationGal,
,2025-2026,forest river,fr3,31DS,axles,
,2025-2026,forest river,fr3,31DS,tireSize,
,2025-2026,forest river,fr3,31DS,slideouts,
,2025-2026,forest river,fr3,34DS,uvwLbs,
,2025-2026,forest river,fr3,34DS,length,
,2025-2026,forest river,fr3,34DS,exteriorHeightIn,
,2025-2026,forest river,fr3,34DS,exteriorWidthIn,
,2025-2026,forest river,fr3,34DS,interiorHeightIn,
,2025-2026,forest river,fr3,34DS,sleeps,
,2025-2026,forest river,fr3,34DS,dryWeightLbs,
,2025-2026,forest river,fr3,34DS,hitchLbs,
,2025-2026,forest river,fr3,34DS,fuelCapacityGal,
,2025-2026,forest river,fr3,34DS,freshWater,
,2025-2026,forest river,fr3,34DS,grayWater,
,2025-2026,forest river,fr3,34DS,blackWater,
,2025-2026,forest river,fr3,34DS,propaneLbs,
,2025-2026,forest river,fr3,34DS,propaneGal,
,2025-2026,forest river,fr3,34DS,waterHeaterGal,
,2025-2026,forest river,fr3,34DS,cargoLbs,
,2025-2026,forest river,fr3,34DS,garageLengthFt,
,2025-2026,forest river,fr3,34DS,garageWidthFt,
,2025-2026,forest river,fr3,34DS,garageHeightIn,
,2025-2026,forest river,fr3,34DS,garageCapacityLbs,
,2025-2026,forest river,fr3,34DS,rampPatioLbs,
,2025-2026,forest river,fr3,34DS,fuelStationGal,
,2025-2026,forest river,fr3,34DS,axles,
,2025-2026,forest river,fr3,34DS,tireSize,
,2025-2026,forest river,fr3,34DS,slideouts,
,2025-2026,forest river,fr3,35DS,uvwLbs,
,2025-2026,forest river,fr3,35DS,length,
,2025-2026,forest river,fr3,35DS,exteriorHeightIn,
,2025-2026,forest river,fr3,35DS,exteriorWidthIn,
,2025-2026,forest river,fr3,35DS,interiorHeightIn,
,2025-2026,forest river,fr3,35DS,sleeps,
,2025-2026,forest river,fr3,35DS,dryWeightLbs,
,2025-2026,forest river,fr3,35DS,hitchLbs,
,2025-2026,forest river,fr3,35DS,fuelCapacityGal,
,2025-2026,forest river,fr3,35DS,freshWater,
,2025-2026,forest river,fr3,35DS,grayWater,
,2025-2026,forest river,fr3,35DS,blackWater,
,2025-2026,forest river,fr3,35DS,propaneLbs,
,2025-2026,forest river,fr3,35DS,propaneGal,
,2025-2026,forest river,fr3,35DS,waterHeaterGal,
,2025-2026,forest river,fr3,35DS,cargoLbs,
,2025-2026,forest river,fr3,35DS,garageLengthFt,
,2025-2026,forest river,fr3,35DS,garageWidthFt,
,2025-2026,forest river,fr3,35DS,garageHeightIn,
,2025-2026,forest river,fr3,35DS,garageCapacityLbs,
,2025-2026,forest river,fr3,35DS,rampPatioLbs,
,2025-2026,forest river,fr3,35DS,fuelStationGal,
,2025-2026,forest river,fr3,35DS,axles,
,2025-2026,forest river,fr3,35DS,tireSize,
,2025-2026,forest river,fr3,35DS,slideouts,
,2025-2026,forest river,georgetown 5 series,31L5,uvwLbs,
,2025-2026,forest river,georgetown 5 series,31L5,length,
,2025-2026,forest river,georgetown 5 series,31L5,exteriorHeightIn,
,2025-2026,forest river,georgetown 5 series,31L5,exteriorWidthIn,
,2025-2026,forest river,georgetown 5 series,31L5,interiorHeightIn,
,2025-2026,forest river,georgetown 5 series,31L5,sleeps,
,2025-2026,forest river,georgetown 5 series,31L5,dryWeightLbs,
,2025-2026,forest river,georgetown 5 series,31L5,hitchLbs,
,2025-2026,forest river,georgetown 5 series,31L5,fuelCapacityGal,
,2025-2026,forest river,georgetown 5 series,31L5,freshWater,
,2025-2026,forest river,georgetown 5 series,31L5,grayWater,
,2025-2026,forest river,georgetown 5 series,31L5,blackWater,
,2025-2026,forest river,georgetown 5 series,31L5,propaneLbs,
,2025-2026,forest river,georgetown 5 series,31L5,propaneGal,
,2025-2026,forest river,georgetown 5 series,31L5,waterHeaterGal,
,2025-2026,forest river,georgetown 5 series,31L5,cargoLbs,
,2025-2026,forest river,georgetown 5 series,31L5,garageLengthFt,
,2025-2026,forest river,georgetown 5 series,31L5,garageWidthFt,
,2025-2026,forest river,georgetown 5 series,31L5,garageHeightIn,
,2025-2026,forest river,georgetown 5 series,31L5,garageCapacityLbs,
,2025-2026,forest river,georgetown 5 series,31L5,rampPatioLbs,
,2025-2026,forest river,georgetown 5 series,31L5,fuelStationGal,
,2025-2026,forest river,georgetown 5 series,31L5,axles,
,2025-2026,forest river,georgetown 5 series,31L5,tireSize,
,2025-2026,forest river,georgetown 5 series,31L5,slideouts,
2026,,forest river,georgetown 5 series,34H5,uvwLbs,
2026,,forest river,georgetown 5 series,34H5,length,
2026,,forest river,georgetown 5 series,34H5,exteriorHeightIn,
2026,,forest river,georgetown 5 series,34H5,exteriorWidthIn,
2026,,forest river,georgetown 5 series,34H5,interiorHeightIn,
2026,,forest river,georgetown 5 series,34H5,sleeps,
2026,,forest river,georgetown 5 series,34H5,dryWeightLbs,
2026,,forest river,georgetown 5 series,34H5,hitchLbs,
2026,,forest river,georgetown 5 series,34H5,fuelCapacityGal,
2026,,forest river,georgetown 5 series,34H5,freshWater,
2026,,forest river,georgetown 5 series,34H5,grayWater,
2026,,forest river,georgetown 5 series,34H5,blackWater,
2026,,forest river,georgetown 5 series,34H5,propaneLbs,
2026,,forest river,georgetown 5 series,34H5,propaneGal,
2026,,forest river,georgetown 5 series,34H5,waterHeaterGal,
2026,,forest river,georgetown 5 series,34H5,cargoLbs,
2026,,forest river,georgetown 5 series,34H5,garageLengthFt,
2026,,forest river,georgetown 5 series,34H5,garageWidthFt,
2026,,forest river,georgetown 5 series,34H5,garageHeightIn,
2026,,forest river,georgetown 5 series,34H5,garageCapacityLbs,
2026,,forest river,georgetown 5 series,34H5,rampPatioLbs,
2026,,forest river,georgetown 5 series,34H5,fuelStationGal,
2026,,forest river,georgetown 5 series,34H5,axles,
2026,,forest river,georgetown 5 series,34H5,tireSize,
2026,,forest river,georgetown 5 series,34H5,slideouts,
,2020-2026,forest river,grey wolf,26DBH,sleeps,
,2020-2026,forest river,grey wolf,26DBH,dryWeightLbs,
,2020-2026,forest river,grey wolf,26DBH,fuelCapacityGal,
,2020-2026,forest river,grey wolf,26DBH,propaneGal,
,2020-2026,forest river,grey wolf,26DBH,waterHeaterGal,
,2020-2026,forest river,grey wolf,26DBH,cargoLbs,
,2020-2026,forest river,grey wolf,26DBH,garageLengthFt,
,2020-2026,forest river,grey wolf,26DBH,garageWidthFt,
,2020-2026,forest river,grey wolf,26DBH,garageHeightIn,
,2020-2026,forest river,grey wolf,26DBH,garageCapacityLbs,
,2020-2026,forest river,grey wolf,26DBH,rampPatioLbs,
,2020-2026,forest river,grey wolf,26DBH,fuelStationGal,
,2020-2026,forest river,grey wolf,26DBH,axles,
,2020-2026,forest river,grey wolf,26DBH,tireSize,
,2020-2026,forest river,grey wolf,26DBH,slideouts,
2026,,forest river,impression,235RW,length,
2026,,forest river,impression,235RW,exteriorHeightIn,
2026,,forest river,impression,235RW,exteriorWidthIn,
2026,,forest river,impression,235RW,interiorHeightIn,
2026,,forest river,impression,235RW,sleeps,
2026,,forest river,impression,235RW,dryWeightLbs,
2026,,forest river,impression,235RW,hitchLbs,
2026,,forest river,impression,235RW,fuelCapacityGal,
2026,,forest river,impression,235RW,freshWater,
2026,,forest river,impression,235RW,grayWater,
2026,,forest river,impression,235RW,blackWater,
2026,,forest river,impression,235RW,propaneLbs,
2026,,forest river,impression,235RW,propaneGal,
2026,,forest river,impression,235RW,waterHeaterGal,
2026,,forest river,impression,235RW,cargoLbs,
2026,,forest river,impression,235RW,garageLengthFt,
2026,,forest river,impression,235RW,garageWidthFt,
2026,,forest river,impression,235RW,garageHeightIn,
2026,,forest river,impression,235RW,garageCapacityLbs,
2026,,forest river,impression,235RW,rampPatioLbs,
2026,,forest river,impression,235RW,fuelStationGal,
2026,,forest river,impression,235RW,axles,
2026,,forest river,impression,235RW,tireSize,
2026,,forest river,impression,235RW,slideouts,
2026,,forest river,impression,242RD,length,
2026,,forest river,impression,242RD,exteriorHeightIn,
2026,,forest river,impression,242RD,exteriorWidthIn,
2026,,forest river,impression,242RD,interiorHeightIn,
2026,,forest river,impression,242RD,sleeps,
2026,,forest river,impression,242RD,dryWeightLbs,
2026,,forest river,impression,242RD,hitchLbs,
2026,,forest river,impression,242RD,fuelCapacityGal,
2026,,forest river,impression,242RD,freshWater,
2026,,forest river,impression,242RD,grayWater,
2026,,forest river,impression,242RD,blackWater,
2026,,forest river,impression,242RD,propaneLbs,
2026,,forest river,impression,242RD,propaneGal,
2026,,forest river,impression,242RD,waterHeaterGal,
2026,,forest river,impression,242RD,cargoLbs,
2026,,forest river,impression,242RD,garageLengthFt,
2026,,forest river,impression,242RD,garageWidthFt,
2026,,forest river,impression,242RD,garageHeightIn,
2026,,forest river,impression,242RD,garageCapacityLbs,
2026,,forest river,impression,242RD,rampPatioLbs,
2026,,forest river,impression,242RD,fuelStationGal,
2026,,forest river,impression,242RD,axles,
2026,,forest river,impression,242RD,tireSize,
2026,,forest river,impression,242RD,slideouts,
2026,,forest river,impression,301ML,length,
2026,,forest river,impression,301ML,exteriorHeightIn,
2026,,forest river,impression,301ML,exteriorWidthIn,
2026,,forest river,impression,301ML,interiorHeightIn,
2026,,forest river,impression,301ML,sleeps,
2026,,forest river,impression,301ML,dryWeightLbs,
2026,,forest river,impression,301ML,hitchLbs,
2026,,forest river,impression,301ML,fuelCapacityGal,
2026,,forest river,impression,301ML,freshWater,
2026,,forest river,impression,301ML,grayWater,
2026,,forest river,impression,301ML,blackWater,
2026,,forest river,impression,301ML,propaneLbs,
2026,,forest river,impression,301ML,propaneGal,
2026,,forest river,impression,301ML,waterHeaterGal,
2026,,forest river,impression,301ML,cargoLbs,
2026,,forest river,impression,301ML,garageLengthFt,
2026,,forest river,impression,301ML,garageWidthFt,
2026,,forest river,impression,301ML,garageHeightIn,
2026,,forest river,impression,301ML,garageCapacityLbs,
2026,,forest river,impression,301ML,rampPatioLbs,
2026,,forest river,impression,301ML,fuelStationGal,
2026,,forest river,impression,301ML,axles,
2026,,forest river,impression,301ML,tireSize,
2026,,forest river,impression,301ML,slideouts,
2026,,forest river,impression,315MB,interiorHeightIn,
2026,,forest river,impression,315MB,sleeps,
2026,,forest river,impression,315MB,dryWeightLbs,
2026,,forest river,impression,315MB,fuelCapacityGal,
2026,,forest river,impression,315MB,propaneLbs,
2026,,forest river,impression,315MB,propaneGal,
2026,,forest river,impression,315MB,waterHeaterGal,
2026,,forest river,impression,315MB,cargoLbs,
2026,,forest river,impression,315MB,garageLengthFt,
2026,,forest river,impression,315MB,garageWidthFt,
2026,,forest river,impression,315MB,garageHeightIn,
2026,,forest river,impression,315MB,garageCapacityLbs,
2026,,forest river,impression,315MB,rampPatioLbs,
2026,,forest river,impression,315MB,fuelStationGal,
2026,,forest river,impression,315MB,axles,
2026,,forest river,impression,315MB,tireSize,
2026,,forest river,impression,315MB,slideouts,
2026,,forest river,impression,318RL,interiorHeightIn,
2026,,forest river,impression,318RL,sleeps,
2026,,forest river,impression,318RL,dryWeightLbs,
2026,,forest river,impression,318RL,fuelCapacityGal,
2026,,forest river,impression,318RL,propaneLbs,
2026,,forest river,impression,318RL,propaneGal,
2026,,forest river,impression,318RL,waterHeaterGal,
2026,,forest river,impression,318RL,cargoLbs,
2026,,forest river,impression,318RL,garageLengthFt,
2026,,forest river,impression,318RL,garageWidthFt,
2026,,forest river,impression,318RL,garageHeightIn,
2026,,forest river,impression,318RL,garageCapacityLbs,
2026,,forest river,impression,318RL,rampPatioLbs,
2026,,forest river,impression,318RL,fuelStationGal,
2026,,forest river,impression,318RL,axles,
2026,,forest river,impression,318RL,tireSize,
2026,,forest river,impression,318RL,slideouts,
2026,,forest river,impression,360MYR,length,
2026,,forest river,impression,360MYR,exteriorHeightIn,
2026,,forest river,impression,360MYR,exteriorWidthIn,
2026,,forest river,impression,360MYR,interiorHeightIn,
2026,,forest river,impression,360MYR,sleeps,
2026,,forest river,impression,360MYR,dryWeightLbs,
2026,,forest river,impression,360MYR,hitchLbs,
2026,,forest river,impression,360MYR,fuelCapacityGal,
2026,,forest river,impression,360MYR,freshWater,
2026,,forest river,impression,360MYR,grayWater,
2026,,forest river,impression,360MYR,blackWater,
2026,,forest river,impression,360MYR,propaneLbs,
2026,,forest river,impression,360MYR,propaneGal,
2026,,forest river,impression,360MYR,waterHeaterGal,
2026,,forest river,impression,360MYR,cargoLbs,
2026,,forest river,impression,360MYR,garageLengthFt,
2026,,forest river,impression,360MYR,garageWidthFt,
2026,,forest river,impression,360MYR,garageHeightIn,
2026,,forest river,impression,360MYR,garageCapacityLbs,
2026,,forest river,impression,360MYR,rampPatioLbs,
2026,,forest river,impression,360MYR,fuelStationGal,
2026,,forest river,impression,360MYR,axles,
2026,,forest river,impression,360MYR,tireSize,
2026,,forest river,impression,360MYR,slideouts,
2026,,forest river,impression,36BR3,interiorHeightIn,
2026,,forest river,impression,36BR3,sleeps,
2026,,forest river,impression,36BR3,dryWeightLbs,
2026,,forest river,impression,36BR3,fuelCapacityGal,
2026,,forest river,impression,36BR3,propaneLbs,
2026,,forest river,impression,36BR3,propaneGal,
2026,,forest river,impression,36BR3,waterHeaterGal,
2026,,forest river,impression,36BR3,cargoLbs,
2026,,forest river,impression,36BR3,garageLengthFt,
2026,,forest river,impression,36BR3,garageWidthFt,
2026,,forest river,impression,36BR3,garageHeightIn,
2026,,forest river,impression,36BR3,garageCapacityLbs,
2026,,forest river,impression,36BR3,rampPatioLbs,
2026,,forest river,impression,36BR3,fuelStationGal,
2026,,forest river,impression,36BR3,axles,
2026,,forest river,impression,36BR3,tireSize,
2026,,forest river,impression,36BR3,slideouts,
2026,,forest river,impression,372DUO,length,
2026,,forest river,impression,372DUO,exteriorHeightIn,
2026,,forest river,impression,372DUO,exteriorWidthIn,
2026,,forest river,impression,372DUO,interiorHeightIn,
2026,,forest river,impression,372DUO,sleeps,
2026,,forest river,impression,372DUO,dryWeightLbs,
2026,,forest river,impression,372DUO,hitchLbs,
2026,,forest river,impression,372DUO,fuelCapacityGal,
2026,,forest river,impression,372DUO,freshWater,
2026,,forest river,impression,372DUO,grayWater,
2026,,forest river,impression,372DUO,blackWater,
2026,,forest river,impression,372DUO,propaneLbs,
2026,,forest river,impression,372DUO,propaneGal,
2026,,forest river,impression,372DUO,waterHeaterGal,
2026,,forest river,impression,372DUO,cargoLbs,
2026,,forest river,impression,372DUO,garageLengthFt,
2026,,forest river,impression,372DUO,garageWidthFt,
2026,,forest river,impression,372DUO,garageHeightIn,
2026,,forest river,impression,372DUO,garageCapacityLbs,
2026,,forest river,impression,372DUO,rampPatioLbs,
2026,,forest river,impression,372DUO,fuelStationGal,
2026,,forest river,impression,372DUO,axles,
2026,,forest river,impression,372DUO,tireSize,
2026,,forest river,impression,372DUO,slideouts,
2026,,forest river,impression,37MB2B,length,
2026,,forest river,impression,37MB2B,exteriorHeightIn,
2026,,forest river,impression,37MB2B,exteriorWidthIn,
2026,,forest river,impression,37MB2B,interiorHeightIn,
2026,,forest river,impression,37MB2B,sleeps,
2026,,forest river,impression,37MB2B,dryWeightLbs,
2026,,forest river,impression,37MB2B,hitchLbs,
2026,,forest river,impression,37MB2B,fuelCapacityGal,
2026,,forest river,impression,37MB2B,freshWater,
2026,,forest river,impression,37MB2B,grayWater,
2026,,forest river,impression,37MB2B,blackWater,
2026,,forest river,impression,37MB2B,propaneLbs,
2026,,forest river,impression,37MB2B,propaneGal,
2026,,forest river,impression,37MB2B,waterHeaterGal,
2026,,forest river,impression,37MB2B,cargoLbs,
2026,,forest river,impression,37MB2B,garageLengthFt,
2026,,forest river,impression,37MB2B,garageWidthFt,
2026,,forest river,impression,37MB2B,garageHeightIn,
2026,,forest river,impression,37MB2B,garageCapacityLbs,
2026,,forest river,impression,37MB2B,rampPatioLbs,
2026,,forest river,impression,37MB2B,fuelStationGal,
2026,,forest river,impression,37MB2B,axles,
2026,,forest river,impression,37MB2B,tireSize,
2026,,forest river,impression,37MB2B,slideouts,
2026,,forest river,impression,44STAY,length,
2026,,forest river,impression,44STAY,exteriorHeightIn,
2026,,forest river,impression,44STAY,exteriorWidthIn,
2026,,forest river,impression,44STAY,interiorHeightIn,
2026,,forest river,impression,44STAY,sleeps,
2026,,forest river,impression,44STAY,dryWeightLbs,
2026,,forest river,impression,44STAY,hitchLbs,
2026,,forest river,impression,44STAY,fuelCapacityGal,
2026,,forest river,impression,44STAY,freshWater,
2026,,forest river,impression,44STAY,grayWater,
2026,,forest river,impression,44STAY,blackWater,
2026,,forest river,impression,44STAY,propaneLbs,
2026,,forest river,impression,44STAY,propaneGal,
2026,,forest river,impression,44STAY,waterHeaterGal,
2026,,forest river,impression,44STAY,cargoLbs,
2026,,forest river,impression,44STAY,garageLengthFt,
2026,,forest river,impression,44STAY,garageWidthFt,
2026,,forest river,impression,44STAY,garageHeightIn,
2026,,forest river,impression,44STAY,garageCapacityLbs,
2026,,forest river,impression,44STAY,rampPatioLbs,
2026,,forest river,impression,44STAY,fuelStationGal,
2026,,forest river,impression,44STAY,axles,
2026,,forest river,impression,44STAY,tireSize,
2026,,forest river,impression,44STAY,slideouts,
2026,,forest river,no boundaries,NB18.0,length,
2026,,forest river,no boundaries,NB18.0,exteriorHeightIn,
2026,,forest river,no boundaries,NB18.0,exteriorWidthIn,
2026,,forest river,no boundaries,NB18.0,interiorHeightIn,
2026,,forest river,no boundaries,NB18.0,sleeps,
2026,,forest river,no boundaries,NB18.0,dryWeightLbs,
2026,,forest river,no boundaries,NB18.0,hitchLbs,
2026,,forest river,no boundaries,NB18.0,fuelCapacityGal,
2026,,forest river,no boundaries,NB18.0,freshWater,
2026,,forest river,no boundaries,NB18.0,grayWater,
2026,,forest river,no boundaries,NB18.0,blackWater,
2026,,forest river,no boundaries,NB18.0,propaneLbs,
2026,,forest river,no boundaries,NB18.0,propaneGal,
2026,,forest river,no boundaries,NB18.0,waterHeaterGal,
2026,,forest river,no boundaries,NB18.0,cargoLbs,
2026,,forest river,no boundaries,NB18.0,garageLengthFt,
2026,,forest river,no boundaries,NB18.0,garageWidthFt,
2026,,forest river,no boundaries,NB18.0,garageHeightIn,
2026,,forest river,no boundaries,NB18.0,garageCapacityLbs,
2026,,forest river,no boundaries,NB18.0,rampPatioLbs,
2026,,forest river,no boundaries,NB18.0,fuelStationGal,
2026,,forest river,no boundaries,NB18.0,axles,
2026,,forest river,no boundaries,NB18.0,tireSize,
2026,,forest river,no boundaries,NB18.0,slideouts,
2026,,forest river,no boundaries,NB18.2,length,
2026,,forest river,no boundaries,NB18.2,exteriorHeightIn,
2026,,forest river,no boundaries,NB18.2,exteriorWidthIn,
2026,,forest river,no boundaries,NB18.2,interiorHeightIn,
2026,,forest river,no boundaries,NB18.2,sleeps,
2026,,forest river,no boundaries,NB18.2,dryWeightLbs,
2026,,forest river,no boundaries,NB18.2,hitchLbs,
2026,,forest river,no boundaries,NB18.2,fuelCapacityGal,
2026,,forest river,no boundaries,NB18.2,freshWater,
2026,,forest river,no boundaries,NB18.2,grayWater,
2026,,forest river,no boundaries,NB18.2,blackWater,
2026,,forest river,no boundaries,NB18.2,propaneLbs,
2026,,forest river,no boundaries,NB18.2,propaneGal,
2026,,forest river,no boundaries,NB18.2,waterHeaterGal,
2026,,forest river,no boundaries,NB18.2,cargoLbs,
2026,,forest river,no boundaries,NB18.2,garageLengthFt,
2026,,forest river,no boundaries,NB18.2,garageWidthFt,
2026,,forest river,no boundaries,NB18.2,garageHeightIn,
2026,,forest river,no boundaries,NB18.2,garageCapacityLbs,
2026,,forest river,no boundaries,NB18.2,rampPatioLbs,
2026,,forest river,no boundaries,NB18.2,fuelStationGal,
2026,,forest river,no boundaries,NB18.2,axles,
2026,,forest river,no boundaries,NB18.2,tireSize,
2026,,forest river,no boundaries,NB18.2,slideouts,
2026,,forest river,no boundaries,NB18.3,length,
2026,,forest river,no boundaries,NB18.3,exteriorHeightIn,
2026,,forest river,no boundaries,NB18.3,exteriorWidthIn,
2026,,forest river,no boundaries,NB18.3,interiorHeightIn,
2026,,forest river,no boundaries,NB18.3,sleeps,
2026,,forest river,no boundaries,NB18.3,dryWeightLbs,
2026,,forest river,no boundaries,NB18.3,hitchLbs,
2026,,forest river,no boundaries,NB18.3,fuelCapacityGal,
2026,,forest river,no boundaries,NB18.3,freshWater,
2026,,forest river,no boundaries,NB18.3,grayWater,
2026,,forest river,no boundaries,NB18.3,blackWater,
2026,,forest river,no boundaries,NB18.3,propaneLbs,
2026,,forest river,no boundaries,NB18.3,propaneGal,
2026,,forest river,no boundaries,NB18.3,waterHeaterGal,
2026,,forest river,no boundaries,NB18.3,cargoLbs,
2026,,forest river,no boundaries,NB18.3,garageLengthFt,
2026,,forest river,no boundaries,NB18.3,garageWidthFt,
2026,,forest river,no boundaries,NB18.3,garageHeightIn,
2026,,forest river,no boundaries,NB18.3,garageCapacityLbs,
2026,,forest river,no boundaries,NB18.3,rampPatioLbs,
2026,,forest river,no boundaries,NB18.3,fuelStationGal,
2026,,forest river,no boundaries,NB18.3,axles,
2026,,forest river,no boundaries,NB18.3,tireSize,
2026,,forest river,no boundaries,NB18.3,slideouts,
2026,,forest river,no boundaries,NB18.7,length,
2026,,forest river,no boundaries,NB18.7,exteriorHeightIn,
2026,,forest river,no boundaries,NB18.7,exteriorWidthIn,
2026,,forest river,no boundaries,NB18.7,interiorHeightIn,
2026,,forest river,no boundaries,NB18.7,sleeps,
2026,,forest river,no boundaries,NB18.7,dryWeightLbs,
2026,,forest river,no boundaries,NB18.7,hitchLbs,
2026,,forest river,no boundaries,NB18.7,fuelCapacityGal,
2026,,forest river,no boundaries,NB18.7,freshWater,
2026,,forest river,no boundaries,NB18.7,grayWater,
2026,,forest river,no boundaries,NB18.7,blackWater,
2026,,forest river,no boundaries,NB18.7,propaneLbs,
2026,,forest river,no boundaries,NB18.7,propaneGal,
2026,,forest river,no boundaries,NB18.7,waterHeaterGal,
2026,,forest river,no boundaries,NB18.7,cargoLbs,
2026,,forest river,no boundaries,NB18.7,garageLengthFt,
2026,,forest river,no boundaries,NB18.7,garageWidthFt,
2026,,forest river,no boundaries,NB18.7,garageHeightIn,
2026,,forest river,no boundaries,NB18.7,garageCapacityLbs,
2026,,forest river,no boundaries,NB18.7,rampPatioLbs,
2026,,forest river,no boundaries,NB18.7,fuelStationGal,
2026,,forest river,no boundaries,NB18.7,axles,
2026,,forest river,no boundaries,NB18.7,tireSize,
2026,,forest river,no boundaries,NB18.7,slideouts,
2026,,forest river,no boundaries,NB19.0,length,
2026,,forest river,no boundaries,NB19.0,exteriorHeightIn,
2026,,forest river,no boundaries,NB19.0,exteriorWidthIn,
2026,,forest river,no boundaries,NB19.0,interiorHeightIn,
2026,,forest river,no boundaries,NB19.0,sleeps,
2026,,forest river,no boundaries,NB19.0,dryWeightLbs,
2026,,forest river,no boundaries,NB19.0,hitchLbs,
2026,,forest river,no boundaries,NB19.0,fuelCapacityGal,
2026,,forest river,no boundaries,NB19.0,freshWater,
2026,,forest river,no boundaries,NB19.0,grayWater,
2026,,forest river,no boundaries,NB19.0,blackWater,
2026,,forest river,no boundaries,NB19.0,propaneLbs,
2026,,forest river,no boundaries,NB19.0,propaneGal,
2026,,forest river,no boundaries,NB19.0,waterHeaterGal,
2026,,forest river,no boundaries,NB19.0,cargoLbs,
2026,,forest river,no boundaries,NB19.0,garageLengthFt,
2026,,forest river,no boundaries,NB19.0,garageWidthFt,
2026,,forest river,no boundaries,NB19.0,garageHeightIn,
2026,,forest river,no boundaries,NB19.0,garageCapacityLbs,
2026,,forest river,no boundaries,NB19.0,rampPatioLbs,
2026,,forest river,no boundaries,NB19.0,fuelStationGal,
2026,,forest river,no boundaries,NB19.0,axles,
2026,,forest river,no boundaries,NB19.0,tireSize,
2026,,forest river,no boundaries,NB19.0,slideouts,
2026,,forest river,no boundaries,NB19.2,length,
2026,,forest river,no boundaries,NB19.2,exteriorHeightIn,
2026,,forest river,no boundaries,NB19.2,exteriorWidthIn,
2026,,forest river,no boundaries,NB19.2,interiorHeightIn,
2026,,forest river,no boundaries,NB19.2,sleeps,
2026,,forest river,no boundaries,NB19.2,dryWeightLbs,
2026,,forest river,no boundaries,NB19.2,hitchLbs,
2026,,forest river,no boundaries,NB19.2,fuelCapacityGal,
2026,,forest river,no boundaries,NB19.2,freshWater,
2026,,forest river,no boundaries,NB19.2,grayWater,
2026,,forest river,no boundaries,NB19.2,blackWater,
2026,,forest river,no boundaries,NB19.2,propaneLbs,
2026,,forest river,no boundaries,NB19.2,propaneGal,
2026,,forest river,no boundaries,NB19.2,waterHeaterGal,
2026,,forest river,no boundaries,NB19.2,cargoLbs,
2026,,forest river,no boundaries,NB19.2,garageLengthFt,
2026,,forest river,no boundaries,NB19.2,garageWidthFt,
2026,,forest river,no boundaries,NB19.2,garageHeightIn,
2026,,forest river,no boundaries,NB19.2,garageCapacityLbs,
2026,,forest river,no boundaries,NB19.2,rampPatioLbs,
2026,,forest river,no boundaries,NB19.2,fuelStationGal,
2026,,forest river,no boundaries,NB19.2,axles,
2026,,forest river,no boundaries,NB19.2,tireSize,
2026,,forest river,no boundaries,NB19.2,slideouts,
2026,,forest river,no boundaries,NB19.3,length,
2026,,forest river,no boundaries,NB19.3,exteriorHeightIn,
2026,,forest river,no boundaries,NB19.3,exteriorWidthIn,
2026,,forest river,no boundaries,NB19.3,interiorHeightIn,
2026,,forest river,no boundaries,NB19.3,sleeps,
2026,,forest river,no boundaries,NB19.3,dryWeightLbs,
2026,,forest river,no boundaries,NB19.3,hitchLbs,
2026,,forest river,no boundaries,NB19.3,fuelCapacityGal,
2026,,forest river,no boundaries,NB19.3,freshWater,
2026,,forest river,no boundaries,NB19.3,grayWater,
2026,,forest river,no boundaries,NB19.3,blackWater,
2026,,forest river,no boundaries,NB19.3,propaneLbs,
2026,,forest river,no boundaries,NB19.3,propaneGal,
2026,,forest river,no boundaries,NB19.3,waterHeaterGal,
2026,,forest river,no boundaries,NB19.3,cargoLbs,
2026,,forest river,no boundaries,NB19.3,garageLengthFt,
2026,,forest river,no boundaries,NB19.3,garageWidthFt,
2026,,forest river,no boundaries,NB19.3,garageHeightIn,
2026,,forest river,no boundaries,NB19.3,garageCapacityLbs,
2026,,forest river,no boundaries,NB19.3,rampPatioLbs,
2026,,forest river,no boundaries,NB19.3,fuelStationGal,
2026,,forest river,no boundaries,NB19.3,axles,
2026,,forest river,no boundaries,NB19.3,tireSize,
2026,,forest river,no boundaries,NB19.3,slideouts,
2026,,forest river,no boundaries,NB19.4,length,
2026,,forest river,no boundaries,NB19.4,exteriorHeightIn,
2026,,forest river,no boundaries,NB19.4,exteriorWidthIn,
2026,,forest river,no boundaries,NB19.4,interiorHeightIn,
2026,,forest river,no boundaries,NB19.4,sleeps,
2026,,forest river,no boundaries,NB19.4,dryWeightLbs,
2026,,forest river,no boundaries,NB19.4,hitchLbs,
2026,,forest river,no boundaries,NB19.4,fuelCapacityGal,
2026,,forest river,no boundaries,NB19.4,freshWater,
2026,,forest river,no boundaries,NB19.4,grayWater,
2026,,forest river,no boundaries,NB19.4,blackWater,
2026,,forest river,no boundaries,NB19.4,propaneLbs,
2026,,forest river,no boundaries,NB19.4,propaneGal,
2026,,forest river,no boundaries,NB19.4,waterHeaterGal,
2026,,forest river,no boundaries,NB19.4,cargoLbs,
2026,,forest river,no boundaries,NB19.4,garageLengthFt,
2026,,forest river,no boundaries,NB19.4,garageWidthFt,
2026,,forest river,no boundaries,NB19.4,garageHeightIn,
2026,,forest river,no boundaries,NB19.4,garageCapacityLbs,
2026,,forest river,no boundaries,NB19.4,rampPatioLbs,
2026,,forest river,no boundaries,NB19.4,fuelStationGal,
2026,,forest river,no boundaries,NB19.4,axles,
2026,,forest river,no boundaries,NB19.4,tireSize,
2026,,forest river,no boundaries,NB19.4,slideouts,
,2026-2027,forest river,no boundaries,NB19.6,interiorHeightIn,
,2026-2027,forest river,no boundaries,NB19.6,sleeps,
,2026-2027,forest river,no boundaries,NB19.6,dryWeightLbs,
,2026-2027,forest river,no boundaries,NB19.6,fuelCapacityGal,
,2026-2027,forest river,no boundaries,NB19.6,propaneLbs,
,2026-2027,forest river,no boundaries,NB19.6,propaneGal,
,2026-2027,forest river,no boundaries,NB19.6,waterHeaterGal,
,2026-2027,forest river,no boundaries,NB19.6,cargoLbs,
,2026-2027,forest river,no boundaries,NB19.6,garageLengthFt,
,2026-2027,forest river,no boundaries,NB19.6,garageWidthFt,
,2026-2027,forest river,no boundaries,NB19.6,garageHeightIn,
,2026-2027,forest river,no boundaries,NB19.6,garageCapacityLbs,
,2026-2027,forest river,no boundaries,NB19.6,rampPatioLbs,
,2026-2027,forest river,no boundaries,NB19.6,fuelStationGal,
,2026-2027,forest river,no boundaries,NB19.6,axles,
,2026-2027,forest river,no boundaries,NB19.6,tireSize,
,2026-2027,forest river,no boundaries,NB19.6,slideouts,
2026,,forest river,no boundaries,NB20.2,length,
2026,,forest river,no boundaries,NB20.2,exteriorHeightIn,
2026,,forest river,no boundaries,NB20.2,exteriorWidthIn,
2026,,forest river,no boundaries,NB20.2,interiorHeightIn,
2026,,forest river,no boundaries,NB20.2,sleeps,
2026,,forest river,no boundaries,NB20.2,dryWeightLbs,
2026,,forest river,no boundaries,NB20.2,hitchLbs,
2026,,forest river,no boundaries,NB20.2,fuelCapacityGal,
2026,,forest river,no boundaries,NB20.2,freshWater,
2026,,forest river,no boundaries,NB20.2,grayWater,
2026,,forest river,no boundaries,NB20.2,blackWater,
2026,,forest river,no boundaries,NB20.2,propaneLbs,
2026,,forest river,no boundaries,NB20.2,propaneGal,
2026,,forest river,no boundaries,NB20.2,waterHeaterGal,
2026,,forest river,no boundaries,NB20.2,cargoLbs,
2026,,forest river,no boundaries,NB20.2,garageLengthFt,
2026,,forest river,no boundaries,NB20.2,garageWidthFt,
2026,,forest river,no boundaries,NB20.2,garageHeightIn,
2026,,forest river,no boundaries,NB20.2,garageCapacityLbs,
2026,,forest river,no boundaries,NB20.2,rampPatioLbs,
2026,,forest river,no boundaries,NB20.2,fuelStationGal,
2026,,forest river,no boundaries,NB20.2,axles,
2026,,forest river,no boundaries,NB20.2,tireSize,
2026,,forest river,no boundaries,NB20.2,slideouts,
2026,,forest river,no boundaries,NB20.3,length,
2026,,forest river,no boundaries,NB20.3,exteriorHeightIn,
2026,,forest river,no boundaries,NB20.3,exteriorWidthIn,
2026,,forest river,no boundaries,NB20.3,interiorHeightIn,
2026,,forest river,no boundaries,NB20.3,sleeps,
2026,,forest river,no boundaries,NB20.3,dryWeightLbs,
2026,,forest river,no boundaries,NB20.3,hitchLbs,
2026,,forest river,no boundaries,NB20.3,fuelCapacityGal,
2026,,forest river,no boundaries,NB20.3,freshWater,
2026,,forest river,no boundaries,NB20.3,grayWater,
2026,,forest river,no boundaries,NB20.3,blackWater,
2026,,forest river,no boundaries,NB20.3,propaneLbs,
2026,,forest river,no boundaries,NB20.3,propaneGal,
2026,,forest river,no boundaries,NB20.3,waterHeaterGal,
2026,,forest river,no boundaries,NB20.3,cargoLbs,
2026,,forest river,no boundaries,NB20.3,garageLengthFt,
2026,,forest river,no boundaries,NB20.3,garageWidthFt,
2026,,forest river,no boundaries,NB20.3,garageHeightIn,
2026,,forest river,no boundaries,NB20.3,garageCapacityLbs,
2026,,forest river,no boundaries,NB20.3,rampPatioLbs,
2026,,forest river,no boundaries,NB20.3,fuelStationGal,
2026,,forest river,no boundaries,NB20.3,axles,
2026,,forest river,no boundaries,NB20.3,tireSize,
2026,,forest river,no boundaries,NB20.3,slideouts,
2026,,forest river,no boundaries,NB20.4,length,
2026,,forest river,no boundaries,NB20.4,exteriorHeightIn,
2026,,forest river,no boundaries,NB20.4,exteriorWidthIn,
2026,,forest river,no boundaries,NB20.4,interiorHeightIn,
2026,,forest river,no boundaries,NB20.4,sleeps,
2026,,forest river,no boundaries,NB20.4,dryWeightLbs,
2026,,forest river,no boundaries,NB20.4,hitchLbs,
2026,,forest river,no boundaries,NB20.4,fuelCapacityGal,
2026,,forest river,no boundaries,NB20.4,freshWater,
2026,,forest river,no boundaries,NB20.4,grayWater,
2026,,forest river,no boundaries,NB20.4,blackWater,
2026,,forest river,no boundaries,NB20.4,propaneLbs,
2026,,forest river,no boundaries,NB20.4,propaneGal,
2026,,forest river,no boundaries,NB20.4,waterHeaterGal,
2026,,forest river,no boundaries,NB20.4,cargoLbs,
2026,,forest river,no boundaries,NB20.4,garageLengthFt,
2026,,forest river,no boundaries,NB20.4,garageWidthFt,
2026,,forest river,no boundaries,NB20.4,garageHeightIn,
2026,,forest river,no boundaries,NB20.4,garageCapacityLbs,
2026,,forest river,no boundaries,NB20.4,rampPatioLbs,
2026,,forest river,no boundaries,NB20.4,fuelStationGal,
2026,,forest river,no boundaries,NB20.4,axles,
2026,,forest river,no boundaries,NB20.4,tireSize,
2026,,forest river,no boundaries,NB20.4,slideouts,
2026,,forest river,no boundaries,NB20.5,length,
2026,,forest river,no boundaries,NB20.5,exteriorHeightIn,
2026,,forest river,no boundaries,NB20.5,exteriorWidthIn,
2026,,forest river,no boundaries,NB20.5,interiorHeightIn,
2026,,forest river,no boundaries,NB20.5,sleeps,
2026,,forest river,no boundaries,NB20.5,dryWeightLbs,
2026,,forest river,no boundaries,NB20.5,hitchLbs,
2026,,forest river,no boundaries,NB20.5,fuelCapacityGal,
2026,,forest river,no boundaries,NB20.5,freshWater,
2026,,forest river,no boundaries,NB20.5,grayWater,
2026,,forest river,no boundaries,NB20.5,blackWater,
2026,,forest river,no boundaries,NB20.5,propaneLbs,
2026,,forest river,no boundaries,NB20.5,propaneGal,
2026,,forest river,no boundaries,NB20.5,waterHeaterGal,
2026,,forest river,no boundaries,NB20.5,cargoLbs,
2026,,forest river,no boundaries,NB20.5,garageLengthFt,
2026,,forest river,no boundaries,NB20.5,garageWidthFt,
2026,,forest river,no boundaries,NB20.5,garageHeightIn,
2026,,forest river,no boundaries,NB20.5,garageCapacityLbs,
2026,,forest river,no boundaries,NB20.5,rampPatioLbs,
2026,,forest river,no boundaries,NB20.5,fuelStationGal,
2026,,forest river,no boundaries,NB20.5,axles,
2026,,forest river,no boundaries,NB20.5,tireSize,
2026,,forest river,no boundaries,NB20.5,slideouts,
2026,,forest river,no boundaries,NB20.6,length,
2026,,forest river,no boundaries,NB20.6,exteriorHeightIn,
2026,,forest river,no boundaries,NB20.6,exteriorWidthIn,
2026,,forest river,no boundaries,NB20.6,interiorHeightIn,
2026,,forest river,no boundaries,NB20.6,sleeps,
2026,,forest river,no boundaries,NB20.6,dryWeightLbs,
2026,,forest river,no boundaries,NB20.6,hitchLbs,
2026,,forest river,no boundaries,NB20.6,fuelCapacityGal,
2026,,forest river,no boundaries,NB20.6,freshWater,
2026,,forest river,no boundaries,NB20.6,grayWater,
2026,,forest river,no boundaries,NB20.6,blackWater,
2026,,forest river,no boundaries,NB20.6,propaneLbs,
2026,,forest river,no boundaries,NB20.6,propaneGal,
2026,,forest river,no boundaries,NB20.6,waterHeaterGal,
2026,,forest river,no boundaries,NB20.6,cargoLbs,
2026,,forest river,no boundaries,NB20.6,garageLengthFt,
2026,,forest river,no boundaries,NB20.6,garageWidthFt,
2026,,forest river,no boundaries,NB20.6,garageHeightIn,
2026,,forest river,no boundaries,NB20.6,garageCapacityLbs,
2026,,forest river,no boundaries,NB20.6,rampPatioLbs,
2026,,forest river,no boundaries,NB20.6,fuelStationGal,
2026,,forest river,no boundaries,NB20.6,axles,
2026,,forest river,no boundaries,NB20.6,tireSize,
2026,,forest river,no boundaries,NB20.6,slideouts,
2026,,forest river,no boundaries,NB20.7,length,
2026,,forest river,no boundaries,NB20.7,exteriorHeightIn,
2026,,forest river,no boundaries,NB20.7,exteriorWidthIn,
2026,,forest river,no boundaries,NB20.7,interiorHeightIn,
2026,,forest river,no boundaries,NB20.7,sleeps,
2026,,forest river,no boundaries,NB20.7,dryWeightLbs,
2026,,forest river,no boundaries,NB20.7,hitchLbs,
2026,,forest river,no boundaries,NB20.7,fuelCapacityGal,
2026,,forest river,no boundaries,NB20.7,freshWater,
2026,,forest river,no boundaries,NB20.7,grayWater,
2026,,forest river,no boundaries,NB20.7,blackWater,
2026,,forest river,no boundaries,NB20.7,propaneLbs,
2026,,forest river,no boundaries,NB20.7,propaneGal,
2026,,forest river,no boundaries,NB20.7,waterHeaterGal,
2026,,forest river,no boundaries,NB20.7,cargoLbs,
2026,,forest river,no boundaries,NB20.7,garageLengthFt,
2026,,forest river,no boundaries,NB20.7,garageWidthFt,
2026,,forest river,no boundaries,NB20.7,garageHeightIn,
2026,,forest river,no boundaries,NB20.7,garageCapacityLbs,
2026,,forest river,no boundaries,NB20.7,rampPatioLbs,
2026,,forest river,no boundaries,NB20.7,fuelStationGal,
2026,,forest river,no boundaries,NB20.7,axles,
2026,,forest river,no boundaries,NB20.7,tireSize,
2026,,forest river,no boundaries,NB20.7,slideouts,
2026,,forest river,no boundaries,NB20.8,length,
2026,,forest river,no boundaries,NB20.8,exteriorHeightIn,
2026,,forest river,no boundaries,NB20.8,exteriorWidthIn,
2026,,forest river,no boundaries,NB20.8,interiorHeightIn,
2026,,forest river,no boundaries,NB20.8,sleeps,
2026,,forest river,no boundaries,NB20.8,dryWeightLbs,
2026,,forest river,no boundaries,NB20.8,hitchLbs,
2026,,forest river,no boundaries,NB20.8,fuelCapacityGal,
2026,,forest river,no boundaries,NB20.8,freshWater,
2026,,forest river,no boundaries,NB20.8,grayWater,
2026,,forest river,no boundaries,NB20.8,blackWater,
2026,,forest river,no boundaries,NB20.8,propaneLbs,
2026,,forest river,no boundaries,NB20.8,propaneGal,
2026,,forest river,no boundaries,NB20.8,waterHeaterGal,
2026,,forest river,no boundaries,NB20.8,cargoLbs,
2026,,forest river,no boundaries,NB20.8,garageLengthFt,
2026,,forest river,no boundaries,NB20.8,garageWidthFt,
2026,,forest river,no boundaries,NB20.8,garageHeightIn,
2026,,forest river,no boundaries,NB20.8,garageCapacityLbs,
2026,,forest river,no boundaries,NB20.8,rampPatioLbs,
2026,,forest river,no boundaries,NB20.8,fuelStationGal,
2026,,forest river,no boundaries,NB20.8,axles,
2026,,forest river,no boundaries,NB20.8,tireSize,
2026,,forest river,no boundaries,NB20.8,slideouts,
2026,,forest river,no boundaries,NB20.9,length,
2026,,forest river,no boundaries,NB20.9,exteriorHeightIn,
2026,,forest river,no boundaries,NB20.9,exteriorWidthIn,
2026,,forest river,no boundaries,NB20.9,interiorHeightIn,
2026,,forest river,no boundaries,NB20.9,sleeps,
2026,,forest river,no boundaries,NB20.9,dryWeightLbs,
2026,,forest river,no boundaries,NB20.9,hitchLbs,
2026,,forest river,no boundaries,NB20.9,fuelCapacityGal,
2026,,forest river,no boundaries,NB20.9,freshWater,
2026,,forest river,no boundaries,NB20.9,grayWater,
2026,,forest river,no boundaries,NB20.9,blackWater,
2026,,forest river,no boundaries,NB20.9,propaneLbs,
2026,,forest river,no boundaries,NB20.9,propaneGal,
2026,,forest river,no boundaries,NB20.9,waterHeaterGal,
2026,,forest river,no boundaries,NB20.9,cargoLbs,
2026,,forest river,no boundaries,NB20.9,garageLengthFt,
2026,,forest river,no boundaries,NB20.9,garageWidthFt,
2026,,forest river,no boundaries,NB20.9,garageHeightIn,
2026,,forest river,no boundaries,NB20.9,garageCapacityLbs,
2026,,forest river,no boundaries,NB20.9,rampPatioLbs,
2026,,forest river,no boundaries,NB20.9,fuelStationGal,
2026,,forest river,no boundaries,NB20.9,axles,
2026,,forest river,no boundaries,NB20.9,tireSize,
2026,,forest river,no boundaries,NB20.9,slideouts,
2026,,forest river,r-pod,RP-153,gvwrLbs,
2026,,forest river,r-pod,RP-153,interiorHeightIn,
2026,,forest river,r-pod,RP-153,sleeps,
2026,,forest river,r-pod,RP-153,dryWeightLbs,
2026,,forest river,r-pod,RP-153,fuelCapacityGal,
2026,,forest river,r-pod,RP-153,propaneLbs,
2026,,forest river,r-pod,RP-153,propaneGal,
2026,,forest river,r-pod,RP-153,waterHeaterGal,
2026,,forest river,r-pod,RP-153,cargoLbs,
2026,,forest river,r-pod,RP-153,garageLengthFt,
2026,,forest river,r-pod,RP-153,garageWidthFt,
2026,,forest river,r-pod,RP-153,garageHeightIn,
2026,,forest river,r-pod,RP-153,garageCapacityLbs,
2026,,forest river,r-pod,RP-153,rampPatioLbs,
2026,,forest river,r-pod,RP-153,fuelStationGal,
2026,,forest river,r-pod,RP-153,axles,
2026,,forest river,r-pod,RP-153,tireSize,
2026,,forest river,r-pod,RP-153,slideouts,
2026,,forest river,r-pod,RP-171,interiorHeightIn,
2026,,forest river,r-pod,RP-171,sleeps,
2026,,forest river,r-pod,RP-171,dryWeightLbs,
2026,,forest river,r-pod,RP-171,fuelCapacityGal,
2026,,forest river,r-pod,RP-171,propaneLbs,
2026,,forest river,r-pod,RP-171,propaneGal,
2026,,forest river,r-pod,RP-171,waterHeaterGal,
2026,,forest river,r-pod,RP-171,cargoLbs,
2026,,forest river,r-pod,RP-171,garageLengthFt,
2026,,forest river,r-pod,RP-171,garageWidthFt,
2026,,forest river,r-pod,RP-171,garageHeightIn,
2026,,forest river,r-pod,RP-171,garageCapacityLbs,
2026,,forest river,r-pod,RP-171,rampPatioLbs,
2026,,forest river,r-pod,RP-171,fuelStationGal,
2026,,forest river,r-pod,RP-171,axles,
2026,,forest river,r-pod,RP-171,tireSize,
2026,,forest river,r-pod,RP-171,slideouts,
2026,,forest river,r-pod,RP-180,gvwrLbs,
2026,,forest river,r-pod,RP-180,interiorHeightIn,
2026,,forest river,r-pod,RP-180,sleeps,
2026,,forest river,r-pod,RP-180,dryWeightLbs,
2026,,forest river,r-pod,RP-180,fuelCapacityGal,
2026,,forest river,r-pod,RP-180,propaneLbs,
2026,,forest river,r-pod,RP-180,propaneGal,
2026,,forest river,r-pod,RP-180,waterHeaterGal,
2026,,forest river,r-pod,RP-180,cargoLbs,
2026,,forest river,r-pod,RP-180,garageLengthFt,
2026,,forest river,r-pod,RP-180,garageWidthFt,
2026,,forest river,r-pod,RP-180,garageHeightIn,
2026,,forest river,r-pod,RP-180,garageCapacityLbs,
2026,,forest river,r-pod,RP-180,rampPatioLbs,
2026,,forest river,r-pod,RP-180,fuelStationGal,
2026,,forest river,r-pod,RP-180,axles,
2026,,forest river,r-pod,RP-180,tireSize,
2026,,forest river,r-pod,RP-180,slideouts,
2026,,forest river,r-pod,RP-185,gvwrLbs,
2026,,forest river,r-pod,RP-185,interiorHeightIn,
2026,,forest river,r-pod,RP-185,sleeps,
2026,,forest river,r-pod,RP-185,dryWeightLbs,
2026,,forest river,r-pod,RP-185,fuelCapacityGal,
2026,,forest river,r-pod,RP-185,propaneLbs,
2026,,forest river,r-pod,RP-185,propaneGal,
2026,,forest river,r-pod,RP-185,waterHeaterGal,
2026,,forest river,r-pod,RP-185,cargoLbs,
2026,,forest river,r-pod,RP-185,garageLengthFt,
2026,,forest river,r-pod,RP-185,garageWidthFt,
2026,,forest river,r-pod,RP-185,garageHeightIn,
2026,,forest river,r-pod,RP-185,garageCapacityLbs,
2026,,forest river,r-pod,RP-185,rampPatioLbs,
2026,,forest river,r-pod,RP-185,fuelStationGal,
2026,,forest river,r-pod,RP-185,axles,
2026,,forest river,r-pod,RP-185,tireSize,
2026,,forest river,r-pod,RP-185,slideouts,
2026,,forest river,r-pod,RP-190,interiorHeightIn,
2026,,forest river,r-pod,RP-190,sleeps,
2026,,forest river,r-pod,RP-190,dryWeightLbs,
2026,,forest river,r-pod,RP-190,fuelCapacityGal,
2026,,forest river,r-pod,RP-190,propaneLbs,
2026,,forest river,r-pod,RP-190,propaneGal,
2026,,forest river,r-pod,RP-190,waterHeaterGal,
2026,,forest river,r-pod,RP-190,cargoLbs,
2026,,forest river,r-pod,RP-190,garageLengthFt,
2026,,forest river,r-pod,RP-190,garageWidthFt,
2026,,forest river,r-pod,RP-190,garageHeightIn,
2026,,forest river,r-pod,RP-190,garageCapacityLbs,
2026,,forest river,r-pod,RP-190,rampPatioLbs,
2026,,forest river,r-pod,RP-190,fuelStationGal,
2026,,forest river,r-pod,RP-190,axles,
2026,,forest river,r-pod,RP-190,tireSize,
2026,,forest river,r-pod,RP-190,slideouts,
2026,,forest river,r-pod,RP-192,gvwrLbs,
2026,,forest river,r-pod,RP-192,interiorHeightIn,
2026,,forest river,r-pod,RP-192,sleeps,
2026,,forest river,r-pod,RP-192,dryWeightLbs,
2026,,forest river,r-pod,RP-192,fuelCapacityGal,
2026,,forest river,r-pod,RP-192,propaneLbs,
2026,,forest river,r-pod,RP-192,propaneGal,
2026,,forest river,r-pod,RP-192,waterHeaterGal,
2026,,forest river,r-pod,RP-192,cargoLbs,
2026,,forest river,r-pod,RP-192,garageLengthFt,
2026,,forest river,r-pod,RP-192,garageWidthFt,
2026,,forest river,r-pod,RP-192,garageHeightIn,
2026,,forest river,r-pod,RP-192,garageCapacityLbs,
2026,,forest river,r-pod,RP-192,rampPatioLbs,
2026,,forest river,r-pod,RP-192,fuelStationGal,
2026,,forest river,r-pod,RP-192,axles,
2026,,forest river,r-pod,RP-192,tireSize,
2026,,forest river,r-pod,RP-192,slideouts,
2026,,forest river,r-pod,RP-194,interiorHeightIn,
2026,,forest river,r-pod,RP-194,sleeps,
2026,,forest river,r-pod,RP-194,dryWeightLbs,
2026,,forest river,r-pod,RP-194,fuelCapacityGal,
2026,,forest river,r-pod,RP-194,propaneLbs,
2026,,forest river,r-pod,RP-194,propaneGal,
2026,,forest river,r-pod,RP-194,waterHeaterGal,
2026,,forest river,r-pod,RP-194,cargoLbs,
2026,,forest river,r-pod,RP-194,garageLengthFt,
2026,,forest river,r-pod,RP-194,garageWidthFt,
2026,,forest river,r-pod,RP-194,garageHeightIn,
2026,,forest river,r-pod,RP-194,garageCapacityLbs,
2026,,forest river,r-pod,RP-194,rampPatioLbs,
2026,,forest river,r-pod,RP-194,fuelStationGal,
2026,,forest river,r-pod,RP-194,axles,
2026,,forest river,r-pod,RP-194,tireSize,
2026,,forest river,r-pod,RP-194,slideouts,
,2026-2027,forest river,r-pod,RP-197,interiorHeightIn,
,2026-2027,forest river,r-pod,RP-197,sleeps,
,2026-2027,forest river,r-pod,RP-197,dryWeightLbs,
,2026-2027,forest river,r-pod,RP-197,fuelCapacityGal,
,2026-2027,forest river,r-pod,RP-197,propaneLbs,
,2026-2027,forest river,r-pod,RP-197,propaneGal,
,2026-2027,forest river,r-pod,RP-197,waterHeaterGal,
,2026-2027,forest river,r-pod,RP-197,cargoLbs,
,2026-2027,forest river,r-pod,RP-197,garageLengthFt,
,2026-2027,forest river,r-pod,RP-197,garageWidthFt,
,2026-2027,forest river,r-pod,RP-197,garageHeightIn,
,2026-2027,forest river,r-pod,RP-197,garageCapacityLbs,
,2026-2027,forest river,r-pod,RP-197,rampPatioLbs,
,2026-2027,forest river,r-pod,RP-197,fuelStationGal,
,2026-2027,forest river,r-pod,RP-197,axles,
,2026-2027,forest river,r-pod,RP-197,tireSize,
,2026-2027,forest river,r-pod,RP-197,slideouts,
2026,,forest river,r-pod,RP-198,gvwrLbs,
2026,,forest river,r-pod,RP-198,interiorHeightIn,
2026,,forest river,r-pod,RP-198,sleeps,
2026,,forest river,r-pod,RP-198,dryWeightLbs,
2026,,forest river,r-pod,RP-198,fuelCapacityGal,
2026,,forest river,r-pod,RP-198,propaneLbs,
2026,,forest river,r-pod,RP-198,propaneGal,
2026,,forest river,r-pod,RP-198,waterHeaterGal,
2026,,forest river,r-pod,RP-198,cargoLbs,
2026,,forest river,r-pod,RP-198,garageLengthFt,
2026,,forest river,r-pod,RP-198,garageWidthFt,
2026,,forest river,r-pod,RP-198,garageHeightIn,
2026,,forest river,r-pod,RP-198,garageCapacityLbs,
2026,,forest river,r-pod,RP-198,rampPatioLbs,
2026,,forest river,r-pod,RP-198,fuelStationGal,
2026,,forest river,r-pod,RP-198,axles,
2026,,forest river,r-pod,RP-198,tireSize,
2026,,forest river,r-pod,RP-198,slideouts,
2026,,forest river,r-pod,RP-200,gvwrLbs,
2026,,forest river,r-pod,RP-200,interiorHeightIn,
2026,,forest river,r-pod,RP-200,sleeps,
2026,,forest river,r-pod,RP-200,dryWeightLbs,
2026,,forest river,r-pod,RP-200,fuelCapacityGal,
2026,,forest river,r-pod,RP-200,propaneLbs,
2026,,forest river,r-pod,RP-200,propaneGal,
2026,,forest river,r-pod,RP-200,waterHeaterGal,
2026,,forest river,r-pod,RP-200,cargoLbs,
2026,,forest river,r-pod,RP-200,garageLengthFt,
2026,,forest river,r-pod,RP-200,garageWidthFt,
2026,,forest river,r-pod,RP-200,garageHeightIn,
2026,,forest river,r-pod,RP-200,garageCapacityLbs,
2026,,forest river,r-pod,RP-200,rampPatioLbs,
2026,,forest river,r-pod,RP-200,fuelStationGal,
2026,,forest river,r-pod,RP-200,axles,
2026,,forest river,r-pod,RP-200,tireSize,
2026,,forest river,r-pod,RP-200,slideouts,
2026,,forest river,r-pod,RP-203,gvwrLbs,
2026,,forest river,r-pod,RP-203,interiorHeightIn,
2026,,forest river,r-pod,RP-203,sleeps,
2026,,forest river,r-pod,RP-203,dryWeightLbs,
2026,,forest river,r-pod,RP-203,fuelCapacityGal,
2026,,forest river,r-pod,RP-203,propaneLbs,
2026,,forest river,r-pod,RP-203,propaneGal,
2026,,forest river,r-pod,RP-203,waterHeaterGal,
2026,,forest river,r-pod,RP-203,cargoLbs,
2026,,forest river,r-pod,RP-203,garageLengthFt,
2026,,forest river,r-pod,RP-203,garageWidthFt,
2026,,forest river,r-pod,RP-203,garageHeightIn,
2026,,forest river,r-pod,RP-203,garageCapacityLbs,
2026,,forest river,r-pod,RP-203,rampPatioLbs,
2026,,forest river,r-pod,RP-203,fuelStationGal,
2026,,forest river,r-pod,RP-203,axles,
2026,,forest river,r-pod,RP-203,tireSize,
2026,,forest river,r-pod,RP-203,slideouts,
2026,,forest river,r-pod,RP-204,gvwrLbs,
2026,,forest river,r-pod,RP-204,interiorHeightIn,
2026,,forest river,r-pod,RP-204,sleeps,
2026,,forest river,r-pod,RP-204,dryWeightLbs,
2026,,forest river,r-pod,RP-204,fuelCapacityGal,
2026,,forest river,r-pod,RP-204,propaneLbs,
2026,,forest river,r-pod,RP-204,propaneGal,
2026,,forest river,r-pod,RP-204,waterHeaterGal,
2026,,forest river,r-pod,RP-204,cargoLbs,
2026,,forest river,r-pod,RP-204,garageLengthFt,
2026,,forest river,r-pod,RP-204,garageWidthFt,
2026,,forest river,r-pod,RP-204,garageHeightIn,
2026,,forest river,r-pod,RP-204,garageCapacityLbs,
2026,,forest river,r-pod,RP-204,rampPatioLbs,
2026,,forest river,r-pod,RP-204,fuelStationGal,
2026,,forest river,r-pod,RP-204,axles,
2026,,forest river,r-pod,RP-204,tireSize,
2026,,forest river,r-pod,RP-204,slideouts,
2027,,forest river,r-pod,RP-205,interiorHeightIn,
2027,,forest river,r-pod,RP-205,sleeps,
2027,,forest river,r-pod,RP-205,dryWeightLbs,
2027,,forest river,r-pod,RP-205,fuelCapacityGal,
2027,,forest river,r-pod,RP-205,propaneLbs,
2027,,forest river,r-pod,RP-205,propaneGal,
2027,,forest river,r-pod,RP-205,waterHeaterGal,
2027,,forest river,r-pod,RP-205,cargoLbs,
2027,,forest river,r-pod,RP-205,garageLengthFt,
2027,,forest river,r-pod,RP-205,garageWidthFt,
2027,,forest river,r-pod,RP-205,garageHeightIn,
2027,,forest river,r-pod,RP-205,garageCapacityLbs,
2027,,forest river,r-pod,RP-205,rampPatioLbs,
2027,,forest river,r-pod,RP-205,fuelStationGal,
2027,,forest river,r-pod,RP-205,axles,
2027,,forest river,r-pod,RP-205,tireSize,
2027,,forest river,r-pod,RP-205,slideouts,
2025,,forest river,rockwood signature travel trailer,8339FK,sleeps,
2025,,forest river,rockwood signature travel trailer,8339FK,dryWeightLbs,
2025,,forest river,rockwood signature travel trailer,8339FK,fuelCapacityGal,
2025,,forest river,rockwood signature travel trailer,8339FK,propaneGal,
2025,,forest river,rockwood signature travel trailer,8339FK,waterHeaterGal,
2025,,forest river,rockwood signature travel trailer,8339FK,cargoLbs,
2025,,forest river,rockwood signature travel trailer,8339FK,garageLengthFt,
2025,,forest river,rockwood signature travel trailer,8339FK,garageWidthFt,
2025,,forest river,rockwood signature travel trailer,8339FK,garageHeightIn,
2025,,forest river,rockwood signature travel trailer,8339FK,garageCapacityLbs,
2025,,forest river,rockwood signature travel trailer,8339FK,rampPatioLbs,
2025,,forest river,rockwood signature travel trailer,8339FK,fuelStationGal,
2025,,forest river,rockwood signature travel trailer,8339FK,axles,
2025,,forest river,rockwood signature travel trailer,8339FK,tireSize,
2022,,forest river,rockwood signature,8291RK,gvwrLbs,
2022,,forest river,rockwood signature,8291RK,interiorHeightIn,
2022,,forest river,rockwood signature,8291RK,sleeps,
2022,,forest river,rockwood signature,8291RK,dryWeightLbs,
2022,,forest river,rockwood signature,8291RK,fuelCapacityGal,
2022,,forest river,rockwood signature,8291RK,propaneLbs,
2022,,forest river,rockwood signature,8291RK,propaneGal,
2022,,forest river,rockwood signature,8291RK,waterHeaterGal,
2022,,forest river,rockwood signature,8291RK,cargoLbs,
2022,,forest river,rockwood signature,8291RK,garageLengthFt,
2022,,forest river,rockwood signature,8291RK,garageWidthFt,
2022,,forest river,rockwood signature,8291RK,garageHeightIn,
2022,,forest river,rockwood signature,8291RK,garageCapacityLbs,
2022,,forest river,rockwood signature,8291RK,rampPatioLbs,
2022,,forest river,rockwood signature,8291RK,fuelStationGal,
2022,,forest river,rockwood signature,8291RK,axles,
2022,,forest river,rockwood signature,8291RK,tireSize,
2022,,forest river,rockwood signature,8291RK,slideouts,
,2020-2026,forest river,salem,26DBUD,sleeps,
,2020-2026,forest river,salem,26DBUD,dryWeightLbs,
,2020-2026,forest river,salem,26DBUD,fuelCapacityGal,
,2020-2026,forest river,salem,26DBUD,propaneGal,
,2020-2026,forest river,salem,26DBUD,waterHeaterGal,
,2020-2026,forest river,salem,26DBUD,cargoLbs,
,2020-2026,forest river,salem,26DBUD,garageLengthFt,
,2020-2026,forest river,salem,26DBUD,garageWidthFt,
,2020-2026,forest river,salem,26DBUD,garageHeightIn,
,2020-2026,forest river,salem,26DBUD,garageCapacityLbs,
,2020-2026,forest river,salem,26DBUD,rampPatioLbs,
,2020-2026,forest river,salem,26DBUD,fuelStationGal,
,2020-2026,forest river,salem,26DBUD,axles,
,2020-2026,forest river,salem,26DBUD,tireSize,
,2020-2026,forest river,salem,26DBUD,slideouts,
,2026-2027,forest river,sunseeker le,2250SLE,uvwLbs,
,2026-2027,forest river,sunseeker le,2250SLE,gvwrLbs,
,2026-2027,forest river,sunseeker le,2250SLE,interiorHeightIn,
,2026-2027,forest river,sunseeker le,2250SLE,sleeps,
,2026-2027,forest river,sunseeker le,2250SLE,dryWeightLbs,
,2026-2027,forest river,sunseeker le,2250SLE,hitchLbs,
,2026-2027,forest river,sunseeker le,2250SLE,fuelCapacityGal,
,2026-2027,forest river,sunseeker le,2250SLE,propaneGal,
,2026-2027,forest river,sunseeker le,2250SLE,cargoLbs,
,2026-2027,forest river,sunseeker le,2250SLE,garageLengthFt,
,2026-2027,forest river,sunseeker le,2250SLE,garageWidthFt,
,2026-2027,forest river,sunseeker le,2250SLE,garageHeightIn,
,2026-2027,forest river,sunseeker le,2250SLE,garageCapacityLbs,
,2026-2027,forest river,sunseeker le,2250SLE,rampPatioLbs,
,2026-2027,forest river,sunseeker le,2250SLE,fuelStationGal,
,2026-2027,forest river,sunseeker le,2250SLE,axles,
,2026-2027,forest river,sunseeker le,2250SLE,tireSize,
2026,,forest river,sunseeker le,2350LE,uvwLbs,
2026,,forest river,sunseeker le,2350LE,gvwrLbs,
2026,,forest river,sunseeker le,2350LE,interiorHeightIn,
2026,,forest river,sunseeker le,2350LE,sleeps,
2026,,forest river,sunseeker le,2350LE,dryWeightLbs,
2026,,forest river,sunseeker le,2350LE,hitchLbs,
2026,,forest river,sunseeker le,2350LE,fuelCapacityGal,
2026,,forest river,sunseeker le,2350LE,propaneGal,
2026,,forest river,sunseeker le,2350LE,cargoLbs,
2026,,forest river,sunseeker le,2350LE,garageLengthFt,
2026,,forest river,sunseeker le,2350LE,garageWidthFt,
2026,,forest river,sunseeker le,2350LE,garageHeightIn,
2026,,forest river,sunseeker le,2350LE,garageCapacityLbs,
2026,,forest river,sunseeker le,2350LE,rampPatioLbs,
2026,,forest river,sunseeker le,2350LE,fuelStationGal,
2026,,forest river,sunseeker le,2350LE,axles,
2026,,forest river,sunseeker le,2350LE,tireSize,
2026,,forest river,sunseeker le,2350LE,slideouts,
,2022-2027,forest river,sunseeker le,2550DSLE,uvwLbs,
,2022-2027,forest river,sunseeker le,2550DSLE,sleeps,
,2022-2027,forest river,sunseeker le,2550DSLE,dryWeightLbs,
,2022-2027,forest river,sunseeker le,2550DSLE,propaneGal,
,2022-2027,forest river,sunseeker le,2550DSLE,cargoLbs,
,2022-2027,forest river,sunseeker le,2550DSLE,garageLengthFt,
,2022-2027,forest river,sunseeker le,2550DSLE,garageWidthFt,
,2022-2027,forest river,sunseeker le,2550DSLE,garageHeightIn,
,2022-2027,forest river,sunseeker le,2550DSLE,garageCapacityLbs,
,2022-2027,forest river,sunseeker le,2550DSLE,rampPatioLbs,
,2022-2027,forest river,sunseeker le,2550DSLE,fuelStationGal,
,2022-2027,forest river,sunseeker le,2550DSLE,axles,
,2022-2027,forest river,sunseeker le,2550DSLE,tireSize,
,2026-2027,forest river,sunseeker le,2950LE,uvwLbs,
,2026-2027,forest river,sunseeker le,2950LE,interiorHeightIn,
,2026-2027,forest river,sunseeker le,2950LE,sleeps,
,2026-2027,forest river,sunseeker le,2950LE,dryWeightLbs,
,2026-2027,forest river,sunseeker le,2950LE,fuelCapacityGal,
,2026-2027,forest river,sunseeker le,2950LE,propaneLbs,
,2026-2027,forest river,sunseeker le,2950LE,propaneGal,
,2026-2027,forest river,sunseeker le,2950LE,cargoLbs,
,2026-2027,forest river,sunseeker le,2950LE,garageLengthFt,
,2026-2027,forest river,sunseeker le,2950LE,garageWidthFt,
,2026-2027,forest river,sunseeker le,2950LE,garageHeightIn,
,2026-2027,forest river,sunseeker le,2950LE,garageCapacityLbs,
,2026-2027,forest river,sunseeker le,2950LE,rampPatioLbs,
,2026-2027,forest river,sunseeker le,2950LE,fuelStationGal,
,2026-2027,forest river,sunseeker le,2950LE,axles,
,2026-2027,forest river,sunseeker le,2950LE,tireSize,
,2026-2027,forest river,sunseeker le,2950LE,slideouts,
,2026-2027,forest river,sunseeker le,3250DSLE,uvwLbs,
,2026-2027,forest river,sunseeker le,3250DSLE,interiorHeightIn,
,2026-2027,forest river,sunseeker le,3250DSLE,sleeps,
,2026-2027,forest river,sunseeker le,3250DSLE,dryWeightLbs,
,2026-2027,forest river,sunseeker le,3250DSLE,propaneGal,
,2026-2027,forest river,sunseeker le,3250DSLE,cargoLbs,
,2026-2027,forest river,sunseeker le,3250DSLE,garageLengthFt,
,2026-2027,forest river,sunseeker le,3250DSLE,garageWidthFt,
,2026-2027,forest river,sunseeker le,3250DSLE,garageHeightIn,
,2026-2027,forest river,sunseeker le,3250DSLE,garageCapacityLbs,
,2026-2027,forest river,sunseeker le,3250DSLE,rampPatioLbs,
,2026-2027,forest river,sunseeker le,3250DSLE,fuelStationGal,
,2026-2027,forest river,sunseeker le,3250DSLE,axles,
,2026-2027,forest river,sunseeker le,3250DSLE,tireSize,
,2026-2027,forest river,sunseeker le,3250DSLE,slideouts,
,2025-2026,forest river,sunseeker,2440DS,uvwLbs,
,2025-2026,forest river,sunseeker,2440DS,length,
,2025-2026,forest river,sunseeker,2440DS,exteriorHeightIn,
,2025-2026,forest river,sunseeker,2440DS,exteriorWidthIn,
,2025-2026,forest river,sunseeker,2440DS,interiorHeightIn,
,2025-2026,forest river,sunseeker,2440DS,sleeps,
,2025-2026,forest river,sunseeker,2440DS,dryWeightLbs,
,2025-2026,forest river,sunseeker,2440DS,hitchLbs,
,2025-2026,forest river,sunseeker,2440DS,fuelCapacityGal,
,2025-2026,forest river,sunseeker,2440DS,freshWater,
,2025-2026,forest river,sunseeker,2440DS,grayWater,
,2025-2026,forest river,sunseeker,2440DS,blackWater,
,2025-2026,forest river,sunseeker,2440DS,propaneLbs,
,2025-2026,forest river,sunseeker,2440DS,propaneGal,
,2025-2026,forest river,sunseeker,2440DS,waterHeaterGal,
,2025-2026,forest river,sunseeker,2440DS,cargoLbs,
,2025-2026,forest river,sunseeker,2440DS,garageLengthFt,
,2025-2026,forest river,sunseeker,2440DS,garageWidthFt,
,2025-2026,forest river,sunseeker,2440DS,garageHeightIn,
,2025-2026,forest river,sunseeker,2440DS,garageCapacityLbs,
,2025-2026,forest river,sunseeker,2440DS,rampPatioLbs,
,2025-2026,forest river,sunseeker,2440DS,fuelStationGal,
,2025-2026,forest river,sunseeker,2440DS,axles,
,2025-2026,forest river,sunseeker,2440DS,tireSize,
,2025-2026,forest river,sunseeker,2440DS,slideouts,
,2025-2026,forest river,sunseeker,2500TS,uvwLbs,
,2025-2026,forest river,sunseeker,2500TS,length,
,2025-2026,forest river,sunseeker,2500TS,exteriorHeightIn,
,2025-2026,forest river,sunseeker,2500TS,exteriorWidthIn,
,2025-2026,forest river,sunseeker,2500TS,interiorHeightIn,
,2025-2026,forest river,sunseeker,2500TS,sleeps,
,2025-2026,forest river,sunseeker,2500TS,dryWeightLbs,
,2025-2026,forest river,sunseeker,2500TS,hitchLbs,
,2025-2026,forest river,sunseeker,2500TS,fuelCapacityGal,
,2025-2026,forest river,sunseeker,2500TS,freshWater,
,2025-2026,forest river,sunseeker,2500TS,grayWater,
,2025-2026,forest river,sunseeker,2500TS,blackWater,
,2025-2026,forest river,sunseeker,2500TS,propaneLbs,
,2025-2026,forest river,sunseeker,2500TS,propaneGal,
,2025-2026,forest river,sunseeker,2500TS,waterHeaterGal,
,2025-2026,forest river,sunseeker,2500TS,cargoLbs,
,2025-2026,forest river,sunseeker,2500TS,garageLengthFt,
,2025-2026,forest river,sunseeker,2500TS,garageWidthFt,
,2025-2026,forest river,sunseeker,2500TS,garageHeightIn,
,2025-2026,forest river,sunseeker,2500TS,garageCapacityLbs,
,2025-2026,forest river,sunseeker,2500TS,rampPatioLbs,
,2025-2026,forest river,sunseeker,2500TS,fuelStationGal,
,2025-2026,forest river,sunseeker,2500TS,axles,
,2025-2026,forest river,sunseeker,2500TS,tireSize,
,2025-2026,forest river,sunseeker,2500TS,slideouts,
,2025-2026,forest river,sunseeker,2860DS,uvwLbs,
,2025-2026,forest river,sunseeker,2860DS,length,
,2025-2026,forest river,sunseeker,2860DS,exteriorHeightIn,
,2025-2026,forest river,sunseeker,2860DS,exteriorWidthIn,
,2025-2026,forest river,sunseeker,2860DS,interiorHeightIn,
,2025-2026,forest river,sunseeker,2860DS,sleeps,
,2025-2026,forest river,sunseeker,2860DS,dryWeightLbs,
,2025-2026,forest river,sunseeker,2860DS,hitchLbs,
,2025-2026,forest river,sunseeker,2860DS,fuelCapacityGal,
,2025-2026,forest river,sunseeker,2860DS,freshWater,
,2025-2026,forest river,sunseeker,2860DS,grayWater,
,2025-2026,forest river,sunseeker,2860DS,blackWater,
,2025-2026,forest river,sunseeker,2860DS,propaneLbs,
,2025-2026,forest river,sunseeker,2860DS,propaneGal,
,2025-2026,forest river,sunseeker,2860DS,waterHeaterGal,
,2025-2026,forest river,sunseeker,2860DS,cargoLbs,
,2025-2026,forest river,sunseeker,2860DS,garageLengthFt,
,2025-2026,forest river,sunseeker,2860DS,garageWidthFt,
,2025-2026,forest river,sunseeker,2860DS,garageHeightIn,
,2025-2026,forest river,sunseeker,2860DS,garageCapacityLbs,
,2025-2026,forest river,sunseeker,2860DS,rampPatioLbs,
,2025-2026,forest river,sunseeker,2860DS,fuelStationGal,
,2025-2026,forest river,sunseeker,2860DS,axles,
,2025-2026,forest river,sunseeker,2860DS,tireSize,
,2025-2026,forest river,sunseeker,2860DS,slideouts,
,2025-2026,forest river,sunseeker,3010DS,uvwLbs,
,2025-2026,forest river,sunseeker,3010DS,length,
,2025-2026,forest river,sunseeker,3010DS,exteriorHeightIn,
,2025-2026,forest river,sunseeker,3010DS,exteriorWidthIn,
,2025-2026,forest river,sunseeker,3010DS,interiorHeightIn,
,2025-2026,forest river,sunseeker,3010DS,sleeps,
,2025-2026,forest river,sunseeker,3010DS,dryWeightLbs,
,2025-2026,forest river,sunseeker,3010DS,hitchLbs,
,2025-2026,forest river,sunseeker,3010DS,fuelCapacityGal,
,2025-2026,forest river,sunseeker,3010DS,freshWater,
,2025-2026,forest river,sunseeker,3010DS,grayWater,
,2025-2026,forest river,sunseeker,3010DS,blackWater,
,2025-2026,forest river,sunseeker,3010DS,propaneLbs,
,2025-2026,forest river,sunseeker,3010DS,propaneGal,
,2025-2026,forest river,sunseeker,3010DS,waterHeaterGal,
,2025-2026,forest river,sunseeker,3010DS,cargoLbs,
,2025-2026,forest river,sunseeker,3010DS,garageLengthFt,
,2025-2026,forest river,sunseeker,3010DS,garageWidthFt,
,2025-2026,forest river,sunseeker,3010DS,garageHeightIn,
,2025-2026,forest river,sunseeker,3010DS,garageCapacityLbs,
,2025-2026,forest river,sunseeker,3010DS,rampPatioLbs,
,2025-2026,forest river,sunseeker,3010DS,fuelStationGal,
,2025-2026,forest river,sunseeker,3010DS,axles,
,2025-2026,forest river,sunseeker,3010DS,tireSize,
,2025-2026,forest river,sunseeker,3010DS,slideouts,
,2025-2026,forest river,sunseeker,3050S,uvwLbs,
,2025-2026,forest river,sunseeker,3050S,length,
,2025-2026,forest river,sunseeker,3050S,exteriorHeightIn,
,2025-2026,forest river,sunseeker,3050S,exteriorWidthIn,
,2025-2026,forest river,sunseeker,3050S,interiorHeightIn,
,2025-2026,forest river,sunseeker,3050S,sleeps,
,2025-2026,forest river,sunseeker,3050S,dryWeightLbs,
,2025-2026,forest river,sunseeker,3050S,hitchLbs,
,2025-2026,forest river,sunseeker,3050S,fuelCapacityGal,
,2025-2026,forest river,sunseeker,3050S,freshWater,
,2025-2026,forest river,sunseeker,3050S,grayWater,
,2025-2026,forest river,sunseeker,3050S,blackWater,
,2025-2026,forest river,sunseeker,3050S,propaneLbs,
,2025-2026,forest river,sunseeker,3050S,propaneGal,
,2025-2026,forest river,sunseeker,3050S,waterHeaterGal,
,2025-2026,forest river,sunseeker,3050S,cargoLbs,
,2025-2026,forest river,sunseeker,3050S,garageLengthFt,
,2025-2026,forest river,sunseeker,3050S,garageWidthFt,
,2025-2026,forest river,sunseeker,3050S,garageHeightIn,
,2025-2026,forest river,sunseeker,3050S,garageCapacityLbs,
,2025-2026,forest river,sunseeker,3050S,rampPatioLbs,
,2025-2026,forest river,sunseeker,3050S,fuelStationGal,
,2025-2026,forest river,sunseeker,3050S,axles,
,2025-2026,forest river,sunseeker,3050S,tireSize,
,2025-2026,forest river,sunseeker,3050S,slideouts,
2026,,forest river,surveyor legend,19BHLE,interiorHeightIn,
2026,,forest river,surveyor legend,19BHLE,dryWeightLbs,
2026,,forest river,surveyor legend,19BHLE,fuelCapacityGal,
2026,,forest river,surveyor legend,19BHLE,propaneLbs,
2026,,forest river,surveyor legend,19BHLE,propaneGal,
2026,,forest river,surveyor legend,19BHLE,waterHeaterGal,
2026,,forest river,surveyor legend,19BHLE,cargoLbs,
2026,,forest river,surveyor legend,19BHLE,garageLengthFt,
2026,,forest river,surveyor legend,19BHLE,garageWidthFt,
2026,,forest river,surveyor legend,19BHLE,garageHeightIn,
2026,,forest river,surveyor legend,19BHLE,garageCapacityLbs,
2026,,forest river,surveyor legend,19BHLE,rampPatioLbs,
2026,,forest river,surveyor legend,19BHLE,fuelStationGal,
2026,,forest river,surveyor legend,19BHLE,axles,
2026,,forest river,surveyor legend,19BHLE,tireSize,
2026,,forest river,surveyor legend,19BHLE,slideouts,
2026,,forest river,surveyor legend,19MDBLE,length,
2026,,forest river,surveyor legend,19MDBLE,exteriorHeightIn,
2026,,forest river,surveyor legend,19MDBLE,exteriorWidthIn,
2026,,forest river,surveyor legend,19MDBLE,interiorHeightIn,
2026,,forest river,surveyor legend,19MDBLE,sleeps,
2026,,forest river,surveyor legend,19MDBLE,dryWeightLbs,
2026,,forest river,surveyor legend,19MDBLE,hitchLbs,
2026,,forest river,surveyor legend,19MDBLE,fuelCapacityGal,
2026,,forest river,surveyor legend,19MDBLE,freshWater,
2026,,forest river,surveyor legend,19MDBLE,grayWater,
2026,,forest river,surveyor legend,19MDBLE,blackWater,
2026,,forest river,surveyor legend,19MDBLE,propaneLbs,
2026,,forest river,surveyor legend,19MDBLE,propaneGal,
2026,,forest river,surveyor legend,19MDBLE,waterHeaterGal,
2026,,forest river,surveyor legend,19MDBLE,cargoLbs,
2026,,forest river,surveyor legend,19MDBLE,garageLengthFt,
2026,,forest river,surveyor legend,19MDBLE,garageWidthFt,
2026,,forest river,surveyor legend,19MDBLE,garageHeightIn,
2026,,forest river,surveyor legend,19MDBLE,garageCapacityLbs,
2026,,forest river,surveyor legend,19MDBLE,rampPatioLbs,
2026,,forest river,surveyor legend,19MDBLE,fuelStationGal,
2026,,forest river,surveyor legend,19MDBLE,axles,
2026,,forest river,surveyor legend,19MDBLE,tireSize,
2026,,forest river,surveyor legend,19MDBLE,slideouts,
2026,,forest river,surveyor legend,19RBLE,length,
2026,,forest river,surveyor legend,19RBLE,exteriorHeightIn,
2026,,forest river,surveyor legend,19RBLE,exteriorWidthIn,
2026,,forest river,surveyor legend,19RBLE,interiorHeightIn,
2026,,forest river,surveyor legend,19RBLE,sleeps,
2026,,forest river,surveyor legend,19RBLE,dryWeightLbs,
2026,,forest river,surveyor legend,19RBLE,hitchLbs,
2026,,forest river,surveyor legend,19RBLE,fuelCapacityGal,
2026,,forest river,surveyor legend,19RBLE,freshWater,
2026,,forest river,surveyor legend,19RBLE,grayWater,
2026,,forest river,surveyor legend,19RBLE,blackWater,
2026,,forest river,surveyor legend,19RBLE,propaneLbs,
2026,,forest river,surveyor legend,19RBLE,propaneGal,
2026,,forest river,surveyor legend,19RBLE,waterHeaterGal,
2026,,forest river,surveyor legend,19RBLE,cargoLbs,
2026,,forest river,surveyor legend,19RBLE,garageLengthFt,
2026,,forest river,surveyor legend,19RBLE,garageWidthFt,
2026,,forest river,surveyor legend,19RBLE,garageHeightIn,
2026,,forest river,surveyor legend,19RBLE,garageCapacityLbs,
2026,,forest river,surveyor legend,19RBLE,rampPatioLbs,
2026,,forest river,surveyor legend,19RBLE,fuelStationGal,
2026,,forest river,surveyor legend,19RBLE,axles,
2026,,forest river,surveyor legend,19RBLE,tireSize,
2026,,forest river,surveyor legend,19RBLE,slideouts,
2026,,forest river,surveyor legend,19RKLE,length,
2026,,forest river,surveyor legend,19RKLE,exteriorHeightIn,
2026,,forest river,surveyor legend,19RKLE,exteriorWidthIn,
2026,,forest river,surveyor legend,19RKLE,interiorHeightIn,
2026,,forest river,surveyor legend,19RKLE,sleeps,
2026,,forest river,surveyor legend,19RKLE,dryWeightLbs,
2026,,forest river,surveyor legend,19RKLE,hitchLbs,
2026,,forest river,surveyor legend,19RKLE,fuelCapacityGal,
2026,,forest river,surveyor legend,19RKLE,freshWater,
2026,,forest river,surveyor legend,19RKLE,grayWater,
2026,,forest river,surveyor legend,19RKLE,blackWater,
2026,,forest river,surveyor legend,19RKLE,propaneLbs,
2026,,forest river,surveyor legend,19RKLE,propaneGal,
2026,,forest river,surveyor legend,19RKLE,waterHeaterGal,
2026,,forest river,surveyor legend,19RKLE,cargoLbs,
2026,,forest river,surveyor legend,19RKLE,garageLengthFt,
2026,,forest river,surveyor legend,19RKLE,garageWidthFt,
2026,,forest river,surveyor legend,19RKLE,garageHeightIn,
2026,,forest river,surveyor legend,19RKLE,garageCapacityLbs,
2026,,forest river,surveyor legend,19RKLE,rampPatioLbs,
2026,,forest river,surveyor legend,19RKLE,fuelStationGal,
2026,,forest river,surveyor legend,19RKLE,axles,
2026,,forest river,surveyor legend,19RKLE,tireSize,
2026,,forest river,surveyor legend,19RKLE,slideouts,
2026,,forest river,surveyor legend,202RBLE,length,
2026,,forest river,surveyor legend,202RBLE,exteriorHeightIn,
2026,,forest river,surveyor legend,202RBLE,exteriorWidthIn,
2026,,forest river,surveyor legend,202RBLE,interiorHeightIn,
2026,,forest river,surveyor legend,202RBLE,sleeps,
2026,,forest river,surveyor legend,202RBLE,dryWeightLbs,
2026,,forest river,surveyor legend,202RBLE,hitchLbs,
2026,,forest river,surveyor legend,202RBLE,fuelCapacityGal,
2026,,forest river,surveyor legend,202RBLE,freshWater,
2026,,forest river,surveyor legend,202RBLE,grayWater,
2026,,forest river,surveyor legend,202RBLE,blackWater,
2026,,forest river,surveyor legend,202RBLE,propaneLbs,
2026,,forest river,surveyor legend,202RBLE,propaneGal,
2026,,forest river,surveyor legend,202RBLE,waterHeaterGal,
2026,,forest river,surveyor legend,202RBLE,cargoLbs,
2026,,forest river,surveyor legend,202RBLE,garageLengthFt,
2026,,forest river,surveyor legend,202RBLE,garageWidthFt,
2026,,forest river,surveyor legend,202RBLE,garageHeightIn,
2026,,forest river,surveyor legend,202RBLE,garageCapacityLbs,
2026,,forest river,surveyor legend,202RBLE,rampPatioLbs,
2026,,forest river,surveyor legend,202RBLE,fuelStationGal,
2026,,forest river,surveyor legend,202RBLE,axles,
2026,,forest river,surveyor legend,202RBLE,tireSize,
2026,,forest river,surveyor legend,202RBLE,slideouts,
2026,,forest river,surveyor legend,204MKLE,length,
2026,,forest river,surveyor legend,204MKLE,exteriorHeightIn,
2026,,forest river,surveyor legend,204MKLE,exteriorWidthIn,
2026,,forest river,surveyor legend,204MKLE,interiorHeightIn,
2026,,forest river,surveyor legend,204MKLE,sleeps,
2026,,forest river,surveyor legend,204MKLE,dryWeightLbs,
2026,,forest river,surveyor legend,204MKLE,hitchLbs,
2026,,forest river,surveyor legend,204MKLE,fuelCapacityGal,
2026,,forest river,surveyor legend,204MKLE,freshWater,
2026,,forest river,surveyor legend,204MKLE,grayWater,
2026,,forest river,surveyor legend,204MKLE,blackWater,
2026,,forest river,surveyor legend,204MKLE,propaneLbs,
2026,,forest river,surveyor legend,204MKLE,propaneGal,
2026,,forest river,surveyor legend,204MKLE,waterHeaterGal,
2026,,forest river,surveyor legend,204MKLE,cargoLbs,
2026,,forest river,surveyor legend,204MKLE,garageLengthFt,
2026,,forest river,surveyor legend,204MKLE,garageWidthFt,
2026,,forest river,surveyor legend,204MKLE,garageHeightIn,
2026,,forest river,surveyor legend,204MKLE,garageCapacityLbs,
2026,,forest river,surveyor legend,204MKLE,rampPatioLbs,
2026,,forest river,surveyor legend,204MKLE,fuelStationGal,
2026,,forest river,surveyor legend,204MKLE,axles,
2026,,forest river,surveyor legend,204MKLE,tireSize,
2026,,forest river,surveyor legend,204MKLE,slideouts,
2026,,forest river,surveyor legend,205RKLE,length,
2026,,forest river,surveyor legend,205RKLE,exteriorHeightIn,
2026,,forest river,surveyor legend,205RKLE,exteriorWidthIn,
2026,,forest river,surveyor legend,205RKLE,interiorHeightIn,
2026,,forest river,surveyor legend,205RKLE,sleeps,
2026,,forest river,surveyor legend,205RKLE,dryWeightLbs,
2026,,forest river,surveyor legend,205RKLE,hitchLbs,
2026,,forest river,surveyor legend,205RKLE,fuelCapacityGal,
2026,,forest river,surveyor legend,205RKLE,freshWater,
2026,,forest river,surveyor legend,205RKLE,grayWater,
2026,,forest river,surveyor legend,205RKLE,blackWater,
2026,,forest river,surveyor legend,205RKLE,propaneLbs,
2026,,forest river,surveyor legend,205RKLE,propaneGal,
2026,,forest river,surveyor legend,205RKLE,waterHeaterGal,
2026,,forest river,surveyor legend,205RKLE,cargoLbs,
2026,,forest river,surveyor legend,205RKLE,garageLengthFt,
2026,,forest river,surveyor legend,205RKLE,garageWidthFt,
2026,,forest river,surveyor legend,205RKLE,garageHeightIn,
2026,,forest river,surveyor legend,205RKLE,garageCapacityLbs,
2026,,forest river,surveyor legend,205RKLE,rampPatioLbs,
2026,,forest river,surveyor legend,205RKLE,fuelStationGal,
2026,,forest river,surveyor legend,205RKLE,axles,
2026,,forest river,surveyor legend,205RKLE,tireSize,
2026,,forest river,surveyor legend,205RKLE,slideouts,
2026,,forest river,surveyor legend,230MDLE,length,
2026,,forest river,surveyor legend,230MDLE,exteriorHeightIn,
2026,,forest river,surveyor legend,230MDLE,exteriorWidthIn,
2026,,forest river,surveyor legend,230MDLE,interiorHeightIn,
2026,,forest river,surveyor legend,230MDLE,sleeps,
2026,,forest river,surveyor legend,230MDLE,dryWeightLbs,
2026,,forest river,surveyor legend,230MDLE,hitchLbs,
2026,,forest river,surveyor legend,230MDLE,fuelCapacityGal,
2026,,forest river,surveyor legend,230MDLE,freshWater,
2026,,forest river,surveyor legend,230MDLE,grayWater,
2026,,forest river,surveyor legend,230MDLE,blackWater,
2026,,forest river,surveyor legend,230MDLE,propaneLbs,
2026,,forest river,surveyor legend,230MDLE,propaneGal,
2026,,forest river,surveyor legend,230MDLE,waterHeaterGal,
2026,,forest river,surveyor legend,230MDLE,cargoLbs,
2026,,forest river,surveyor legend,230MDLE,garageLengthFt,
2026,,forest river,surveyor legend,230MDLE,garageWidthFt,
2026,,forest river,surveyor legend,230MDLE,garageHeightIn,
2026,,forest river,surveyor legend,230MDLE,garageCapacityLbs,
2026,,forest river,surveyor legend,230MDLE,rampPatioLbs,
2026,,forest river,surveyor legend,230MDLE,fuelStationGal,
2026,,forest river,surveyor legend,230MDLE,axles,
2026,,forest river,surveyor legend,230MDLE,tireSize,
2026,,forest river,surveyor legend,230MDLE,slideouts,
2026,,forest river,surveyor legend,242RDLE,length,
2026,,forest river,surveyor legend,242RDLE,exteriorHeightIn,
2026,,forest river,surveyor legend,242RDLE,exteriorWidthIn,
2026,,forest river,surveyor legend,242RDLE,interiorHeightIn,
2026,,forest river,surveyor legend,242RDLE,sleeps,
2026,,forest river,surveyor legend,242RDLE,dryWeightLbs,
2026,,forest river,surveyor legend,242RDLE,hitchLbs,
2026,,forest river,surveyor legend,242RDLE,fuelCapacityGal,
2026,,forest river,surveyor legend,242RDLE,freshWater,
2026,,forest river,surveyor legend,242RDLE,grayWater,
2026,,forest river,surveyor legend,242RDLE,blackWater,
2026,,forest river,surveyor legend,242RDLE,propaneLbs,
2026,,forest river,surveyor legend,242RDLE,propaneGal,
2026,,forest river,surveyor legend,242RDLE,waterHeaterGal,
2026,,forest river,surveyor legend,242RDLE,cargoLbs,
2026,,forest river,surveyor legend,242RDLE,garageLengthFt,
2026,,forest river,surveyor legend,242RDLE,garageWidthFt,
2026,,forest river,surveyor legend,242RDLE,garageHeightIn,
2026,,forest river,surveyor legend,242RDLE,garageCapacityLbs,
2026,,forest river,surveyor legend,242RDLE,rampPatioLbs,
2026,,forest river,surveyor legend,242RDLE,fuelStationGal,
2026,,forest river,surveyor legend,242RDLE,axles,
2026,,forest river,surveyor legend,242RDLE,tireSize,
2026,,forest river,surveyor legend,242RDLE,slideouts,
2026,,forest river,surveyor legend,252RBLE,length,
2026,,forest river,surveyor legend,252RBLE,exteriorHeightIn,
2026,,forest river,surveyor legend,252RBLE,exteriorWidthIn,
2026,,forest river,surveyor legend,252RBLE,interiorHeightIn,
2026,,forest river,surveyor legend,252RBLE,sleeps,
2026,,forest river,surveyor legend,252RBLE,dryWeightLbs,
2026,,forest river,surveyor legend,252RBLE,hitchLbs,
2026,,forest river,surveyor legend,252RBLE,fuelCapacityGal,
2026,,forest river,surveyor legend,252RBLE,freshWater,
2026,,forest river,surveyor legend,252RBLE,grayWater,
2026,,forest river,surveyor legend,252RBLE,blackWater,
2026,,forest river,surveyor legend,252RBLE,propaneLbs,
2026,,forest river,surveyor legend,252RBLE,propaneGal,
2026,,forest river,surveyor legend,252RBLE,waterHeaterGal,
2026,,forest river,surveyor legend,252RBLE,cargoLbs,
2026,,forest river,surveyor legend,252RBLE,garageLengthFt,
2026,,forest river,surveyor legend,252RBLE,garageWidthFt,
2026,,forest river,surveyor legend,252RBLE,garageHeightIn,
2026,,forest river,surveyor legend,252RBLE,garageCapacityLbs,
2026,,forest river,surveyor legend,252RBLE,rampPatioLbs,
2026,,forest river,surveyor legend,252RBLE,fuelStationGal,
2026,,forest river,surveyor legend,252RBLE,axles,
2026,,forest river,surveyor legend,252RBLE,tireSize,
2026,,forest river,surveyor legend,252RBLE,slideouts,
2026,,forest river,surveyor legend,260BHLE,length,
2026,,forest river,surveyor legend,260BHLE,exteriorHeightIn,
2026,,forest river,surveyor legend,260BHLE,exteriorWidthIn,
2026,,forest river,surveyor legend,260BHLE,interiorHeightIn,
2026,,forest river,surveyor legend,260BHLE,sleeps,
2026,,forest river,surveyor legend,260BHLE,dryWeightLbs,
2026,,forest river,surveyor legend,260BHLE,hitchLbs,
2026,,forest river,surveyor legend,260BHLE,fuelCapacityGal,
2026,,forest river,surveyor legend,260BHLE,freshWater,
2026,,forest river,surveyor legend,260BHLE,grayWater,
2026,,forest river,surveyor legend,260BHLE,blackWater,
2026,,forest river,surveyor legend,260BHLE,propaneLbs,
2026,,forest river,surveyor legend,260BHLE,propaneGal,
2026,,forest river,surveyor legend,260BHLE,waterHeaterGal,
2026,,forest river,surveyor legend,260BHLE,cargoLbs,
2026,,forest river,surveyor legend,260BHLE,garageLengthFt,
2026,,forest river,surveyor legend,260BHLE,garageWidthFt,
2026,,forest river,surveyor legend,260BHLE,garageHeightIn,
2026,,forest river,surveyor legend,260BHLE,garageCapacityLbs,
2026,,forest river,surveyor legend,260BHLE,rampPatioLbs,
2026,,forest river,surveyor legend,260BHLE,fuelStationGal,
2026,,forest river,surveyor legend,260BHLE,axles,
2026,,forest river,surveyor legend,260BHLE,tireSize,
2026,,forest river,surveyor legend,260BHLE,slideouts,
2026,,forest river,surveyor legend,261RKLE,length,
2026,,forest river,surveyor legend,261RKLE,exteriorHeightIn,
2026,,forest river,surveyor legend,261RKLE,exteriorWidthIn,
2026,,forest river,surveyor legend,261RKLE,interiorHeightIn,
2026,,forest river,surveyor legend,261RKLE,sleeps,
2026,,forest river,surveyor legend,261RKLE,dryWeightLbs,
2026,,forest river,surveyor legend,261RKLE,hitchLbs,
2026,,forest river,surveyor legend,261RKLE,fuelCapacityGal,
2026,,forest river,surveyor legend,261RKLE,freshWater,
2026,,forest river,surveyor legend,261RKLE,grayWater,
2026,,forest river,surveyor legend,261RKLE,blackWater,
2026,,forest river,surveyor legend,261RKLE,propaneLbs,
2026,,forest river,surveyor legend,261RKLE,propaneGal,
2026,,forest river,surveyor legend,261RKLE,waterHeaterGal,
2026,,forest river,surveyor legend,261RKLE,cargoLbs,
2026,,forest river,surveyor legend,261RKLE,garageLengthFt,
2026,,forest river,surveyor legend,261RKLE,garageWidthFt,
2026,,forest river,surveyor legend,261RKLE,garageHeightIn,
2026,,forest river,surveyor legend,261RKLE,garageCapacityLbs,
2026,,forest river,surveyor legend,261RKLE,rampPatioLbs,
2026,,forest river,surveyor legend,261RKLE,fuelStationGal,
2026,,forest river,surveyor legend,261RKLE,axles,
2026,,forest river,surveyor legend,261RKLE,tireSize,
2026,,forest river,surveyor legend,261RKLE,slideouts,
2026,,forest river,surveyor legend,296QBLE,length,
2026,,forest river,surveyor legend,296QBLE,exteriorHeightIn,
2026,,forest river,surveyor legend,296QBLE,exteriorWidthIn,
2026,,forest river,surveyor legend,296QBLE,interiorHeightIn,
2026,,forest river,surveyor legend,296QBLE,sleeps,
2026,,forest river,surveyor legend,296QBLE,dryWeightLbs,
2026,,forest river,surveyor legend,296QBLE,hitchLbs,
2026,,forest river,surveyor legend,296QBLE,fuelCapacityGal,
2026,,forest river,surveyor legend,296QBLE,freshWater,
2026,,forest river,surveyor legend,296QBLE,grayWater,
2026,,forest river,surveyor legend,296QBLE,blackWater,
2026,,forest river,surveyor legend,296QBLE,propaneLbs,
2026,,forest river,surveyor legend,296QBLE,propaneGal,
2026,,forest river,surveyor legend,296QBLE,waterHeaterGal,
2026,,forest river,surveyor legend,296QBLE,cargoLbs,
2026,,forest river,surveyor legend,296QBLE,garageLengthFt,
2026,,forest river,surveyor legend,296QBLE,garageWidthFt,
2026,,forest river,surveyor legend,296QBLE,garageHeightIn,
2026,,forest river,surveyor legend,296QBLE,garageCapacityLbs,
2026,,forest river,surveyor legend,296QBLE,rampPatioLbs,
2026,,forest river,surveyor legend,296QBLE,fuelStationGal,
2026,,forest river,surveyor legend,296QBLE,axles,
2026,,forest river,surveyor legend,296QBLE,tireSize,
2026,,forest river,surveyor legend,296QBLE,slideouts,
2026,,forest river,surveyor legend,303BHLE,length,
2026,,forest river,surveyor legend,303BHLE,exteriorHeightIn,
2026,,forest river,surveyor legend,303BHLE,exteriorWidthIn,
2026,,forest river,surveyor legend,303BHLE,interiorHeightIn,
2026,,forest river,surveyor legend,303BHLE,sleeps,
2026,,forest river,surveyor legend,303BHLE,dryWeightLbs,
2026,,forest river,surveyor legend,303BHLE,hitchLbs,
2026,,forest river,surveyor legend,303BHLE,fuelCapacityGal,
2026,,forest river,surveyor legend,303BHLE,freshWater,
2026,,forest river,surveyor legend,303BHLE,grayWater,
2026,,forest river,surveyor legend,303BHLE,blackWater,
2026,,forest river,surveyor legend,303BHLE,propaneLbs,
2026,,forest river,surveyor legend,303BHLE,propaneGal,
2026,,forest river,surveyor legend,303BHLE,waterHeaterGal,
2026,,forest river,surveyor legend,303BHLE,cargoLbs,
2026,,forest river,surveyor legend,303BHLE,garageLengthFt,
2026,,forest river,surveyor legend,303BHLE,garageWidthFt,
2026,,forest river,surveyor legend,303BHLE,garageHeightIn,
2026,,forest river,surveyor legend,303BHLE,garageCapacityLbs,
2026,,forest river,surveyor legend,303BHLE,rampPatioLbs,
2026,,forest river,surveyor legend,303BHLE,fuelStationGal,
2026,,forest river,surveyor legend,303BHLE,axles,
2026,,forest river,surveyor legend,303BHLE,tireSize,
2026,,forest river,surveyor legend,303BHLE,slideouts,
2022,,forest river,wildwood heritage glen elite,36FL,gvwrLbs,
2022,,forest river,wildwood heritage glen elite,36FL,interiorHeightIn,
2022,,forest river,wildwood heritage glen elite,36FL,sleeps,
2022,,forest river,wildwood heritage glen elite,36FL,dryWeightLbs,
2022,,forest river,wildwood heritage glen elite,36FL,fuelCapacityGal,
2022,,forest river,wildwood heritage glen elite,36FL,propaneGal,
2022,,forest river,wildwood heritage glen elite,36FL,waterHeaterGal,
2022,,forest river,wildwood heritage glen elite,36FL,cargoLbs,
2022,,forest river,wildwood heritage glen elite,36FL,garageLengthFt,
2022,,forest river,wildwood heritage glen elite,36FL,garageWidthFt,
2022,,forest river,wildwood heritage glen elite,36FL,garageHeightIn,
2022,,forest river,wildwood heritage glen elite,36FL,garageCapacityLbs,
2022,,forest river,wildwood heritage glen elite,36FL,rampPatioLbs,
2022,,forest river,wildwood heritage glen elite,36FL,fuelStationGal,
2022,,forest river,wildwood heritage glen elite,36FL,axles,
2022,,forest river,wildwood heritage glen elite,36FL,tireSize,
,2026-2027,genesis supreme,genesis supreme,2215SSXL,exteriorHeightIn,
,2026-2027,genesis supreme,genesis supreme,2215SSXL,exteriorWidthIn,
,2026-2027,genesis supreme,genesis supreme,2215SSXL,interiorHeightIn,
,2026-2027,genesis supreme,genesis supreme,2215SSXL,sleeps,
,2026-2027,genesis supreme,genesis supreme,2215SSXL,dryWeightLbs,
,2026-2027,genesis supreme,genesis supreme,2215SSXL,fuelCapacityGal,
,2026-2027,genesis supreme,genesis supreme,2215SSXL,propaneLbs,
,2026-2027,genesis supreme,genesis supreme,2215SSXL,propaneGal,
,2026-2027,genesis supreme,genesis supreme,2215SSXL,waterHeaterGal,
,2026-2027,genesis supreme,genesis supreme,2215SSXL,cargoLbs,
,2026-2027,genesis supreme,genesis supreme,2215SSXL,garageLengthFt,
,2026-2027,genesis supreme,genesis supreme,2215SSXL,garageWidthFt,
,2026-2027,genesis supreme,genesis supreme,2215SSXL,garageHeightIn,
,2026-2027,genesis supreme,genesis supreme,2215SSXL,garageCapacityLbs,
,2026-2027,genesis supreme,genesis supreme,2215SSXL,rampPatioLbs,
,2026-2027,genesis supreme,genesis supreme,2215SSXL,fuelStationGal,
,2026-2027,genesis supreme,genesis supreme,2215SSXL,axles,
,2026-2027,genesis supreme,genesis supreme,2215SSXL,tireSize,
,2026-2027,genesis supreme,genesis supreme,2215SSXL,slideouts,
,2026-2027,genesis supreme,genesis supreme,2415CRXL,exteriorHeightIn,
,2026-2027,genesis supreme,genesis supreme,2415CRXL,exteriorWidthIn,
,2026-2027,genesis supreme,genesis supreme,2415CRXL,interiorHeightIn,
,2026-2027,genesis supreme,genesis supreme,2415CRXL,sleeps,
,2026-2027,genesis supreme,genesis supreme,2415CRXL,dryWeightLbs,
,2026-2027,genesis supreme,genesis supreme,2415CRXL,fuelCapacityGal,
,2026-2027,genesis supreme,genesis supreme,2415CRXL,propaneGal,
,2026-2027,genesis supreme,genesis supreme,2415CRXL,waterHeaterGal,
,2026-2027,genesis supreme,genesis supreme,2415CRXL,cargoLbs,
,2026-2027,genesis supreme,genesis supreme,2415CRXL,garageLengthFt,
,2026-2027,genesis supreme,genesis supreme,2415CRXL,garageWidthFt,
,2026-2027,genesis supreme,genesis supreme,2415CRXL,garageHeightIn,
,2026-2027,genesis supreme,genesis supreme,2415CRXL,garageCapacityLbs,
,2026-2027,genesis supreme,genesis supreme,2415CRXL,rampPatioLbs,
,2026-2027,genesis supreme,genesis supreme,2415CRXL,fuelStationGal,
,2026-2027,genesis supreme,genesis supreme,2415CRXL,axles,
,2026-2027,genesis supreme,genesis supreme,2415CRXL,tireSize,
,2026-2027,genesis supreme,genesis supreme,2415CRXL,slideouts,
,2026-2027,genesis supreme,genesis supreme,2715FSXL,exteriorHeightIn,
,2026-2027,genesis supreme,genesis supreme,2715FSXL,exteriorWidthIn,
,2026-2027,genesis supreme,genesis supreme,2715FSXL,interiorHeightIn,
,2026-2027,genesis supreme,genesis supreme,2715FSXL,sleeps,
,2026-2027,genesis supreme,genesis supreme,2715FSXL,dryWeightLbs,
,2026-2027,genesis supreme,genesis supreme,2715FSXL,fuelCapacityGal,
,2026-2027,genesis supreme,genesis supreme,2715FSXL,propaneLbs,
,2026-2027,genesis supreme,genesis supreme,2715FSXL,propaneGal,
,2026-2027,genesis supreme,genesis supreme,2715FSXL,waterHeaterGal,
,2026-2027,genesis supreme,genesis supreme,2715FSXL,cargoLbs,
,2026-2027,genesis supreme,genesis supreme,2715FSXL,garageLengthFt,
,2026-2027,genesis supreme,genesis supreme,2715FSXL,garageWidthFt,
,2026-2027,genesis supreme,genesis supreme,2715FSXL,garageHeightIn,
,2026-2027,genesis supreme,genesis supreme,2715FSXL,garageCapacityLbs,
,2026-2027,genesis supreme,genesis supreme,2715FSXL,rampPatioLbs,
,2026-2027,genesis supreme,genesis supreme,2715FSXL,fuelStationGal,
,2026-2027,genesis supreme,genesis supreme,2715FSXL,axles,
,2026-2027,genesis supreme,genesis supreme,2715FSXL,tireSize,
,2026-2027,genesis supreme,genesis supreme,2715FSXL,slideouts,
,2026-2027,genesis supreme,genesis supreme,28IKS,exteriorHeightIn,
,2026-2027,genesis supreme,genesis supreme,28IKS,interiorHeightIn,
,2026-2027,genesis supreme,genesis supreme,28IKS,sleeps,
,2026-2027,genesis supreme,genesis supreme,28IKS,dryWeightLbs,
,2026-2027,genesis supreme,genesis supreme,28IKS,fuelCapacityGal,
,2026-2027,genesis supreme,genesis supreme,28IKS,propaneGal,
,2026-2027,genesis supreme,genesis supreme,28IKS,waterHeaterGal,
,2026-2027,genesis supreme,genesis supreme,28IKS,cargoLbs,
,2026-2027,genesis supreme,genesis supreme,28IKS,garageLengthFt,
,2026-2027,genesis supreme,genesis supreme,28IKS,garageWidthFt,
,2026-2027,genesis supreme,genesis supreme,28IKS,garageHeightIn,
,2026-2027,genesis supreme,genesis supreme,28IKS,garageCapacityLbs,
,2026-2027,genesis supreme,genesis supreme,28IKS,rampPatioLbs,
,2026-2027,genesis supreme,genesis supreme,28IKS,fuelStationGal,
,2026-2027,genesis supreme,genesis supreme,28IKS,axles,
,2026-2027,genesis supreme,genesis supreme,28IKS,tireSize,
,2026-2027,genesis supreme,genesis supreme,28IKS,slideouts,
,2022-2026,grand design,imagine,2500RL,sleeps,
,2022-2026,grand design,imagine,2500RL,dryWeightLbs,
,2022-2026,grand design,imagine,2500RL,fuelCapacityGal,
,2022-2026,grand design,imagine,2500RL,propaneGal,
,2022-2026,grand design,imagine,2500RL,waterHeaterGal,
,2022-2026,grand design,imagine,2500RL,cargoLbs,
,2022-2026,grand design,imagine,2500RL,garageLengthFt,
,2022-2026,grand design,imagine,2500RL,garageWidthFt,
,2022-2026,grand design,imagine,2500RL,garageHeightIn,
,2022-2026,grand design,imagine,2500RL,garageCapacityLbs,
,2022-2026,grand design,imagine,2500RL,rampPatioLbs,
,2022-2026,grand design,imagine,2500RL,fuelStationGal,
,2022-2026,grand design,imagine,2500RL,axles,
,2022-2026,grand design,imagine,2500RL,tireSize,
,2022-2026,grand design,imagine,2500RL,slideouts,
,2022-2026,grand design,imagine,2670MK,sleeps,
,2022-2026,grand design,imagine,2670MK,dryWeightLbs,
,2022-2026,grand design,imagine,2670MK,fuelCapacityGal,
,2022-2026,grand design,imagine,2670MK,propaneGal,
,2022-2026,grand design,imagine,2670MK,waterHeaterGal,
,2022-2026,grand design,imagine,2670MK,cargoLbs,
,2022-2026,grand design,imagine,2670MK,garageLengthFt,
,2022-2026,grand design,imagine,2670MK,garageWidthFt,
,2022-2026,grand design,imagine,2670MK,garageHeightIn,
,2022-2026,grand design,imagine,2670MK,garageCapacityLbs,
,2022-2026,grand design,imagine,2670MK,rampPatioLbs,
,2022-2026,grand design,imagine,2670MK,fuelStationGal,
,2022-2026,grand design,imagine,2670MK,axles,
,2022-2026,grand design,imagine,2670MK,tireSize,
,2022-2026,grand design,imagine,2670MK,slideouts,
,2022-2026,grand design,imagine,2800BH,sleeps,
,2022-2026,grand design,imagine,2800BH,dryWeightLbs,
,2022-2026,grand design,imagine,2800BH,fuelCapacityGal,
,2022-2026,grand design,imagine,2800BH,propaneGal,
,2022-2026,grand design,imagine,2800BH,waterHeaterGal,
,2022-2026,grand design,imagine,2800BH,cargoLbs,
,2022-2026,grand design,imagine,2800BH,garageLengthFt,
,2022-2026,grand design,imagine,2800BH,garageWidthFt,
,2022-2026,grand design,imagine,2800BH,garageHeightIn,
,2022-2026,grand design,imagine,2800BH,garageCapacityLbs,
,2022-2026,grand design,imagine,2800BH,rampPatioLbs,
,2022-2026,grand design,imagine,2800BH,fuelStationGal,
,2022-2026,grand design,imagine,2800BH,axles,
,2022-2026,grand design,imagine,2800BH,tireSize,
,2022-2026,grand design,imagine,2800BH,slideouts,
2027,,grand design,lineage series e,30DC,uvwLbs,
2027,,grand design,lineage series e,30DC,length,
2027,,grand design,lineage series e,30DC,exteriorHeightIn,
2027,,grand design,lineage series e,30DC,exteriorWidthIn,
2027,,grand design,lineage series e,30DC,interiorHeightIn,
2027,,grand design,lineage series e,30DC,sleeps,
2027,,grand design,lineage series e,30DC,dryWeightLbs,
2027,,grand design,lineage series e,30DC,hitchLbs,
2027,,grand design,lineage series e,30DC,fuelCapacityGal,
2027,,grand design,lineage series e,30DC,freshWater,
2027,,grand design,lineage series e,30DC,grayWater,
2027,,grand design,lineage series e,30DC,blackWater,
2027,,grand design,lineage series e,30DC,propaneLbs,
2027,,grand design,lineage series e,30DC,propaneGal,
2027,,grand design,lineage series e,30DC,waterHeaterGal,
2027,,grand design,lineage series e,30DC,cargoLbs,
2027,,grand design,lineage series e,30DC,garageLengthFt,
2027,,grand design,lineage series e,30DC,garageWidthFt,
2027,,grand design,lineage series e,30DC,garageHeightIn,
2027,,grand design,lineage series e,30DC,garageCapacityLbs,
2027,,grand design,lineage series e,30DC,rampPatioLbs,
2027,,grand design,lineage series e,30DC,fuelStationGal,
2027,,grand design,lineage series e,30DC,axles,
2027,,grand design,lineage series e,30DC,tireSize,
2027,,grand design,lineage series e,30DC,slideouts,
,2025-2027,grand design,lineage series f,31ZW,uvwLbs,
,2025-2027,grand design,lineage series f,31ZW,length,
,2025-2027,grand design,lineage series f,31ZW,exteriorHeightIn,
,2025-2027,grand design,lineage series f,31ZW,exteriorWidthIn,
,2025-2027,grand design,lineage series f,31ZW,interiorHeightIn,
,2025-2027,grand design,lineage series f,31ZW,sleeps,
,2025-2027,grand design,lineage series f,31ZW,dryWeightLbs,
,2025-2027,grand design,lineage series f,31ZW,hitchLbs,
,2025-2027,grand design,lineage series f,31ZW,propaneLbs,
,2025-2027,grand design,lineage series f,31ZW,propaneGal,
,2025-2027,grand design,lineage series f,31ZW,waterHeaterGal,
,2025-2027,grand design,lineage series f,31ZW,cargoLbs,
,2025-2027,grand design,lineage series f,31ZW,garageLengthFt,
,2025-2027,grand design,lineage series f,31ZW,garageWidthFt,
,2025-2027,grand design,lineage series f,31ZW,garageHeightIn,
,2025-2027,grand design,lineage series f,31ZW,garageCapacityLbs,
,2025-2027,grand design,lineage series f,31ZW,rampPatioLbs,
,2025-2027,grand design,lineage series f,31ZW,fuelStationGal,
,2025-2027,grand design,lineage series f,31ZW,axles,
,2025-2027,grand design,lineage series f,31ZW,tireSize,
,2025-2027,grand design,lineage series f,31ZW,slideouts,
2026,,grand design,lineage series f,31ZW,length,
2026,,grand design,lineage series f,31ZW,exteriorHeightIn,
2026,,grand design,lineage series f,31ZW,exteriorWidthIn,
2026,,grand design,lineage series f,31ZW,interiorHeightIn,
2026,,grand design,lineage series f,31ZW,sleeps,
2026,,grand design,lineage series f,31ZW,dryWeightLbs,
2026,,grand design,lineage series f,31ZW,hitchLbs,
2026,,grand design,lineage series f,31ZW,propaneLbs,
2026,,grand design,lineage series f,31ZW,propaneGal,
2026,,grand design,lineage series f,31ZW,waterHeaterGal,
2026,,grand design,lineage series f,31ZW,cargoLbs,
2026,,grand design,lineage series f,31ZW,garageLengthFt,
2026,,grand design,lineage series f,31ZW,garageWidthFt,
2026,,grand design,lineage series f,31ZW,garageHeightIn,
2026,,grand design,lineage series f,31ZW,garageCapacityLbs,
2026,,grand design,lineage series f,31ZW,rampPatioLbs,
2026,,grand design,lineage series f,31ZW,fuelStationGal,
2026,,grand design,lineage series f,31ZW,axles,
2026,,grand design,lineage series f,31ZW,tireSize,
2026,,grand design,lineage series f,31ZW,slideouts,
,2025-2027,grand design,lineage series f,31ZW5,uvwLbs,
,2025-2027,grand design,lineage series f,31ZW5,length,
,2025-2027,grand design,lineage series f,31ZW5,exteriorHeightIn,
,2025-2027,grand design,lineage series f,31ZW5,exteriorWidthIn,
,2025-2027,grand design,lineage series f,31ZW5,interiorHeightIn,
,2025-2027,grand design,lineage series f,31ZW5,sleeps,
,2025-2027,grand design,lineage series f,31ZW5,dryWeightLbs,
,2025-2027,grand design,lineage series f,31ZW5,hitchLbs,
,2025-2027,grand design,lineage series f,31ZW5,propaneLbs,
,2025-2027,grand design,lineage series f,31ZW5,propaneGal,
,2025-2027,grand design,lineage series f,31ZW5,waterHeaterGal,
,2025-2027,grand design,lineage series f,31ZW5,cargoLbs,
,2025-2027,grand design,lineage series f,31ZW5,garageLengthFt,
,2025-2027,grand design,lineage series f,31ZW5,garageWidthFt,
,2025-2027,grand design,lineage series f,31ZW5,garageHeightIn,
,2025-2027,grand design,lineage series f,31ZW5,garageCapacityLbs,
,2025-2027,grand design,lineage series f,31ZW5,rampPatioLbs,
,2025-2027,grand design,lineage series f,31ZW5,fuelStationGal,
,2025-2027,grand design,lineage series f,31ZW5,axles,
,2025-2027,grand design,lineage series f,31ZW5,tireSize,
,2025-2027,grand design,lineage series f,31ZW5,slideouts,
,2025-2027,grand design,lineage series m,25FW,uvwLbs,
,2025-2027,grand design,lineage series m,25FW,length,
,2025-2027,grand design,lineage series m,25FW,exteriorHeightIn,
,2025-2027,grand design,lineage series m,25FW,exteriorWidthIn,
,2025-2027,grand design,lineage series m,25FW,interiorHeightIn,
,2025-2027,grand design,lineage series m,25FW,sleeps,
,2025-2027,grand design,lineage series m,25FW,dryWeightLbs,
,2025-2027,grand design,lineage series m,25FW,hitchLbs,
,2025-2027,grand design,lineage series m,25FW,fuelCapacityGal,
,2025-2027,grand design,lineage series m,25FW,freshWater,
,2025-2027,grand design,lineage series m,25FW,grayWater,
,2025-2027,grand design,lineage series m,25FW,blackWater,
,2025-2027,grand design,lineage series m,25FW,propaneLbs,
,2025-2027,grand design,lineage series m,25FW,propaneGal,
,2025-2027,grand design,lineage series m,25FW,waterHeaterGal,
,2025-2027,grand design,lineage series m,25FW,cargoLbs,
,2025-2027,grand design,lineage series m,25FW,garageLengthFt,
,2025-2027,grand design,lineage series m,25FW,garageWidthFt,
,2025-2027,grand design,lineage series m,25FW,garageHeightIn,
,2025-2027,grand design,lineage series m,25FW,garageCapacityLbs,
,2025-2027,grand design,lineage series m,25FW,rampPatioLbs,
,2025-2027,grand design,lineage series m,25FW,fuelStationGal,
,2025-2027,grand design,lineage series m,25FW,axles,
,2025-2027,grand design,lineage series m,25FW,tireSize,
,2025-2027,grand design,lineage series m,25FW,slideouts,
2027,,grand design,lineage series m,25MD,uvwLbs,
2027,,grand design,lineage series m,25MD,length,
2027,,grand design,lineage series m,25MD,exteriorHeightIn,
2027,,grand design,lineage series m,25MD,exteriorWidthIn,
2027,,grand design,lineage series m,25MD,interiorHeightIn,
2027,,grand design,lineage series m,25MD,sleeps,
2027,,grand design,lineage series m,25MD,dryWeightLbs,
2027,,grand design,lineage series m,25MD,hitchLbs,
2027,,grand design,lineage series m,25MD,fuelCapacityGal,
2027,,grand design,lineage series m,25MD,freshWater,
2027,,grand design,lineage series m,25MD,grayWater,
2027,,grand design,lineage series m,25MD,blackWater,
2027,,grand design,lineage series m,25MD,propaneLbs,
2027,,grand design,lineage series m,25MD,propaneGal,
2027,,grand design,lineage series m,25MD,waterHeaterGal,
2027,,grand design,lineage series m,25MD,cargoLbs,
2027,,grand design,lineage series m,25MD,garageLengthFt,
2027,,grand design,lineage series m,25MD,garageWidthFt,
2027,,grand design,lineage series m,25MD,garageHeightIn,
2027,,grand design,lineage series m,25MD,garageCapacityLbs,
2027,,grand design,lineage series m,25MD,rampPatioLbs,
2027,,grand design,lineage series m,25MD,fuelStationGal,
2027,,grand design,lineage series m,25MD,axles,
2027,,grand design,lineage series m,25MD,tireSize,
2027,,grand design,lineage series m,25MD,slideouts,
,2025-2026,grand design,lineage series m,25TK,uvwLbs,
,2025-2026,grand design,lineage series m,25TK,length,
,2025-2026,grand design,lineage series m,25TK,exteriorHeightIn,
,2025-2026,grand design,lineage series m,25TK,exteriorWidthIn,
,2025-2026,grand design,lineage series m,25TK,interiorHeightIn,
,2025-2026,grand design,lineage series m,25TK,sleeps,
,2025-2026,grand design,lineage series m,25TK,dryWeightLbs,
,2025-2026,grand design,lineage series m,25TK,hitchLbs,
,2025-2026,grand design,lineage series m,25TK,fuelCapacityGal,
,2025-2026,grand design,lineage series m,25TK,freshWater,
,2025-2026,grand design,lineage series m,25TK,grayWater,
,2025-2026,grand design,lineage series m,25TK,blackWater,
,2025-2026,grand design,lineage series m,25TK,propaneLbs,
,2025-2026,grand design,lineage series m,25TK,propaneGal,
,2025-2026,grand design,lineage series m,25TK,waterHeaterGal,
,2025-2026,grand design,lineage series m,25TK,cargoLbs,
,2025-2026,grand design,lineage series m,25TK,garageLengthFt,
,2025-2026,grand design,lineage series m,25TK,garageWidthFt,
,2025-2026,grand design,lineage series m,25TK,garageHeightIn,
,2025-2026,grand design,lineage series m,25TK,garageCapacityLbs,
,2025-2026,grand design,lineage series m,25TK,rampPatioLbs,
,2025-2026,grand design,lineage series m,25TK,fuelStationGal,
,2025-2026,grand design,lineage series m,25TK,axles,
,2025-2026,grand design,lineage series m,25TK,tireSize,
,2025-2026,grand design,lineage series m,25TK,slideouts,
,2021-2026,grand design,reflection,260RD,sleeps,
,2021-2026,grand design,reflection,260RD,dryWeightLbs,
,2021-2026,grand design,reflection,260RD,fuelCapacityGal,
,2021-2026,grand design,reflection,260RD,propaneGal,
,2021-2026,grand design,reflection,260RD,waterHeaterGal,
,2021-2026,grand design,reflection,260RD,cargoLbs,
,2021-2026,grand design,reflection,260RD,garageLengthFt,
,2021-2026,grand design,reflection,260RD,garageWidthFt,
,2021-2026,grand design,reflection,260RD,garageHeightIn,
,2021-2026,grand design,reflection,260RD,garageCapacityLbs,
,2021-2026,grand design,reflection,260RD,rampPatioLbs,
,2021-2026,grand design,reflection,260RD,fuelStationGal,
,2021-2026,grand design,reflection,260RD,axles,
,2021-2026,grand design,reflection,260RD,tireSize,
,2021-2026,grand design,reflection,260RD,slideouts,
,2021-2026,grand design,reflection,303RLS,sleeps,
,2021-2026,grand design,reflection,303RLS,dryWeightLbs,
,2021-2026,grand design,reflection,303RLS,fuelCapacityGal,
,2021-2026,grand design,reflection,303RLS,propaneGal,
,2021-2026,grand design,reflection,303RLS,waterHeaterGal,
,2021-2026,grand design,reflection,303RLS,cargoLbs,
,2021-2026,grand design,reflection,303RLS,garageLengthFt,
,2021-2026,grand design,reflection,303RLS,garageWidthFt,
,2021-2026,grand design,reflection,303RLS,garageHeightIn,
,2021-2026,grand design,reflection,303RLS,garageCapacityLbs,
,2021-2026,grand design,reflection,303RLS,rampPatioLbs,
,2021-2026,grand design,reflection,303RLS,fuelStationGal,
,2021-2026,grand design,reflection,303RLS,axles,
,2021-2026,grand design,reflection,303RLS,tireSize,
,2021-2026,grand design,reflection,303RLS,slideouts,
2026,,grand design,serenova,150HL,dryWeightLbs,
2026,,grand design,serenova,150HL,fuelCapacityGal,
2026,,grand design,serenova,150HL,propaneLbs,
2026,,grand design,serenova,150HL,propaneGal,
2026,,grand design,serenova,150HL,waterHeaterGal,
2026,,grand design,serenova,150HL,cargoLbs,
2026,,grand design,serenova,150HL,garageLengthFt,
2026,,grand design,serenova,150HL,garageWidthFt,
2026,,grand design,serenova,150HL,garageHeightIn,
2026,,grand design,serenova,150HL,garageCapacityLbs,
2026,,grand design,serenova,150HL,rampPatioLbs,
2026,,grand design,serenova,150HL,fuelStationGal,
2026,,grand design,serenova,160LG,dryWeightLbs,
2026,,grand design,serenova,160LG,fuelCapacityGal,
2026,,grand design,serenova,160LG,propaneGal,
2026,,grand design,serenova,160LG,waterHeaterGal,
2026,,grand design,serenova,160LG,cargoLbs,
2026,,grand design,serenova,160LG,garageLengthFt,
2026,,grand design,serenova,160LG,garageWidthFt,
2026,,grand design,serenova,160LG,garageHeightIn,
2026,,grand design,serenova,160LG,garageCapacityLbs,
2026,,grand design,serenova,160LG,rampPatioLbs,
2026,,grand design,serenova,160LG,fuelStationGal,
2026,,grand design,serenova,160LG,slideouts,
2026,,grand design,transcend xplor,19BHX,gvwrLbs,
2026,,grand design,transcend xplor,19BHX,interiorHeightIn,
2026,,grand design,transcend xplor,19BHX,sleeps,
2026,,grand design,transcend xplor,19BHX,dryWeightLbs,
2026,,grand design,transcend xplor,19BHX,fuelCapacityGal,
2026,,grand design,transcend xplor,19BHX,propaneLbs,
2026,,grand design,transcend xplor,19BHX,propaneGal,
2026,,grand design,transcend xplor,19BHX,waterHeaterGal,
2026,,grand design,transcend xplor,19BHX,cargoLbs,
2026,,grand design,transcend xplor,19BHX,garageLengthFt,
2026,,grand design,transcend xplor,19BHX,garageWidthFt,
2026,,grand design,transcend xplor,19BHX,garageHeightIn,
2026,,grand design,transcend xplor,19BHX,garageCapacityLbs,
2026,,grand design,transcend xplor,19BHX,rampPatioLbs,
2026,,grand design,transcend xplor,19BHX,fuelStationGal,
2026,,grand design,transcend xplor,19BHX,axles,
2026,,grand design,transcend xplor,19BHX,tireSize,
2026,,grand design,transcend xplor,19BHX,slideouts,
2026,,grand design,transcend xplor,20MKX,sleeps,
2026,,grand design,transcend xplor,20MKX,dryWeightLbs,
2026,,grand design,transcend xplor,20MKX,fuelCapacityGal,
2026,,grand design,transcend xplor,20MKX,propaneLbs,
2026,,grand design,transcend xplor,20MKX,propaneGal,
2026,,grand design,transcend xplor,20MKX,cargoLbs,
2026,,grand design,transcend xplor,20MKX,garageLengthFt,
2026,,grand design,transcend xplor,20MKX,garageWidthFt,
2026,,grand design,transcend xplor,20MKX,garageHeightIn,
2026,,grand design,transcend xplor,20MKX,garageCapacityLbs,
2026,,grand design,transcend xplor,20MKX,rampPatioLbs,
2026,,grand design,transcend xplor,20MKX,fuelStationGal,
2026,,grand design,transcend xplor,20MKX,axles,
2026,,grand design,transcend xplor,20MKX,tireSize,
2026,,grand design,transcend xplor,20MKX,slideouts,
,2026-2027,grand design,transcend xplor,20MKX,uvwLbs,
,2026-2027,grand design,transcend xplor,20MKX,gvwrLbs,
,2026-2027,grand design,transcend xplor,20MKX,length,
,2026-2027,grand design,transcend xplor,20MKX,exteriorHeightIn,
,2026-2027,grand design,transcend xplor,20MKX,exteriorWidthIn,
,2026-2027,grand design,transcend xplor,20MKX,interiorHeightIn,
,2026-2027,grand design,transcend xplor,20MKX,sleeps,
,2026-2027,grand design,transcend xplor,20MKX,dryWeightLbs,
,2026-2027,grand design,transcend xplor,20MKX,hitchLbs,
,2026-2027,grand design,transcend xplor,20MKX,fuelCapacityGal,
,2026-2027,grand design,transcend xplor,20MKX,propaneLbs,
,2026-2027,grand design,transcend xplor,20MKX,propaneGal,
,2026-2027,grand design,transcend xplor,20MKX,waterHeaterGal,
,2026-2027,grand design,transcend xplor,20MKX,cargoLbs,
,2026-2027,grand design,transcend xplor,20MKX,garageLengthFt,
,2026-2027,grand design,transcend xplor,20MKX,garageWidthFt,
,2026-2027,grand design,transcend xplor,20MKX,garageHeightIn,
,2026-2027,grand design,transcend xplor,20MKX,garageCapacityLbs,
,2026-2027,grand design,transcend xplor,20MKX,rampPatioLbs,
,2026-2027,grand design,transcend xplor,20MKX,fuelStationGal,
,2026-2027,grand design,transcend xplor,20MKX,axles,
,2026-2027,grand design,transcend xplor,20MKX,tireSize,
,2026-2027,grand design,transcend xplor,20MKX,slideouts,
2027,,grand design,transcend xplor,20MKX,uvwLbs,
2027,,grand design,transcend xplor,20MKX,gvwrLbs,
2027,,grand design,transcend xplor,20MKX,interiorHeightIn,
2027,,grand design,transcend xplor,20MKX,sleeps,
2027,,grand design,transcend xplor,20MKX,dryWeightLbs,
2027,,grand design,transcend xplor,20MKX,hitchLbs,
2027,,grand design,transcend xplor,20MKX,fuelCapacityGal,
2027,,grand design,transcend xplor,20MKX,propaneLbs,
2027,,grand design,transcend xplor,20MKX,propaneGal,
2027,,grand design,transcend xplor,20MKX,cargoLbs,
2027,,grand design,transcend xplor,20MKX,garageLengthFt,
2027,,grand design,transcend xplor,20MKX,garageWidthFt,
2027,,grand design,transcend xplor,20MKX,garageHeightIn,
2027,,grand design,transcend xplor,20MKX,garageCapacityLbs,
2027,,grand design,transcend xplor,20MKX,rampPatioLbs,
2027,,grand design,transcend xplor,20MKX,fuelStationGal,
2027,,grand design,transcend xplor,20MKX,axles,
2027,,grand design,transcend xplor,20MKX,tireSize,
2027,,grand design,transcend xplor,20MKX,slideouts,
2026,,grand design,transcend xplor,21RLX,gvwrLbs,
2026,,grand design,transcend xplor,21RLX,interiorHeightIn,
2026,,grand design,transcend xplor,21RLX,sleeps,
2026,,grand design,transcend xplor,21RLX,dryWeightLbs,
2026,,grand design,transcend xplor,21RLX,fuelCapacityGal,
2026,,grand design,transcend xplor,21RLX,propaneLbs,
2026,,grand design,transcend xplor,21RLX,propaneGal,
2026,,grand design,transcend xplor,21RLX,waterHeaterGal,
2026,,grand design,transcend xplor,21RLX,cargoLbs,
2026,,grand design,transcend xplor,21RLX,garageLengthFt,
2026,,grand design,transcend xplor,21RLX,garageWidthFt,
2026,,grand design,transcend xplor,21RLX,garageHeightIn,
2026,,grand design,transcend xplor,21RLX,garageCapacityLbs,
2026,,grand design,transcend xplor,21RLX,rampPatioLbs,
2026,,grand design,transcend xplor,21RLX,fuelStationGal,
2026,,grand design,transcend xplor,21RLX,axles,
2026,,grand design,transcend xplor,21RLX,tireSize,
2026,,grand design,transcend xplor,21RLX,slideouts,
2026,,grand design,transcend xplor,22RBX,gvwrLbs,
2026,,grand design,transcend xplor,22RBX,interiorHeightIn,
2026,,grand design,transcend xplor,22RBX,sleeps,
2026,,grand design,transcend xplor,22RBX,dryWeightLbs,
2026,,grand design,transcend xplor,22RBX,fuelCapacityGal,
2026,,grand design,transcend xplor,22RBX,propaneLbs,
2026,,grand design,transcend xplor,22RBX,propaneGal,
2026,,grand design,transcend xplor,22RBX,waterHeaterGal,
2026,,grand design,transcend xplor,22RBX,cargoLbs,
2026,,grand design,transcend xplor,22RBX,garageLengthFt,
2026,,grand design,transcend xplor,22RBX,garageWidthFt,
2026,,grand design,transcend xplor,22RBX,garageHeightIn,
2026,,grand design,transcend xplor,22RBX,garageCapacityLbs,
2026,,grand design,transcend xplor,22RBX,rampPatioLbs,
2026,,grand design,transcend xplor,22RBX,fuelStationGal,
2026,,grand design,transcend xplor,22RBX,axles,
2026,,grand design,transcend xplor,22RBX,tireSize,
2026,,grand design,transcend xplor,22RBX,slideouts,
2026,,grand design,transcend xplor,23BHX,sleeps,
2026,,grand design,transcend xplor,23BHX,dryWeightLbs,
2026,,grand design,transcend xplor,23BHX,fuelCapacityGal,
2026,,grand design,transcend xplor,23BHX,propaneLbs,
2026,,grand design,transcend xplor,23BHX,propaneGal,
2026,,grand design,transcend xplor,23BHX,cargoLbs,
2026,,grand design,transcend xplor,23BHX,garageLengthFt,
2026,,grand design,transcend xplor,23BHX,garageWidthFt,
2026,,grand design,transcend xplor,23BHX,garageHeightIn,
2026,,grand design,transcend xplor,23BHX,garageCapacityLbs,
2026,,grand design,transcend xplor,23BHX,rampPatioLbs,
2026,,grand design,transcend xplor,23BHX,fuelStationGal,
2026,,grand design,transcend xplor,23BHX,axles,
2026,,grand design,transcend xplor,23BHX,tireSize,
2026,,grand design,transcend xplor,23BHX,slideouts,
,2026-2027,grand design,transcend xplor,23BHX,uvwLbs,
,2026-2027,grand design,transcend xplor,23BHX,gvwrLbs,
,2026-2027,grand design,transcend xplor,23BHX,length,
,2026-2027,grand design,transcend xplor,23BHX,exteriorHeightIn,
,2026-2027,grand design,transcend xplor,23BHX,exteriorWidthIn,
,2026-2027,grand design,transcend xplor,23BHX,interiorHeightIn,
,2026-2027,grand design,transcend xplor,23BHX,sleeps,
,2026-2027,grand design,transcend xplor,23BHX,dryWeightLbs,
,2026-2027,grand design,transcend xplor,23BHX,hitchLbs,
,2026-2027,grand design,transcend xplor,23BHX,fuelCapacityGal,
,2026-2027,grand design,transcend xplor,23BHX,propaneLbs,
,2026-2027,grand design,transcend xplor,23BHX,propaneGal,
,2026-2027,grand design,transcend xplor,23BHX,waterHeaterGal,
,2026-2027,grand design,transcend xplor,23BHX,cargoLbs,
,2026-2027,grand design,transcend xplor,23BHX,garageLengthFt,
,2026-2027,grand design,transcend xplor,23BHX,garageWidthFt,
,2026-2027,grand design,transcend xplor,23BHX,garageHeightIn,
,2026-2027,grand design,transcend xplor,23BHX,garageCapacityLbs,
,2026-2027,grand design,transcend xplor,23BHX,rampPatioLbs,
,2026-2027,grand design,transcend xplor,23BHX,fuelStationGal,
,2026-2027,grand design,transcend xplor,23BHX,axles,
,2026-2027,grand design,transcend xplor,23BHX,tireSize,
,2026-2027,grand design,transcend xplor,23BHX,slideouts,
2027,,grand design,transcend xplor,23BHX,uvwLbs,
2027,,grand design,transcend xplor,23BHX,gvwrLbs,
2027,,grand design,transcend xplor,23BHX,interiorHeightIn,
2027,,grand design,transcend xplor,23BHX,sleeps,
2027,,grand design,transcend xplor,23BHX,dryWeightLbs,
2027,,grand design,transcend xplor,23BHX,fuelCapacityGal,
2027,,grand design,transcend xplor,23BHX,propaneLbs,
2027,,grand design,transcend xplor,23BHX,propaneGal,
2027,,grand design,transcend xplor,23BHX,cargoLbs,
2027,,grand design,transcend xplor,23BHX,garageLengthFt,
2027,,grand design,transcend xplor,23BHX,garageWidthFt,
2027,,grand design,transcend xplor,23BHX,garageHeightIn,
2027,,grand design,transcend xplor,23BHX,garageCapacityLbs,
2027,,grand design,transcend xplor,23BHX,rampPatioLbs,
2027,,grand design,transcend xplor,23BHX,fuelStationGal,
2027,,grand design,transcend xplor,23BHX,axles,
2027,,grand design,transcend xplor,23BHX,tireSize,
2027,,grand design,transcend xplor,23BHX,slideouts,
2026,,grand design,transcend xplor,24BHX,gvwrLbs,
2026,,grand design,transcend xplor,24BHX,interiorHeightIn,
2026,,grand design,transcend xplor,24BHX,sleeps,
2026,,grand design,transcend xplor,24BHX,dryWeightLbs,
2026,,grand design,transcend xplor,24BHX,fuelCapacityGal,
2026,,grand design,transcend xplor,24BHX,propaneLbs,
2026,,grand design,transcend xplor,24BHX,propaneGal,
2026,,grand design,transcend xplor,24BHX,waterHeaterGal,
2026,,grand design,transcend xplor,24BHX,cargoLbs,
2026,,grand design,transcend xplor,24BHX,garageLengthFt,
2026,,grand design,transcend xplor,24BHX,garageWidthFt,
2026,,grand design,transcend xplor,24BHX,garageHeightIn,
2026,,grand design,transcend xplor,24BHX,garageCapacityLbs,
2026,,grand design,transcend xplor,24BHX,rampPatioLbs,
2026,,grand design,transcend xplor,24BHX,fuelStationGal,
2026,,grand design,transcend xplor,24BHX,axles,
2026,,grand design,transcend xplor,24BHX,tireSize,
2026,,grand design,transcend xplor,24BHX,slideouts,
2026,,grand design,transcend xplor,25MLX,gvwrLbs,
2026,,grand design,transcend xplor,25MLX,interiorHeightIn,
2026,,grand design,transcend xplor,25MLX,sleeps,
2026,,grand design,transcend xplor,25MLX,dryWeightLbs,
2026,,grand design,transcend xplor,25MLX,fuelCapacityGal,
2026,,grand design,transcend xplor,25MLX,propaneLbs,
2026,,grand design,transcend xplor,25MLX,propaneGal,
2026,,grand design,transcend xplor,25MLX,waterHeaterGal,
2026,,grand design,transcend xplor,25MLX,cargoLbs,
2026,,grand design,transcend xplor,25MLX,garageLengthFt,
2026,,grand design,transcend xplor,25MLX,garageWidthFt,
2026,,grand design,transcend xplor,25MLX,garageHeightIn,
2026,,grand design,transcend xplor,25MLX,garageCapacityLbs,
2026,,grand design,transcend xplor,25MLX,rampPatioLbs,
2026,,grand design,transcend xplor,25MLX,fuelStationGal,
2026,,grand design,transcend xplor,25MLX,axles,
2026,,grand design,transcend xplor,25MLX,tireSize,
2026,,grand design,transcend xplor,25MLX,slideouts,
2026,,grand design,transcend xplor,26BHX,gvwrLbs,
2026,,grand design,transcend xplor,26BHX,interiorHeightIn,
2026,,grand design,transcend xplor,26BHX,sleeps,
2026,,grand design,transcend xplor,26BHX,dryWeightLbs,
2026,,grand design,transcend xplor,26BHX,fuelCapacityGal,
2026,,grand design,transcend xplor,26BHX,propaneLbs,
2026,,grand design,transcend xplor,26BHX,propaneGal,
2026,,grand design,transcend xplor,26BHX,waterHeaterGal,
2026,,grand design,transcend xplor,26BHX,cargoLbs,
2026,,grand design,transcend xplor,26BHX,garageLengthFt,
2026,,grand design,transcend xplor,26BHX,garageWidthFt,
2026,,grand design,transcend xplor,26BHX,garageHeightIn,
2026,,grand design,transcend xplor,26BHX,garageCapacityLbs,
2026,,grand design,transcend xplor,26BHX,rampPatioLbs,
2026,,grand design,transcend xplor,26BHX,fuelStationGal,
2026,,grand design,transcend xplor,26BHX,axles,
2026,,grand design,transcend xplor,26BHX,tireSize,
2026,,grand design,transcend xplor,26BHX,slideouts,
2026,,grand design,transcend xplor,26RBX,gvwrLbs,
2026,,grand design,transcend xplor,26RBX,interiorHeightIn,
2026,,grand design,transcend xplor,26RBX,sleeps,
2026,,grand design,transcend xplor,26RBX,dryWeightLbs,
2026,,grand design,transcend xplor,26RBX,fuelCapacityGal,
2026,,grand design,transcend xplor,26RBX,propaneLbs,
2026,,grand design,transcend xplor,26RBX,propaneGal,
2026,,grand design,transcend xplor,26RBX,waterHeaterGal,
2026,,grand design,transcend xplor,26RBX,cargoLbs,
2026,,grand design,transcend xplor,26RBX,garageLengthFt,
2026,,grand design,transcend xplor,26RBX,garageWidthFt,
2026,,grand design,transcend xplor,26RBX,garageHeightIn,
2026,,grand design,transcend xplor,26RBX,garageCapacityLbs,
2026,,grand design,transcend xplor,26RBX,rampPatioLbs,
2026,,grand design,transcend xplor,26RBX,fuelStationGal,
2026,,grand design,transcend xplor,26RBX,axles,
2026,,grand design,transcend xplor,26RBX,tireSize,
2026,,grand design,transcend xplor,26RBX,slideouts,
2026,,grand design,transcend xplor,27DBX,gvwrLbs,
2026,,grand design,transcend xplor,27DBX,interiorHeightIn,
2026,,grand design,transcend xplor,27DBX,sleeps,
2026,,grand design,transcend xplor,27DBX,dryWeightLbs,
2026,,grand design,transcend xplor,27DBX,fuelCapacityGal,
2026,,grand design,transcend xplor,27DBX,propaneLbs,
2026,,grand design,transcend xplor,27DBX,propaneGal,
2026,,grand design,transcend xplor,27DBX,waterHeaterGal,
2026,,grand design,transcend xplor,27DBX,cargoLbs,
2026,,grand design,transcend xplor,27DBX,garageLengthFt,
2026,,grand design,transcend xplor,27DBX,garageWidthFt,
2026,,grand design,transcend xplor,27DBX,garageHeightIn,
2026,,grand design,transcend xplor,27DBX,garageCapacityLbs,
2026,,grand design,transcend xplor,27DBX,rampPatioLbs,
2026,,grand design,transcend xplor,27DBX,fuelStationGal,
2026,,grand design,transcend xplor,27DBX,axles,
2026,,grand design,transcend xplor,27DBX,tireSize,
2026,,grand design,transcend xplor,27DBX,slideouts,
2024,,gulf stream,conquest le,6280LE,uvwLbs,
2024,,gulf stream,conquest le,6280LE,gvwrLbs,
2024,,gulf stream,conquest le,6280LE,dryWeightLbs,
2024,,gulf stream,conquest le,6280LE,hitchLbs,
2024,,gulf stream,conquest le,6280LE,fuelCapacityGal,
2024,,gulf stream,conquest le,6280LE,propaneGal,
2024,,gulf stream,conquest le,6280LE,waterHeaterGal,
2024,,gulf stream,conquest le,6280LE,cargoLbs,
2024,,gulf stream,conquest le,6280LE,garageLengthFt,
2024,,gulf stream,conquest le,6280LE,garageWidthFt,
2024,,gulf stream,conquest le,6280LE,garageHeightIn,
2024,,gulf stream,conquest le,6280LE,garageCapacityLbs,
2024,,gulf stream,conquest le,6280LE,rampPatioLbs,
2024,,gulf stream,conquest le,6280LE,fuelStationGal,
2024,,gulf stream,conquest le,6280LE,axles,
2024,,gulf stream,conquest le,6280LE,tireSize,
2011,,heartland,big country,3250TS,interiorHeightIn,
2011,,heartland,big country,3250TS,dryWeightLbs,
2011,,heartland,big country,3250TS,fuelCapacityGal,
2011,,heartland,big country,3250TS,propaneGal,
2011,,heartland,big country,3250TS,cargoLbs,
2011,,heartland,big country,3250TS,garageLengthFt,
2011,,heartland,big country,3250TS,garageWidthFt,
2011,,heartland,big country,3250TS,garageHeightIn,
2011,,heartland,big country,3250TS,garageCapacityLbs,
2011,,heartland,big country,3250TS,rampPatioLbs,
2011,,heartland,big country,3250TS,fuelStationGal,
2011,,heartland,big country,3250TS,axles,
2011,,heartland,big country,3250TS,tireSize,
2019,,heartland,bighorn,3160ELITE,interiorHeightIn,
2019,,heartland,bighorn,3160ELITE,dryWeightLbs,
2019,,heartland,bighorn,3160ELITE,fuelCapacityGal,
2019,,heartland,bighorn,3160ELITE,propaneGal,
2019,,heartland,bighorn,3160ELITE,cargoLbs,
2019,,heartland,bighorn,3160ELITE,garageLengthFt,
2019,,heartland,bighorn,3160ELITE,garageWidthFt,
2019,,heartland,bighorn,3160ELITE,garageHeightIn,
2019,,heartland,bighorn,3160ELITE,garageCapacityLbs,
2019,,heartland,bighorn,3160ELITE,rampPatioLbs,
2019,,heartland,bighorn,3160ELITE,fuelStationGal,
2019,,heartland,bighorn,3160ELITE,axles,
2019,,heartland,bighorn,3160ELITE,tireSize,
,2020-2026,heartland,bighorn,3375SS,sleeps,
,2020-2026,heartland,bighorn,3375SS,dryWeightLbs,
,2020-2026,heartland,bighorn,3375SS,fuelCapacityGal,
,2020-2026,heartland,bighorn,3375SS,propaneGal,
,2020-2026,heartland,bighorn,3375SS,waterHeaterGal,
,2020-2026,heartland,bighorn,3375SS,cargoLbs,
,2020-2026,heartland,bighorn,3375SS,garageLengthFt,
,2020-2026,heartland,bighorn,3375SS,garageWidthFt,
,2020-2026,heartland,bighorn,3375SS,garageHeightIn,
,2020-2026,heartland,bighorn,3375SS,garageCapacityLbs,
,2020-2026,heartland,bighorn,3375SS,rampPatioLbs,
,2020-2026,heartland,bighorn,3375SS,fuelStationGal,
,2020-2026,heartland,bighorn,3375SS,axles,
,2020-2026,heartland,bighorn,3375SS,tireSize,
,2020-2026,heartland,bighorn,3375SS,slideouts,
2027,,holiday rambler,incline fs550,30SB,uvwLbs,
2027,,holiday rambler,incline fs550,30SB,length,
2027,,holiday rambler,incline fs550,30SB,exteriorHeightIn,
2027,,holiday rambler,incline fs550,30SB,exteriorWidthIn,
2027,,holiday rambler,incline fs550,30SB,interiorHeightIn,
2027,,holiday rambler,incline fs550,30SB,sleeps,
2027,,holiday rambler,incline fs550,30SB,dryWeightLbs,
2027,,holiday rambler,incline fs550,30SB,hitchLbs,
2027,,holiday rambler,incline fs550,30SB,fuelCapacityGal,
2027,,holiday rambler,incline fs550,30SB,freshWater,
2027,,holiday rambler,incline fs550,30SB,grayWater,
2027,,holiday rambler,incline fs550,30SB,blackWater,
2027,,holiday rambler,incline fs550,30SB,propaneLbs,
2027,,holiday rambler,incline fs550,30SB,propaneGal,
2027,,holiday rambler,incline fs550,30SB,waterHeaterGal,
2027,,holiday rambler,incline fs550,30SB,cargoLbs,
2027,,holiday rambler,incline fs550,30SB,garageLengthFt,
2027,,holiday rambler,incline fs550,30SB,garageWidthFt,
2027,,holiday rambler,incline fs550,30SB,garageHeightIn,
2027,,holiday rambler,incline fs550,30SB,garageCapacityLbs,
2027,,holiday rambler,incline fs550,30SB,rampPatioLbs,
2027,,holiday rambler,incline fs550,30SB,fuelStationGal,
2027,,holiday rambler,incline fs550,30SB,axles,
2027,,holiday rambler,incline fs550,30SB,tireSize,
2027,,holiday rambler,incline fs550,30SB,slideouts,
2027,,holiday rambler,incline fs550,30WM,uvwLbs,
2027,,holiday rambler,incline fs550,30WM,length,
2027,,holiday rambler,incline fs550,30WM,exteriorHeightIn,
2027,,holiday rambler,incline fs550,30WM,exteriorWidthIn,
2027,,holiday rambler,incline fs550,30WM,interiorHeightIn,
2027,,holiday rambler,incline fs550,30WM,sleeps,
2027,,holiday rambler,incline fs550,30WM,dryWeightLbs,
2027,,holiday rambler,incline fs550,30WM,hitchLbs,
2027,,holiday rambler,incline fs550,30WM,fuelCapacityGal,
2027,,holiday rambler,incline fs550,30WM,freshWater,
2027,,holiday rambler,incline fs550,30WM,grayWater,
2027,,holiday rambler,incline fs550,30WM,blackWater,
2027,,holiday rambler,incline fs550,30WM,propaneLbs,
2027,,holiday rambler,incline fs550,30WM,propaneGal,
2027,,holiday rambler,incline fs550,30WM,waterHeaterGal,
2027,,holiday rambler,incline fs550,30WM,cargoLbs,
2027,,holiday rambler,incline fs550,30WM,garageLengthFt,
2027,,holiday rambler,incline fs550,30WM,garageWidthFt,
2027,,holiday rambler,incline fs550,30WM,garageHeightIn,
2027,,holiday rambler,incline fs550,30WM,garageCapacityLbs,
2027,,holiday rambler,incline fs550,30WM,rampPatioLbs,
2027,,holiday rambler,incline fs550,30WM,fuelStationGal,
2027,,holiday rambler,incline fs550,30WM,axles,
2027,,holiday rambler,incline fs550,30WM,tireSize,
2027,,holiday rambler,incline fs550,30WM,slideouts,
2027,,holiday rambler,incline fs550,32AW,uvwLbs,
2027,,holiday rambler,incline fs550,32AW,length,
2027,,holiday rambler,incline fs550,32AW,exteriorHeightIn,
2027,,holiday rambler,incline fs550,32AW,exteriorWidthIn,
2027,,holiday rambler,incline fs550,32AW,interiorHeightIn,
2027,,holiday rambler,incline fs550,32AW,sleeps,
2027,,holiday rambler,incline fs550,32AW,dryWeightLbs,
2027,,holiday rambler,incline fs550,32AW,hitchLbs,
2027,,holiday rambler,incline fs550,32AW,fuelCapacityGal,
2027,,holiday rambler,incline fs550,32AW,freshWater,
2027,,holiday rambler,incline fs550,32AW,grayWater,
2027,,holiday rambler,incline fs550,32AW,blackWater,
2027,,holiday rambler,incline fs550,32AW,propaneLbs,
2027,,holiday rambler,incline fs550,32AW,propaneGal,
2027,,holiday rambler,incline fs550,32AW,waterHeaterGal,
2027,,holiday rambler,incline fs550,32AW,cargoLbs,
2027,,holiday rambler,incline fs550,32AW,garageLengthFt,
2027,,holiday rambler,incline fs550,32AW,garageWidthFt,
2027,,holiday rambler,incline fs550,32AW,garageHeightIn,
2027,,holiday rambler,incline fs550,32AW,garageCapacityLbs,
2027,,holiday rambler,incline fs550,32AW,rampPatioLbs,
2027,,holiday rambler,incline fs550,32AW,fuelStationGal,
2027,,holiday rambler,incline fs550,32AW,axles,
2027,,holiday rambler,incline fs550,32AW,tireSize,
2027,,holiday rambler,incline fs550,32AW,slideouts,
2027,,holiday rambler,incline,27U,uvwLbs,
2027,,holiday rambler,incline,27U,length,
2027,,holiday rambler,incline,27U,exteriorHeightIn,
2027,,holiday rambler,incline,27U,exteriorWidthIn,
2027,,holiday rambler,incline,27U,interiorHeightIn,
2027,,holiday rambler,incline,27U,sleeps,
2027,,holiday rambler,incline,27U,dryWeightLbs,
2027,,holiday rambler,incline,27U,hitchLbs,
2027,,holiday rambler,incline,27U,fuelCapacityGal,
2027,,holiday rambler,incline,27U,freshWater,
2027,,holiday rambler,incline,27U,grayWater,
2027,,holiday rambler,incline,27U,blackWater,
2027,,holiday rambler,incline,27U,propaneLbs,
2027,,holiday rambler,incline,27U,propaneGal,
2027,,holiday rambler,incline,27U,waterHeaterGal,
2027,,holiday rambler,incline,27U,cargoLbs,
2027,,holiday rambler,incline,27U,garageLengthFt,
2027,,holiday rambler,incline,27U,garageWidthFt,
2027,,holiday rambler,incline,27U,garageHeightIn,
2027,,holiday rambler,incline,27U,garageCapacityLbs,
2027,,holiday rambler,incline,27U,rampPatioLbs,
2027,,holiday rambler,incline,27U,fuelStationGal,
2027,,holiday rambler,incline,27U,axles,
2027,,holiday rambler,incline,27U,tireSize,
2027,,holiday rambler,incline,27U,slideouts,
2027,,holiday rambler,incline,29H,uvwLbs,
2027,,holiday rambler,incline,29H,length,
2027,,holiday rambler,incline,29H,exteriorHeightIn,
2027,,holiday rambler,incline,29H,exteriorWidthIn,
2027,,holiday rambler,incline,29H,interiorHeightIn,
2027,,holiday rambler,incline,29H,sleeps,
2027,,holiday rambler,incline,29H,dryWeightLbs,
2027,,holiday rambler,incline,29H,hitchLbs,
2027,,holiday rambler,incline,29H,fuelCapacityGal,
2027,,holiday rambler,incline,29H,freshWater,
2027,,holiday rambler,incline,29H,grayWater,
2027,,holiday rambler,incline,29H,blackWater,
2027,,holiday rambler,incline,29H,propaneLbs,
2027,,holiday rambler,incline,29H,propaneGal,
2027,,holiday rambler,incline,29H,waterHeaterGal,
2027,,holiday rambler,incline,29H,cargoLbs,
2027,,holiday rambler,incline,29H,garageLengthFt,
2027,,holiday rambler,incline,29H,garageWidthFt,
2027,,holiday rambler,incline,29H,garageHeightIn,
2027,,holiday rambler,incline,29H,garageCapacityLbs,
2027,,holiday rambler,incline,29H,rampPatioLbs,
2027,,holiday rambler,incline,29H,fuelStationGal,
2027,,holiday rambler,incline,29H,axles,
2027,,holiday rambler,incline,29H,tireSize,
2027,,holiday rambler,incline,29H,slideouts,
2027,,holiday rambler,incline,31W,uvwLbs,
2027,,holiday rambler,incline,31W,length,
2027,,holiday rambler,incline,31W,exteriorHeightIn,
2027,,holiday rambler,incline,31W,exteriorWidthIn,
2027,,holiday rambler,incline,31W,interiorHeightIn,
2027,,holiday rambler,incline,31W,sleeps,
2027,,holiday rambler,incline,31W,dryWeightLbs,
2027,,holiday rambler,incline,31W,hitchLbs,
2027,,holiday rambler,incline,31W,fuelCapacityGal,
2027,,holiday rambler,incline,31W,freshWater,
2027,,holiday rambler,incline,31W,grayWater,
2027,,holiday rambler,incline,31W,blackWater,
2027,,holiday rambler,incline,31W,propaneLbs,
2027,,holiday rambler,incline,31W,propaneGal,
2027,,holiday rambler,incline,31W,waterHeaterGal,
2027,,holiday rambler,incline,31W,cargoLbs,
2027,,holiday rambler,incline,31W,garageLengthFt,
2027,,holiday rambler,incline,31W,garageWidthFt,
2027,,holiday rambler,incline,31W,garageHeightIn,
2027,,holiday rambler,incline,31W,garageCapacityLbs,
2027,,holiday rambler,incline,31W,rampPatioLbs,
2027,,holiday rambler,incline,31W,fuelStationGal,
2027,,holiday rambler,incline,31W,axles,
2027,,holiday rambler,incline,31W,tireSize,
2027,,holiday rambler,incline,31W,slideouts,
,2025-2026,jayco,alante se,27ASE,uvwLbs,
,2025-2026,jayco,alante se,27ASE,length,
,2025-2026,jayco,alante se,27ASE,exteriorHeightIn,
,2025-2026,jayco,alante se,27ASE,exteriorWidthIn,
,2025-2026,jayco,alante se,27ASE,interiorHeightIn,
,2025-2026,jayco,alante se,27ASE,sleeps,
,2025-2026,jayco,alante se,27ASE,dryWeightLbs,
,2025-2026,jayco,alante se,27ASE,hitchLbs,
,2025-2026,jayco,alante se,27ASE,fuelCapacityGal,
,2025-2026,jayco,alante se,27ASE,freshWater,
,2025-2026,jayco,alante se,27ASE,grayWater,
,2025-2026,jayco,alante se,27ASE,blackWater,
,2025-2026,jayco,alante se,27ASE,propaneLbs,
,2025-2026,jayco,alante se,27ASE,propaneGal,
,2025-2026,jayco,alante se,27ASE,waterHeaterGal,
,2025-2026,jayco,alante se,27ASE,cargoLbs,
,2025-2026,jayco,alante se,27ASE,garageLengthFt,
,2025-2026,jayco,alante se,27ASE,garageWidthFt,
,2025-2026,jayco,alante se,27ASE,garageHeightIn,
,2025-2026,jayco,alante se,27ASE,garageCapacityLbs,
,2025-2026,jayco,alante se,27ASE,rampPatioLbs,
,2025-2026,jayco,alante se,27ASE,fuelStationGal,
,2025-2026,jayco,alante se,27ASE,axles,
,2025-2026,jayco,alante se,27ASE,tireSize,
,2025-2026,jayco,alante se,27ASE,slideouts,
,2025-2026,jayco,alante,27A,uvwLbs,
,2025-2026,jayco,alante,27A,length,
,2025-2026,jayco,alante,27A,exteriorHeightIn,
,2025-2026,jayco,alante,27A,exteriorWidthIn,
,2025-2026,jayco,alante,27A,interiorHeightIn,
,2025-2026,jayco,alante,27A,sleeps,
,2025-2026,jayco,alante,27A,dryWeightLbs,
,2025-2026,jayco,alante,27A,hitchLbs,
,2025-2026,jayco,alante,27A,fuelCapacityGal,
,2025-2026,jayco,alante,27A,freshWater,
,2025-2026,jayco,alante,27A,grayWater,
,2025-2026,jayco,alante,27A,blackWater,
,2025-2026,jayco,alante,27A,propaneLbs,
,2025-2026,jayco,alante,27A,propaneGal,
,2025-2026,jayco,alante,27A,waterHeaterGal,
,2025-2026,jayco,alante,27A,cargoLbs,
,2025-2026,jayco,alante,27A,garageLengthFt,
,2025-2026,jayco,alante,27A,garageWidthFt,
,2025-2026,jayco,alante,27A,garageHeightIn,
,2025-2026,jayco,alante,27A,garageCapacityLbs,
,2025-2026,jayco,alante,27A,rampPatioLbs,
,2025-2026,jayco,alante,27A,fuelStationGal,
,2025-2026,jayco,alante,27A,axles,
,2025-2026,jayco,alante,27A,tireSize,
,2025-2026,jayco,alante,27A,slideouts,
,2025-2026,jayco,alante,29F,uvwLbs,
,2025-2026,jayco,alante,29F,length,
,2025-2026,jayco,alante,29F,exteriorHeightIn,
,2025-2026,jayco,alante,29F,exteriorWidthIn,
,2025-2026,jayco,alante,29F,interiorHeightIn,
,2025-2026,jayco,alante,29F,sleeps,
,2025-2026,jayco,alante,29F,dryWeightLbs,
,2025-2026,jayco,alante,29F,hitchLbs,
,2025-2026,jayco,alante,29F,fuelCapacityGal,
,2025-2026,jayco,alante,29F,freshWater,
,2025-2026,jayco,alante,29F,grayWater,
,2025-2026,jayco,alante,29F,blackWater,
,2025-2026,jayco,alante,29F,propaneLbs,
,2025-2026,jayco,alante,29F,propaneGal,
,2025-2026,jayco,alante,29F,waterHeaterGal,
,2025-2026,jayco,alante,29F,cargoLbs,
,2025-2026,jayco,alante,29F,garageLengthFt,
,2025-2026,jayco,alante,29F,garageWidthFt,
,2025-2026,jayco,alante,29F,garageHeightIn,
,2025-2026,jayco,alante,29F,garageCapacityLbs,
,2025-2026,jayco,alante,29F,rampPatioLbs,
,2025-2026,jayco,alante,29F,fuelStationGal,
,2025-2026,jayco,alante,29F,axles,
,2025-2026,jayco,alante,29F,tireSize,
,2025-2026,jayco,alante,29F,slideouts,
,2025-2026,jayco,alante,29S,uvwLbs,
,2025-2026,jayco,alante,29S,length,
,2025-2026,jayco,alante,29S,exteriorHeightIn,
,2025-2026,jayco,alante,29S,exteriorWidthIn,
,2025-2026,jayco,alante,29S,interiorHeightIn,
,2025-2026,jayco,alante,29S,sleeps,
,2025-2026,jayco,alante,29S,dryWeightLbs,
,2025-2026,jayco,alante,29S,hitchLbs,
,2025-2026,jayco,alante,29S,fuelCapacityGal,
,2025-2026,jayco,alante,29S,freshWater,
,2025-2026,jayco,alante,29S,grayWater,
,2025-2026,jayco,alante,29S,blackWater,
,2025-2026,jayco,alante,29S,propaneLbs,
,2025-2026,jayco,alante,29S,propaneGal,
,2025-2026,jayco,alante,29S,waterHeaterGal,
,2025-2026,jayco,alante,29S,cargoLbs,
,2025-2026,jayco,alante,29S,garageLengthFt,
,2025-2026,jayco,alante,29S,garageWidthFt,
,2025-2026,jayco,alante,29S,garageHeightIn,
,2025-2026,jayco,alante,29S,garageCapacityLbs,
,2025-2026,jayco,alante,29S,rampPatioLbs,
,2025-2026,jayco,alante,29S,fuelStationGal,
,2025-2026,jayco,alante,29S,axles,
,2025-2026,jayco,alante,29S,tireSize,
,2025-2026,jayco,alante,29S,slideouts,
,2020-2026,jayco,eagle,29.5BHDS,sleeps,
,2020-2026,jayco,eagle,29.5BHDS,dryWeightLbs,
,2020-2026,jayco,eagle,29.5BHDS,fuelCapacityGal,
,2020-2026,jayco,eagle,29.5BHDS,propaneGal,
,2020-2026,jayco,eagle,29.5BHDS,waterHeaterGal,
,2020-2026,jayco,eagle,29.5BHDS,cargoLbs,
,2020-2026,jayco,eagle,29.5BHDS,garageLengthFt,
,2020-2026,jayco,eagle,29.5BHDS,garageWidthFt,
,2020-2026,jayco,eagle,29.5BHDS,garageHeightIn,
,2020-2026,jayco,eagle,29.5BHDS,garageCapacityLbs,
,2020-2026,jayco,eagle,29.5BHDS,rampPatioLbs,
,2020-2026,jayco,eagle,29.5BHDS,fuelStationGal,
,2020-2026,jayco,eagle,29.5BHDS,axles,
,2020-2026,jayco,eagle,29.5BHDS,tireSize,
,2020-2026,jayco,eagle,29.5BHDS,slideouts,
2026,,jayco,granite ridge,22T,uvwLbs,
2026,,jayco,granite ridge,22T,length,
2026,,jayco,granite ridge,22T,exteriorHeightIn,
2026,,jayco,granite ridge,22T,exteriorWidthIn,
2026,,jayco,granite ridge,22T,interiorHeightIn,
2026,,jayco,granite ridge,22T,sleeps,
2026,,jayco,granite ridge,22T,dryWeightLbs,
2026,,jayco,granite ridge,22T,hitchLbs,
2026,,jayco,granite ridge,22T,fuelCapacityGal,
2026,,jayco,granite ridge,22T,freshWater,
2026,,jayco,granite ridge,22T,grayWater,
2026,,jayco,granite ridge,22T,blackWater,
2026,,jayco,granite ridge,22T,propaneLbs,
2026,,jayco,granite ridge,22T,propaneGal,
2026,,jayco,granite ridge,22T,waterHeaterGal,
2026,,jayco,granite ridge,22T,cargoLbs,
2026,,jayco,granite ridge,22T,garageLengthFt,
2026,,jayco,granite ridge,22T,garageWidthFt,
2026,,jayco,granite ridge,22T,garageHeightIn,
2026,,jayco,granite ridge,22T,garageCapacityLbs,
2026,,jayco,granite ridge,22T,rampPatioLbs,
2026,,jayco,granite ridge,22T,fuelStationGal,
2026,,jayco,granite ridge,22T,axles,
2026,,jayco,granite ridge,22T,tireSize,
2026,,jayco,granite ridge,22T,slideouts,
2026,,jayco,granite ridge,23S,uvwLbs,
2026,,jayco,granite ridge,23S,length,
2026,,jayco,granite ridge,23S,exteriorHeightIn,
2026,,jayco,granite ridge,23S,exteriorWidthIn,
2026,,jayco,granite ridge,23S,interiorHeightIn,
2026,,jayco,granite ridge,23S,sleeps,
2026,,jayco,granite ridge,23S,dryWeightLbs,
2026,,jayco,granite ridge,23S,hitchLbs,
2026,,jayco,granite ridge,23S,fuelCapacityGal,
2026,,jayco,granite ridge,23S,freshWater,
2026,,jayco,granite ridge,23S,grayWater,
2026,,jayco,granite ridge,23S,blackWater,
2026,,jayco,granite ridge,23S,propaneLbs,
2026,,jayco,granite ridge,23S,propaneGal,
2026,,jayco,granite ridge,23S,waterHeaterGal,
2026,,jayco,granite ridge,23S,cargoLbs,
2026,,jayco,granite ridge,23S,garageLengthFt,
2026,,jayco,granite ridge,23S,garageWidthFt,
2026,,jayco,granite ridge,23S,garageHeightIn,
2026,,jayco,granite ridge,23S,garageCapacityLbs,
2026,,jayco,granite ridge,23S,rampPatioLbs,
2026,,jayco,granite ridge,23S,fuelStationGal,
2026,,jayco,granite ridge,23S,axles,
2026,,jayco,granite ridge,23S,tireSize,
2026,,jayco,granite ridge,23S,slideouts,
,2025-2027,jayco,greyhawk,27U,uvwLbs,
,2025-2027,jayco,greyhawk,27U,length,
,2025-2027,jayco,greyhawk,27U,exteriorHeightIn,
,2025-2027,jayco,greyhawk,27U,exteriorWidthIn,
,2025-2027,jayco,greyhawk,27U,interiorHeightIn,
,2025-2027,jayco,greyhawk,27U,sleeps,
,2025-2027,jayco,greyhawk,27U,dryWeightLbs,
,2025-2027,jayco,greyhawk,27U,hitchLbs,
,2025-2027,jayco,greyhawk,27U,fuelCapacityGal,
,2025-2027,jayco,greyhawk,27U,freshWater,
,2025-2027,jayco,greyhawk,27U,grayWater,
,2025-2027,jayco,greyhawk,27U,blackWater,
,2025-2027,jayco,greyhawk,27U,propaneLbs,
,2025-2027,jayco,greyhawk,27U,propaneGal,
,2025-2027,jayco,greyhawk,27U,waterHeaterGal,
,2025-2027,jayco,greyhawk,27U,cargoLbs,
,2025-2027,jayco,greyhawk,27U,garageLengthFt,
,2025-2027,jayco,greyhawk,27U,garageWidthFt,
,2025-2027,jayco,greyhawk,27U,garageHeightIn,
,2025-2027,jayco,greyhawk,27U,garageCapacityLbs,
,2025-2027,jayco,greyhawk,27U,rampPatioLbs,
,2025-2027,jayco,greyhawk,27U,fuelStationGal,
,2025-2027,jayco,greyhawk,27U,axles,
,2025-2027,jayco,greyhawk,27U,tireSize,
,2025-2027,jayco,greyhawk,27U,slideouts,
,2025-2027,jayco,greyhawk,29MV,uvwLbs,
,2025-2027,jayco,greyhawk,29MV,length,
,2025-2027,jayco,greyhawk,29MV,exteriorHeightIn,
,2025-2027,jayco,greyhawk,29MV,exteriorWidthIn,
,2025-2027,jayco,greyhawk,29MV,interiorHeightIn,
,2025-2027,jayco,greyhawk,29MV,sleeps,
,2025-2027,jayco,greyhawk,29MV,dryWeightLbs,
,2025-2027,jayco,greyhawk,29MV,hitchLbs,
,2025-2027,jayco,greyhawk,29MV,fuelCapacityGal,
,2025-2027,jayco,greyhawk,29MV,freshWater,
,2025-2027,jayco,greyhawk,29MV,grayWater,
,2025-2027,jayco,greyhawk,29MV,blackWater,
,2025-2027,jayco,greyhawk,29MV,propaneLbs,
,2025-2027,jayco,greyhawk,29MV,propaneGal,
,2025-2027,jayco,greyhawk,29MV,waterHeaterGal,
,2025-2027,jayco,greyhawk,29MV,cargoLbs,
,2025-2027,jayco,greyhawk,29MV,garageLengthFt,
,2025-2027,jayco,greyhawk,29MV,garageWidthFt,
,2025-2027,jayco,greyhawk,29MV,garageHeightIn,
,2025-2027,jayco,greyhawk,29MV,garageCapacityLbs,
,2025-2027,jayco,greyhawk,29MV,rampPatioLbs,
,2025-2027,jayco,greyhawk,29MV,fuelStationGal,
,2025-2027,jayco,greyhawk,29MV,axles,
,2025-2027,jayco,greyhawk,29MV,tireSize,
,2025-2027,jayco,greyhawk,29MV,slideouts,
,2025-2027,jayco,greyhawk,30Z,uvwLbs,
,2025-2027,jayco,greyhawk,30Z,length,
,2025-2027,jayco,greyhawk,30Z,exteriorHeightIn,
,2025-2027,jayco,greyhawk,30Z,exteriorWidthIn,
,2025-2027,jayco,greyhawk,30Z,interiorHeightIn,
,2025-2027,jayco,greyhawk,30Z,sleeps,
,2025-2027,jayco,greyhawk,30Z,dryWeightLbs,
,2025-2027,jayco,greyhawk,30Z,hitchLbs,
,2025-2027,jayco,greyhawk,30Z,fuelCapacityGal,
,2025-2027,jayco,greyhawk,30Z,freshWater,
,2025-2027,jayco,greyhawk,30Z,grayWater,
,2025-2027,jayco,greyhawk,30Z,blackWater,
,2025-2027,jayco,greyhawk,30Z,propaneLbs,
,2025-2027,jayco,greyhawk,30Z,propaneGal,
,2025-2027,jayco,greyhawk,30Z,waterHeaterGal,
,2025-2027,jayco,greyhawk,30Z,cargoLbs,
,2025-2027,jayco,greyhawk,30Z,garageLengthFt,
,2025-2027,jayco,greyhawk,30Z,garageWidthFt,
,2025-2027,jayco,greyhawk,30Z,garageHeightIn,
,2025-2027,jayco,greyhawk,30Z,garageCapacityLbs,
,2025-2027,jayco,greyhawk,30Z,rampPatioLbs,
,2025-2027,jayco,greyhawk,30Z,fuelStationGal,
,2025-2027,jayco,greyhawk,30Z,axles,
,2025-2027,jayco,greyhawk,30Z,tireSize,
,2025-2027,jayco,greyhawk,30Z,slideouts,
,2025-2027,jayco,greyhawk,31F,uvwLbs,
,2025-2027,jayco,greyhawk,31F,length,
,2025-2027,jayco,greyhawk,31F,exteriorHeightIn,
,2025-2027,jayco,greyhawk,31F,exteriorWidthIn,
,2025-2027,jayco,greyhawk,31F,interiorHeightIn,
,2025-2027,jayco,greyhawk,31F,sleeps,
,2025-2027,jayco,greyhawk,31F,dryWeightLbs,
,2025-2027,jayco,greyhawk,31F,hitchLbs,
,2025-2027,jayco,greyhawk,31F,fuelCapacityGal,
,2025-2027,jayco,greyhawk,31F,freshWater,
,2025-2027,jayco,greyhawk,31F,grayWater,
,2025-2027,jayco,greyhawk,31F,blackWater,
,2025-2027,jayco,greyhawk,31F,propaneLbs,
,2025-2027,jayco,greyhawk,31F,propaneGal,
,2025-2027,jayco,greyhawk,31F,waterHeaterGal,
,2025-2027,jayco,greyhawk,31F,cargoLbs,
,2025-2027,jayco,greyhawk,31F,garageLengthFt,
,2025-2027,jayco,greyhawk,31F,garageWidthFt,
,2025-2027,jayco,greyhawk,31F,garageHeightIn,
,2025-2027,jayco,greyhawk,31F,garageCapacityLbs,
,2025-2027,jayco,greyhawk,31F,rampPatioLbs,
,2025-2027,jayco,greyhawk,31F,fuelStationGal,
,2025-2027,jayco,greyhawk,31F,axles,
,2025-2027,jayco,greyhawk,31F,tireSize,
,2025-2027,jayco,greyhawk,31F,slideouts,
,2020-2026,jayco,jay feather,22RB,sleeps,
,2020-2026,jayco,jay feather,22RB,dryWeightLbs,
,2020-2026,jayco,jay feather,22RB,fuelCapacityGal,
,2020-2026,jayco,jay feather,22RB,propaneGal,
,2020-2026,jayco,jay feather,22RB,waterHeaterGal,
,2020-2026,jayco,jay feather,22RB,cargoLbs,
,2020-2026,jayco,jay feather,22RB,garageLengthFt,
,2020-2026,jayco,jay feather,22RB,garageWidthFt,
,2020-2026,jayco,jay feather,22RB,garageHeightIn,
,2020-2026,jayco,jay feather,22RB,garageCapacityLbs,
,2020-2026,jayco,jay feather,22RB,rampPatioLbs,
,2020-2026,jayco,jay feather,22RB,fuelStationGal,
,2020-2026,jayco,jay feather,22RB,axles,
,2020-2026,jayco,jay feather,22RB,tireSize,
,2020-2026,jayco,jay feather,22RB,slideouts,
2011,,jayco,jay flight g2,25RKS,exteriorWidthIn,
2011,,jayco,jay flight g2,25RKS,sleeps,
2011,,jayco,jay flight g2,25RKS,dryWeightLbs,
2011,,jayco,jay flight g2,25RKS,fuelCapacityGal,
2011,,jayco,jay flight g2,25RKS,propaneGal,
2011,,jayco,jay flight g2,25RKS,waterHeaterGal,
2011,,jayco,jay flight g2,25RKS,cargoLbs,
2011,,jayco,jay flight g2,25RKS,garageLengthFt,
2011,,jayco,jay flight g2,25RKS,garageWidthFt,
2011,,jayco,jay flight g2,25RKS,garageHeightIn,
2011,,jayco,jay flight g2,25RKS,garageCapacityLbs,
2011,,jayco,jay flight g2,25RKS,rampPatioLbs,
2011,,jayco,jay flight g2,25RKS,fuelStationGal,
2011,,jayco,jay flight g2,25RKS,axles,
2011,,jayco,jay flight g2,25RKS,tireSize,
2011,,jayco,jay flight g2,25RKS,slideouts,
2011,,jayco,jay flight g2,29RLS,exteriorWidthIn,
2011,,jayco,jay flight g2,29RLS,dryWeightLbs,
2011,,jayco,jay flight g2,29RLS,fuelCapacityGal,
2011,,jayco,jay flight g2,29RLS,propaneGal,
2011,,jayco,jay flight g2,29RLS,cargoLbs,
2011,,jayco,jay flight g2,29RLS,garageLengthFt,
2011,,jayco,jay flight g2,29RLS,garageWidthFt,
2011,,jayco,jay flight g2,29RLS,garageHeightIn,
2011,,jayco,jay flight g2,29RLS,garageCapacityLbs,
2011,,jayco,jay flight g2,29RLS,rampPatioLbs,
2011,,jayco,jay flight g2,29RLS,fuelStationGal,
2011,,jayco,jay flight g2,29RLS,axles,
2011,,jayco,jay flight g2,29RLS,tireSize,
,2025-2026,jayco,melbourne,24L,uvwLbs,
,2025-2026,jayco,melbourne,24L,length,
,2025-2026,jayco,melbourne,24L,exteriorHeightIn,
,2025-2026,jayco,melbourne,24L,exteriorWidthIn,
,2025-2026,jayco,melbourne,24L,interiorHeightIn,
,2025-2026,jayco,melbourne,24L,sleeps,
,2025-2026,jayco,melbourne,24L,dryWeightLbs,
,2025-2026,jayco,melbourne,24L,hitchLbs,
,2025-2026,jayco,melbourne,24L,fuelCapacityGal,
,2025-2026,jayco,melbourne,24L,freshWater,
,2025-2026,jayco,melbourne,24L,grayWater,
,2025-2026,jayco,melbourne,24L,blackWater,
,2025-2026,jayco,melbourne,24L,propaneLbs,
,2025-2026,jayco,melbourne,24L,propaneGal,
,2025-2026,jayco,melbourne,24L,waterHeaterGal,
,2025-2026,jayco,melbourne,24L,cargoLbs,
,2025-2026,jayco,melbourne,24L,garageLengthFt,
,2025-2026,jayco,melbourne,24L,garageWidthFt,
,2025-2026,jayco,melbourne,24L,garageHeightIn,
,2025-2026,jayco,melbourne,24L,garageCapacityLbs,
,2025-2026,jayco,melbourne,24L,rampPatioLbs,
,2025-2026,jayco,melbourne,24L,fuelStationGal,
,2025-2026,jayco,melbourne,24L,axles,
,2025-2026,jayco,melbourne,24L,tireSize,
,2025-2026,jayco,melbourne,24L,slideouts,
,2025-2026,jayco,melbourne,24R,uvwLbs,
,2025-2026,jayco,melbourne,24R,length,
,2025-2026,jayco,melbourne,24R,exteriorHeightIn,
,2025-2026,jayco,melbourne,24R,exteriorWidthIn,
,2025-2026,jayco,melbourne,24R,interiorHeightIn,
,2025-2026,jayco,melbourne,24R,sleeps,
,2025-2026,jayco,melbourne,24R,dryWeightLbs,
,2025-2026,jayco,melbourne,24R,hitchLbs,
,2025-2026,jayco,melbourne,24R,fuelCapacityGal,
,2025-2026,jayco,melbourne,24R,freshWater,
,2025-2026,jayco,melbourne,24R,grayWater,
,2025-2026,jayco,melbourne,24R,blackWater,
,2025-2026,jayco,melbourne,24R,propaneLbs,
,2025-2026,jayco,melbourne,24R,propaneGal,
,2025-2026,jayco,melbourne,24R,waterHeaterGal,
,2025-2026,jayco,melbourne,24R,cargoLbs,
,2025-2026,jayco,melbourne,24R,garageLengthFt,
,2025-2026,jayco,melbourne,24R,garageWidthFt,
,2025-2026,jayco,melbourne,24R,garageHeightIn,
,2025-2026,jayco,melbourne,24R,garageCapacityLbs,
,2025-2026,jayco,melbourne,24R,rampPatioLbs,
,2025-2026,jayco,melbourne,24R,fuelStationGal,
,2025-2026,jayco,melbourne,24R,axles,
,2025-2026,jayco,melbourne,24R,tireSize,
,2025-2026,jayco,melbourne,24R,slideouts,
,2018-2027,jayco,precept,31UL,uvwLbs,
,2018-2027,jayco,precept,31UL,length,
,2018-2027,jayco,precept,31UL,exteriorHeightIn,
,2018-2027,jayco,precept,31UL,exteriorWidthIn,
,2018-2027,jayco,precept,31UL,interiorHeightIn,
,2018-2027,jayco,precept,31UL,sleeps,
,2018-2027,jayco,precept,31UL,dryWeightLbs,
,2018-2027,jayco,precept,31UL,hitchLbs,
,2018-2027,jayco,precept,31UL,fuelCapacityGal,
,2018-2027,jayco,precept,31UL,freshWater,
,2018-2027,jayco,precept,31UL,grayWater,
,2018-2027,jayco,precept,31UL,blackWater,
,2018-2027,jayco,precept,31UL,propaneLbs,
,2018-2027,jayco,precept,31UL,propaneGal,
,2018-2027,jayco,precept,31UL,waterHeaterGal,
,2018-2027,jayco,precept,31UL,cargoLbs,
,2018-2027,jayco,precept,31UL,garageLengthFt,
,2018-2027,jayco,precept,31UL,garageWidthFt,
,2018-2027,jayco,precept,31UL,garageHeightIn,
,2018-2027,jayco,precept,31UL,garageCapacityLbs,
,2018-2027,jayco,precept,31UL,rampPatioLbs,
,2018-2027,jayco,precept,31UL,fuelStationGal,
,2018-2027,jayco,precept,31UL,axles,
,2018-2027,jayco,precept,31UL,tireSize,
,2018-2027,jayco,precept,31UL,slideouts,
,2022-2027,jayco,precept,34B,uvwLbs,
,2022-2027,jayco,precept,34B,length,
,2022-2027,jayco,precept,34B,exteriorHeightIn,
,2022-2027,jayco,precept,34B,exteriorWidthIn,
,2022-2027,jayco,precept,34B,interiorHeightIn,
,2022-2027,jayco,precept,34B,sleeps,
,2022-2027,jayco,precept,34B,dryWeightLbs,
,2022-2027,jayco,precept,34B,hitchLbs,
,2022-2027,jayco,precept,34B,fuelCapacityGal,
,2022-2027,jayco,precept,34B,freshWater,
,2022-2027,jayco,precept,34B,grayWater,
,2022-2027,jayco,precept,34B,blackWater,
,2022-2027,jayco,precept,34B,propaneLbs,
,2022-2027,jayco,precept,34B,propaneGal,
,2022-2027,jayco,precept,34B,waterHeaterGal,
,2022-2027,jayco,precept,34B,cargoLbs,
,2022-2027,jayco,precept,34B,garageLengthFt,
,2022-2027,jayco,precept,34B,garageWidthFt,
,2022-2027,jayco,precept,34B,garageHeightIn,
,2022-2027,jayco,precept,34B,garageCapacityLbs,
,2022-2027,jayco,precept,34B,rampPatioLbs,
,2022-2027,jayco,precept,34B,fuelStationGal,
,2022-2027,jayco,precept,34B,axles,
,2022-2027,jayco,precept,34B,tireSize,
,2022-2027,jayco,precept,34B,slideouts,
,2022-2027,jayco,precept,34G,uvwLbs,
,2022-2027,jayco,precept,34G,length,
,2022-2027,jayco,precept,34G,exteriorHeightIn,
,2022-2027,jayco,precept,34G,exteriorWidthIn,
,2022-2027,jayco,precept,34G,interiorHeightIn,
,2022-2027,jayco,precept,34G,sleeps,
,2022-2027,jayco,precept,34G,dryWeightLbs,
,2022-2027,jayco,precept,34G,hitchLbs,
,2022-2027,jayco,precept,34G,fuelCapacityGal,
,2022-2027,jayco,precept,34G,freshWater,
,2022-2027,jayco,precept,34G,grayWater,
,2022-2027,jayco,precept,34G,blackWater,
,2022-2027,jayco,precept,34G,propaneLbs,
,2022-2027,jayco,precept,34G,propaneGal,
,2022-2027,jayco,precept,34G,waterHeaterGal,
,2022-2027,jayco,precept,34G,cargoLbs,
,2022-2027,jayco,precept,34G,garageLengthFt,
,2022-2027,jayco,precept,34G,garageWidthFt,
,2022-2027,jayco,precept,34G,garageHeightIn,
,2022-2027,jayco,precept,34G,garageCapacityLbs,
,2022-2027,jayco,precept,34G,rampPatioLbs,
,2022-2027,jayco,precept,34G,fuelStationGal,
,2022-2027,jayco,precept,34G,axles,
,2022-2027,jayco,precept,34G,tireSize,
,2022-2027,jayco,precept,34G,slideouts,
,2019-2027,jayco,precept,36A,uvwLbs,
,2019-2027,jayco,precept,36A,length,
,2019-2027,jayco,precept,36A,exteriorHeightIn,
,2019-2027,jayco,precept,36A,exteriorWidthIn,
,2019-2027,jayco,precept,36A,interiorHeightIn,
,2019-2027,jayco,precept,36A,sleeps,
,2019-2027,jayco,precept,36A,dryWeightLbs,
,2019-2027,jayco,precept,36A,hitchLbs,
,2019-2027,jayco,precept,36A,fuelCapacityGal,
,2019-2027,jayco,precept,36A,freshWater,
,2019-2027,jayco,precept,36A,grayWater,
,2019-2027,jayco,precept,36A,blackWater,
,2019-2027,jayco,precept,36A,propaneLbs,
,2019-2027,jayco,precept,36A,propaneGal,
,2019-2027,jayco,precept,36A,waterHeaterGal,
,2019-2027,jayco,precept,36A,cargoLbs,
,2019-2027,jayco,precept,36A,garageLengthFt,
,2019-2027,jayco,precept,36A,garageWidthFt,
,2019-2027,jayco,precept,36A,garageHeightIn,
,2019-2027,jayco,precept,36A,garageCapacityLbs,
,2019-2027,jayco,precept,36A,rampPatioLbs,
,2019-2027,jayco,precept,36A,fuelStationGal,
,2019-2027,jayco,precept,36A,axles,
,2019-2027,jayco,precept,36A,tireSize,
,2019-2027,jayco,precept,36A,slideouts,
,2022-2027,jayco,precept,36C,uvwLbs,
,2022-2027,jayco,precept,36C,length,
,2022-2027,jayco,precept,36C,exteriorHeightIn,
,2022-2027,jayco,precept,36C,exteriorWidthIn,
,2022-2027,jayco,precept,36C,interiorHeightIn,
,2022-2027,jayco,precept,36C,sleeps,
,2022-2027,jayco,precept,36C,dryWeightLbs,
,2022-2027,jayco,precept,36C,hitchLbs,
,2022-2027,jayco,precept,36C,fuelCapacityGal,
,2022-2027,jayco,precept,36C,freshWater,
,2022-2027,jayco,precept,36C,grayWater,
,2022-2027,jayco,precept,36C,blackWater,
,2022-2027,jayco,precept,36C,propaneLbs,
,2022-2027,jayco,precept,36C,propaneGal,
,2022-2027,jayco,precept,36C,waterHeaterGal,
,2022-2027,jayco,precept,36C,cargoLbs,
,2022-2027,jayco,precept,36C,garageLengthFt,
,2022-2027,jayco,precept,36C,garageWidthFt,
,2022-2027,jayco,precept,36C,garageHeightIn,
,2022-2027,jayco,precept,36C,garageCapacityLbs,
,2022-2027,jayco,precept,36C,rampPatioLbs,
,2022-2027,jayco,precept,36C,fuelStationGal,
,2022-2027,jayco,precept,36C,axles,
,2022-2027,jayco,precept,36C,tireSize,
,2022-2027,jayco,precept,36C,slideouts,
,2025-2026,jayco,redhawk,24B,uvwLbs,
,2025-2026,jayco,redhawk,24B,length,
,2025-2026,jayco,redhawk,24B,exteriorHeightIn,
,2025-2026,jayco,redhawk,24B,exteriorWidthIn,
,2025-2026,jayco,redhawk,24B,interiorHeightIn,
,2025-2026,jayco,redhawk,24B,sleeps,
,2025-2026,jayco,redhawk,24B,dryWeightLbs,
,2025-2026,jayco,redhawk,24B,hitchLbs,
,2025-2026,jayco,redhawk,24B,fuelCapacityGal,
,2025-2026,jayco,redhawk,24B,freshWater,
,2025-2026,jayco,redhawk,24B,grayWater,
,2025-2026,jayco,redhawk,24B,blackWater,
,2025-2026,jayco,redhawk,24B,propaneLbs,
,2025-2026,jayco,redhawk,24B,propaneGal,
,2025-2026,jayco,redhawk,24B,waterHeaterGal,
,2025-2026,jayco,redhawk,24B,cargoLbs,
,2025-2026,jayco,redhawk,24B,garageLengthFt,
,2025-2026,jayco,redhawk,24B,garageWidthFt,
,2025-2026,jayco,redhawk,24B,garageHeightIn,
,2025-2026,jayco,redhawk,24B,garageCapacityLbs,
,2025-2026,jayco,redhawk,24B,rampPatioLbs,
,2025-2026,jayco,redhawk,24B,fuelStationGal,
,2025-2026,jayco,redhawk,24B,axles,
,2025-2026,jayco,redhawk,24B,tireSize,
,2025-2026,jayco,redhawk,24B,slideouts,
,2025-2026,jayco,redhawk,26M,uvwLbs,
,2025-2026,jayco,redhawk,26M,length,
,2025-2026,jayco,redhawk,26M,exteriorHeightIn,
,2025-2026,jayco,redhawk,26M,exteriorWidthIn,
,2025-2026,jayco,redhawk,26M,interiorHeightIn,
,2025-2026,jayco,redhawk,26M,sleeps,
,2025-2026,jayco,redhawk,26M,dryWeightLbs,
,2025-2026,jayco,redhawk,26M,hitchLbs,
,2025-2026,jayco,redhawk,26M,fuelCapacityGal,
,2025-2026,jayco,redhawk,26M,freshWater,
,2025-2026,jayco,redhawk,26M,grayWater,
,2025-2026,jayco,redhawk,26M,blackWater,
,2025-2026,jayco,redhawk,26M,propaneLbs,
,2025-2026,jayco,redhawk,26M,propaneGal,
,2025-2026,jayco,redhawk,26M,waterHeaterGal,
,2025-2026,jayco,redhawk,26M,cargoLbs,
,2025-2026,jayco,redhawk,26M,garageLengthFt,
,2025-2026,jayco,redhawk,26M,garageWidthFt,
,2025-2026,jayco,redhawk,26M,garageHeightIn,
,2025-2026,jayco,redhawk,26M,garageCapacityLbs,
,2025-2026,jayco,redhawk,26M,rampPatioLbs,
,2025-2026,jayco,redhawk,26M,fuelStationGal,
,2025-2026,jayco,redhawk,26M,axles,
,2025-2026,jayco,redhawk,26M,tireSize,
,2025-2026,jayco,redhawk,26M,slideouts,
,2025-2026,jayco,redhawk,29XK,uvwLbs,
,2025-2026,jayco,redhawk,29XK,length,
,2025-2026,jayco,redhawk,29XK,exteriorHeightIn,
,2025-2026,jayco,redhawk,29XK,exteriorWidthIn,
,2025-2026,jayco,redhawk,29XK,interiorHeightIn,
,2025-2026,jayco,redhawk,29XK,sleeps,
,2025-2026,jayco,redhawk,29XK,dryWeightLbs,
,2025-2026,jayco,redhawk,29XK,hitchLbs,
,2025-2026,jayco,redhawk,29XK,fuelCapacityGal,
,2025-2026,jayco,redhawk,29XK,freshWater,
,2025-2026,jayco,redhawk,29XK,grayWater,
,2025-2026,jayco,redhawk,29XK,blackWater,
,2025-2026,jayco,redhawk,29XK,propaneLbs,
,2025-2026,jayco,redhawk,29XK,propaneGal,
,2025-2026,jayco,redhawk,29XK,waterHeaterGal,
,2025-2026,jayco,redhawk,29XK,cargoLbs,
,2025-2026,jayco,redhawk,29XK,garageLengthFt,
,2025-2026,jayco,redhawk,29XK,garageWidthFt,
,2025-2026,jayco,redhawk,29XK,garageHeightIn,
,2025-2026,jayco,redhawk,29XK,garageCapacityLbs,
,2025-2026,jayco,redhawk,29XK,rampPatioLbs,
,2025-2026,jayco,redhawk,29XK,fuelStationGal,
,2025-2026,jayco,redhawk,29XK,axles,
,2025-2026,jayco,redhawk,29XK,tireSize,
,2025-2026,jayco,redhawk,29XK,slideouts,
,2025-2026,jayco,redhawk,31F,uvwLbs,
,2025-2026,jayco,redhawk,31F,length,
,2025-2026,jayco,redhawk,31F,exteriorHeightIn,
,2025-2026,jayco,redhawk,31F,exteriorWidthIn,
,2025-2026,jayco,redhawk,31F,interiorHeightIn,
,2025-2026,jayco,redhawk,31F,sleeps,
,2025-2026,jayco,redhawk,31F,dryWeightLbs,
,2025-2026,jayco,redhawk,31F,hitchLbs,
,2025-2026,jayco,redhawk,31F,fuelCapacityGal,
,2025-2026,jayco,redhawk,31F,freshWater,
,2025-2026,jayco,redhawk,31F,grayWater,
,2025-2026,jayco,redhawk,31F,blackWater,
,2025-2026,jayco,redhawk,31F,propaneLbs,
,2025-2026,jayco,redhawk,31F,propaneGal,
,2025-2026,jayco,redhawk,31F,waterHeaterGal,
,2025-2026,jayco,redhawk,31F,cargoLbs,
,2025-2026,jayco,redhawk,31F,garageLengthFt,
,2025-2026,jayco,redhawk,31F,garageWidthFt,
,2025-2026,jayco,redhawk,31F,garageHeightIn,
,2025-2026,jayco,redhawk,31F,garageCapacityLbs,
,2025-2026,jayco,redhawk,31F,rampPatioLbs,
,2025-2026,jayco,redhawk,31F,fuelStationGal,
,2025-2026,jayco,redhawk,31F,axles,
,2025-2026,jayco,redhawk,31F,tireSize,
,2025-2026,jayco,redhawk,31F,slideouts,
2027,,jayco,seneca prestige,37K,uvwLbs,
2027,,jayco,seneca prestige,37K,length,
2027,,jayco,seneca prestige,37K,exteriorHeightIn,
2027,,jayco,seneca prestige,37K,exteriorWidthIn,
2027,,jayco,seneca prestige,37K,interiorHeightIn,
2027,,jayco,seneca prestige,37K,sleeps,
2027,,jayco,seneca prestige,37K,dryWeightLbs,
2027,,jayco,seneca prestige,37K,hitchLbs,
2027,,jayco,seneca prestige,37K,fuelCapacityGal,
2027,,jayco,seneca prestige,37K,freshWater,
2027,,jayco,seneca prestige,37K,grayWater,
2027,,jayco,seneca prestige,37K,blackWater,
2027,,jayco,seneca prestige,37K,propaneLbs,
2027,,jayco,seneca prestige,37K,propaneGal,
2027,,jayco,seneca prestige,37K,waterHeaterGal,
2027,,jayco,seneca prestige,37K,cargoLbs,
2027,,jayco,seneca prestige,37K,garageLengthFt,
2027,,jayco,seneca prestige,37K,garageWidthFt,
2027,,jayco,seneca prestige,37K,garageHeightIn,
2027,,jayco,seneca prestige,37K,garageCapacityLbs,
2027,,jayco,seneca prestige,37K,rampPatioLbs,
2027,,jayco,seneca prestige,37K,fuelStationGal,
2027,,jayco,seneca prestige,37K,axles,
2027,,jayco,seneca prestige,37K,tireSize,
2027,,jayco,seneca prestige,37K,slideouts,
2027,,jayco,seneca prestige,37L,uvwLbs,
2027,,jayco,seneca prestige,37L,length,
2027,,jayco,seneca prestige,37L,exteriorHeightIn,
2027,,jayco,seneca prestige,37L,exteriorWidthIn,
2027,,jayco,seneca prestige,37L,interiorHeightIn,
2027,,jayco,seneca prestige,37L,sleeps,
2027,,jayco,seneca prestige,37L,dryWeightLbs,
2027,,jayco,seneca prestige,37L,hitchLbs,
2027,,jayco,seneca prestige,37L,fuelCapacityGal,
2027,,jayco,seneca prestige,37L,freshWater,
2027,,jayco,seneca prestige,37L,grayWater,
2027,,jayco,seneca prestige,37L,blackWater,
2027,,jayco,seneca prestige,37L,propaneLbs,
2027,,jayco,seneca prestige,37L,propaneGal,
2027,,jayco,seneca prestige,37L,waterHeaterGal,
2027,,jayco,seneca prestige,37L,cargoLbs,
2027,,jayco,seneca prestige,37L,garageLengthFt,
2027,,jayco,seneca prestige,37L,garageWidthFt,
2027,,jayco,seneca prestige,37L,garageHeightIn,
2027,,jayco,seneca prestige,37L,garageCapacityLbs,
2027,,jayco,seneca prestige,37L,rampPatioLbs,
2027,,jayco,seneca prestige,37L,fuelStationGal,
2027,,jayco,seneca prestige,37L,axles,
2027,,jayco,seneca prestige,37L,tireSize,
2027,,jayco,seneca prestige,37L,slideouts,
2027,,jayco,seneca prestige,37M,uvwLbs,
2027,,jayco,seneca prestige,37M,length,
2027,,jayco,seneca prestige,37M,exteriorHeightIn,
2027,,jayco,seneca prestige,37M,exteriorWidthIn,
2027,,jayco,seneca prestige,37M,interiorHeightIn,
2027,,jayco,seneca prestige,37M,sleeps,
2027,,jayco,seneca prestige,37M,dryWeightLbs,
2027,,jayco,seneca prestige,37M,hitchLbs,
2027,,jayco,seneca prestige,37M,fuelCapacityGal,
2027,,jayco,seneca prestige,37M,freshWater,
2027,,jayco,seneca prestige,37M,grayWater,
2027,,jayco,seneca prestige,37M,blackWater,
2027,,jayco,seneca prestige,37M,propaneLbs,
2027,,jayco,seneca prestige,37M,propaneGal,
2027,,jayco,seneca prestige,37M,waterHeaterGal,
2027,,jayco,seneca prestige,37M,cargoLbs,
2027,,jayco,seneca prestige,37M,garageLengthFt,
2027,,jayco,seneca prestige,37M,garageWidthFt,
2027,,jayco,seneca prestige,37M,garageHeightIn,
2027,,jayco,seneca prestige,37M,garageCapacityLbs,
2027,,jayco,seneca prestige,37M,rampPatioLbs,
2027,,jayco,seneca prestige,37M,fuelStationGal,
2027,,jayco,seneca prestige,37M,axles,
2027,,jayco,seneca prestige,37M,tireSize,
2027,,jayco,seneca prestige,37M,slideouts,
2027,,jayco,seneca super c,33J,uvwLbs,
2027,,jayco,seneca super c,33J,length,
2027,,jayco,seneca super c,33J,exteriorHeightIn,
2027,,jayco,seneca super c,33J,exteriorWidthIn,
2027,,jayco,seneca super c,33J,interiorHeightIn,
2027,,jayco,seneca super c,33J,sleeps,
2027,,jayco,seneca super c,33J,dryWeightLbs,
2027,,jayco,seneca super c,33J,hitchLbs,
2027,,jayco,seneca super c,33J,fuelCapacityGal,
2027,,jayco,seneca super c,33J,freshWater,
2027,,jayco,seneca super c,33J,grayWater,
2027,,jayco,seneca super c,33J,blackWater,
2027,,jayco,seneca super c,33J,propaneLbs,
2027,,jayco,seneca super c,33J,propaneGal,
2027,,jayco,seneca super c,33J,waterHeaterGal,
2027,,jayco,seneca super c,33J,cargoLbs,
2027,,jayco,seneca super c,33J,garageLengthFt,
2027,,jayco,seneca super c,33J,garageWidthFt,
2027,,jayco,seneca super c,33J,garageHeightIn,
2027,,jayco,seneca super c,33J,garageCapacityLbs,
2027,,jayco,seneca super c,33J,rampPatioLbs,
2027,,jayco,seneca super c,33J,fuelStationGal,
2027,,jayco,seneca super c,33J,axles,
2027,,jayco,seneca super c,33J,tireSize,
2027,,jayco,seneca super c,33J,slideouts,
2027,,jayco,seneca super c,37K,uvwLbs,
2027,,jayco,seneca super c,37K,length,
2027,,jayco,seneca super c,37K,exteriorHeightIn,
2027,,jayco,seneca super c,37K,exteriorWidthIn,
2027,,jayco,seneca super c,37K,interiorHeightIn,
2027,,jayco,seneca super c,37K,sleeps,
2027,,jayco,seneca super c,37K,dryWeightLbs,
2027,,jayco,seneca super c,37K,hitchLbs,
2027,,jayco,seneca super c,37K,fuelCapacityGal,
2027,,jayco,seneca super c,37K,freshWater,
2027,,jayco,seneca super c,37K,grayWater,
2027,,jayco,seneca super c,37K,blackWater,
2027,,jayco,seneca super c,37K,propaneLbs,
2027,,jayco,seneca super c,37K,propaneGal,
2027,,jayco,seneca super c,37K,waterHeaterGal,
2027,,jayco,seneca super c,37K,cargoLbs,
2027,,jayco,seneca super c,37K,garageLengthFt,
2027,,jayco,seneca super c,37K,garageWidthFt,
2027,,jayco,seneca super c,37K,garageHeightIn,
2027,,jayco,seneca super c,37K,garageCapacityLbs,
2027,,jayco,seneca super c,37K,rampPatioLbs,
2027,,jayco,seneca super c,37K,fuelStationGal,
2027,,jayco,seneca super c,37K,axles,
2027,,jayco,seneca super c,37K,tireSize,
2027,,jayco,seneca super c,37K,slideouts,
2027,,jayco,seneca super c,37L,uvwLbs,
2027,,jayco,seneca super c,37L,length,
2027,,jayco,seneca super c,37L,exteriorHeightIn,
2027,,jayco,seneca super c,37L,exteriorWidthIn,
2027,,jayco,seneca super c,37L,interiorHeightIn,
2027,,jayco,seneca super c,37L,sleeps,
2027,,jayco,seneca super c,37L,dryWeightLbs,
2027,,jayco,seneca super c,37L,hitchLbs,
2027,,jayco,seneca super c,37L,fuelCapacityGal,
2027,,jayco,seneca super c,37L,freshWater,
2027,,jayco,seneca super c,37L,grayWater,
2027,,jayco,seneca super c,37L,blackWater,
2027,,jayco,seneca super c,37L,propaneLbs,
2027,,jayco,seneca super c,37L,propaneGal,
2027,,jayco,seneca super c,37L,waterHeaterGal,
2027,,jayco,seneca super c,37L,cargoLbs,
2027,,jayco,seneca super c,37L,garageLengthFt,
2027,,jayco,seneca super c,37L,garageWidthFt,
2027,,jayco,seneca super c,37L,garageHeightIn,
2027,,jayco,seneca super c,37L,garageCapacityLbs,
2027,,jayco,seneca super c,37L,rampPatioLbs,
2027,,jayco,seneca super c,37L,fuelStationGal,
2027,,jayco,seneca super c,37L,axles,
2027,,jayco,seneca super c,37L,tireSize,
2027,,jayco,seneca super c,37L,slideouts,
2027,,jayco,seneca super c,37M,uvwLbs,
2027,,jayco,seneca super c,37M,length,
2027,,jayco,seneca super c,37M,exteriorHeightIn,
2027,,jayco,seneca super c,37M,exteriorWidthIn,
2027,,jayco,seneca super c,37M,interiorHeightIn,
2027,,jayco,seneca super c,37M,sleeps,
2027,,jayco,seneca super c,37M,dryWeightLbs,
2027,,jayco,seneca super c,37M,hitchLbs,
2027,,jayco,seneca super c,37M,fuelCapacityGal,
2027,,jayco,seneca super c,37M,freshWater,
2027,,jayco,seneca super c,37M,grayWater,
2027,,jayco,seneca super c,37M,blackWater,
2027,,jayco,seneca super c,37M,propaneLbs,
2027,,jayco,seneca super c,37M,propaneGal,
2027,,jayco,seneca super c,37M,waterHeaterGal,
2027,,jayco,seneca super c,37M,cargoLbs,
2027,,jayco,seneca super c,37M,garageLengthFt,
2027,,jayco,seneca super c,37M,garageWidthFt,
2027,,jayco,seneca super c,37M,garageHeightIn,
2027,,jayco,seneca super c,37M,garageCapacityLbs,
2027,,jayco,seneca super c,37M,rampPatioLbs,
2027,,jayco,seneca super c,37M,fuelStationGal,
2027,,jayco,seneca super c,37M,axles,
2027,,jayco,seneca super c,37M,tireSize,
2027,,jayco,seneca super c,37M,slideouts,
2027,,jayco,seneca,33J,uvwLbs,
2027,,jayco,seneca,33J,sleeps,
2027,,jayco,seneca,33J,dryWeightLbs,
2027,,jayco,seneca,33J,fuelCapacityGal,
2027,,jayco,seneca,33J,grayWater,
2027,,jayco,seneca,33J,blackWater,
2027,,jayco,seneca,33J,propaneLbs,
2027,,jayco,seneca,33J,propaneGal,
2027,,jayco,seneca,33J,waterHeaterGal,
2027,,jayco,seneca,33J,cargoLbs,
2027,,jayco,seneca,33J,garageLengthFt,
2027,,jayco,seneca,33J,garageWidthFt,
2027,,jayco,seneca,33J,garageHeightIn,
2027,,jayco,seneca,33J,garageCapacityLbs,
2027,,jayco,seneca,33J,rampPatioLbs,
2027,,jayco,seneca,33J,fuelStationGal,
2027,,jayco,seneca,33J,axles,
2027,,jayco,seneca,33J,tireSize,
2027,,jayco,seneca,33J,slideouts,
,2021-2024,jayco,seneca,37K,dryWeightLbs,
,2021-2024,jayco,seneca,37K,fuelCapacityGal,
,2021-2024,jayco,seneca,37K,propaneLbs,
,2021-2024,jayco,seneca,37K,propaneGal,
,2021-2024,jayco,seneca,37K,waterHeaterGal,
,2021-2024,jayco,seneca,37K,cargoLbs,
,2021-2024,jayco,seneca,37K,garageLengthFt,
,2021-2024,jayco,seneca,37K,garageWidthFt,
,2021-2024,jayco,seneca,37K,garageHeightIn,
,2021-2024,jayco,seneca,37K,garageCapacityLbs,
,2021-2024,jayco,seneca,37K,rampPatioLbs,
,2021-2024,jayco,seneca,37K,fuelStationGal,
,2021-2024,jayco,seneca,37K,axles,
,2021-2024,jayco,seneca,37K,tireSize,
,2021-2027,jayco,seneca,37K,dryWeightLbs,
,2021-2027,jayco,seneca,37K,fuelCapacityGal,
,2021-2027,jayco,seneca,37K,propaneLbs,
,2021-2027,jayco,seneca,37K,propaneGal,
,2021-2027,jayco,seneca,37K,waterHeaterGal,
,2021-2027,jayco,seneca,37K,cargoLbs,
,2021-2027,jayco,seneca,37K,garageLengthFt,
,2021-2027,jayco,seneca,37K,garageWidthFt,
,2021-2027,jayco,seneca,37K,garageHeightIn,
,2021-2027,jayco,seneca,37K,garageCapacityLbs,
,2021-2027,jayco,seneca,37K,rampPatioLbs,
,2021-2027,jayco,seneca,37K,fuelStationGal,
,2021-2027,jayco,seneca,37K,axles,
,2021-2027,jayco,seneca,37K,tireSize,
2025,,jayco,seneca,37K,dryWeightLbs,
2025,,jayco,seneca,37K,fuelCapacityGal,
2025,,jayco,seneca,37K,propaneLbs,
2025,,jayco,seneca,37K,propaneGal,
2025,,jayco,seneca,37K,waterHeaterGal,
2025,,jayco,seneca,37K,cargoLbs,
2025,,jayco,seneca,37K,garageLengthFt,
2025,,jayco,seneca,37K,garageWidthFt,
2025,,jayco,seneca,37K,garageHeightIn,
2025,,jayco,seneca,37K,garageCapacityLbs,
2025,,jayco,seneca,37K,rampPatioLbs,
2025,,jayco,seneca,37K,fuelStationGal,
2025,,jayco,seneca,37K,axles,
2025,,jayco,seneca,37K,tireSize,
,2026-2027,jayco,seneca,37K,dryWeightLbs,
,2026-2027,jayco,seneca,37K,fuelCapacityGal,
,2026-2027,jayco,seneca,37K,propaneLbs,
,2026-2027,jayco,seneca,37K,propaneGal,
,2026-2027,jayco,seneca,37K,waterHeaterGal,
,2026-2027,jayco,seneca,37K,cargoLbs,
,2026-2027,jayco,seneca,37K,garageLengthFt,
,2026-2027,jayco,seneca,37K,garageWidthFt,
,2026-2027,jayco,seneca,37K,garageHeightIn,
,2026-2027,jayco,seneca,37K,garageCapacityLbs,
,2026-2027,jayco,seneca,37K,rampPatioLbs,
,2026-2027,jayco,seneca,37K,fuelStationGal,
,2026-2027,jayco,seneca,37K,axles,
,2026-2027,jayco,seneca,37K,tireSize,
2027,,jayco,seneca,37K,dryWeightLbs,
2027,,jayco,seneca,37K,fuelCapacityGal,
2027,,jayco,seneca,37K,propaneLbs,
2027,,jayco,seneca,37K,propaneGal,
2027,,jayco,seneca,37K,waterHeaterGal,
2027,,jayco,seneca,37K,cargoLbs,
2027,,jayco,seneca,37K,garageLengthFt,
2027,,jayco,seneca,37K,garageWidthFt,
2027,,jayco,seneca,37K,garageHeightIn,
2027,,jayco,seneca,37K,garageCapacityLbs,
2027,,jayco,seneca,37K,rampPatioLbs,
2027,,jayco,seneca,37K,fuelStationGal,
2027,,jayco,seneca,37K,axles,
2027,,jayco,seneca,37K,tireSize,
,2021-2027,jayco,seneca,37L,dryWeightLbs,
,2021-2027,jayco,seneca,37L,fuelCapacityGal,
,2021-2027,jayco,seneca,37L,propaneLbs,
,2021-2027,jayco,seneca,37L,propaneGal,
,2021-2027,jayco,seneca,37L,waterHeaterGal,
,2021-2027,jayco,seneca,37L,cargoLbs,
,2021-2027,jayco,seneca,37L,garageLengthFt,
,2021-2027,jayco,seneca,37L,garageWidthFt,
,2021-2027,jayco,seneca,37L,garageHeightIn,
,2021-2027,jayco,seneca,37L,garageCapacityLbs,
,2021-2027,jayco,seneca,37L,rampPatioLbs,
,2021-2027,jayco,seneca,37L,fuelStationGal,
,2021-2027,jayco,seneca,37L,axles,
,2021-2027,jayco,seneca,37L,tireSize,
2027,,jayco,seneca,37L,dryWeightLbs,
2027,,jayco,seneca,37L,fuelCapacityGal,
2027,,jayco,seneca,37L,propaneLbs,
2027,,jayco,seneca,37L,propaneGal,
2027,,jayco,seneca,37L,waterHeaterGal,
2027,,jayco,seneca,37L,cargoLbs,
2027,,jayco,seneca,37L,garageLengthFt,
2027,,jayco,seneca,37L,garageWidthFt,
2027,,jayco,seneca,37L,garageHeightIn,
2027,,jayco,seneca,37L,garageCapacityLbs,
2027,,jayco,seneca,37L,rampPatioLbs,
2027,,jayco,seneca,37L,fuelStationGal,
2027,,jayco,seneca,37L,axles,
2027,,jayco,seneca,37L,tireSize,
,2021-2027,jayco,seneca,37M,dryWeightLbs,
,2021-2027,jayco,seneca,37M,fuelCapacityGal,
,2021-2027,jayco,seneca,37M,propaneLbs,
,2021-2027,jayco,seneca,37M,propaneGal,
,2021-2027,jayco,seneca,37M,waterHeaterGal,
,2021-2027,jayco,seneca,37M,cargoLbs,
,2021-2027,jayco,seneca,37M,garageLengthFt,
,2021-2027,jayco,seneca,37M,garageWidthFt,
,2021-2027,jayco,seneca,37M,garageHeightIn,
,2021-2027,jayco,seneca,37M,garageCapacityLbs,
,2021-2027,jayco,seneca,37M,rampPatioLbs,
,2021-2027,jayco,seneca,37M,fuelStationGal,
,2021-2027,jayco,seneca,37M,axles,
,2021-2027,jayco,seneca,37M,tireSize,
2027,,jayco,seneca,37M,dryWeightLbs,
2027,,jayco,seneca,37M,fuelCapacityGal,
2027,,jayco,seneca,37M,propaneLbs,
2027,,jayco,seneca,37M,propaneGal,
2027,,jayco,seneca,37M,waterHeaterGal,
2027,,jayco,seneca,37M,cargoLbs,
2027,,jayco,seneca,37M,garageLengthFt,
2027,,jayco,seneca,37M,garageWidthFt,
2027,,jayco,seneca,37M,garageHeightIn,
2027,,jayco,seneca,37M,garageCapacityLbs,
2027,,jayco,seneca,37M,rampPatioLbs,
2027,,jayco,seneca,37M,fuelStationGal,
2027,,jayco,seneca,37M,axles,
2027,,jayco,seneca,37M,tireSize,
2027,,jayco,solstice,21L,uvwLbs,
2027,,jayco,solstice,21L,length,
2027,,jayco,solstice,21L,exteriorHeightIn,
2027,,jayco,solstice,21L,exteriorWidthIn,
2027,,jayco,solstice,21L,interiorHeightIn,
2027,,jayco,solstice,21L,sleeps,
2027,,jayco,solstice,21L,dryWeightLbs,
2027,,jayco,solstice,21L,hitchLbs,
2027,,jayco,solstice,21L,fuelCapacityGal,
2027,,jayco,solstice,21L,freshWater,
2027,,jayco,solstice,21L,grayWater,
2027,,jayco,solstice,21L,blackWater,
2027,,jayco,solstice,21L,propaneLbs,
2027,,jayco,solstice,21L,propaneGal,
2027,,jayco,solstice,21L,waterHeaterGal,
2027,,jayco,solstice,21L,cargoLbs,
2027,,jayco,solstice,21L,garageLengthFt,
2027,,jayco,solstice,21L,garageWidthFt,
2027,,jayco,solstice,21L,garageHeightIn,
2027,,jayco,solstice,21L,garageCapacityLbs,
2027,,jayco,solstice,21L,rampPatioLbs,
2027,,jayco,solstice,21L,fuelStationGal,
2027,,jayco,solstice,21L,axles,
2027,,jayco,solstice,21L,tireSize,
2027,,jayco,solstice,21L,slideouts,
2027,,jayco,solstice,21T,uvwLbs,
2027,,jayco,solstice,21T,length,
2027,,jayco,solstice,21T,exteriorHeightIn,
2027,,jayco,solstice,21T,exteriorWidthIn,
2027,,jayco,solstice,21T,interiorHeightIn,
2027,,jayco,solstice,21T,sleeps,
2027,,jayco,solstice,21T,dryWeightLbs,
2027,,jayco,solstice,21T,hitchLbs,
2027,,jayco,solstice,21T,fuelCapacityGal,
2027,,jayco,solstice,21T,freshWater,
2027,,jayco,solstice,21T,grayWater,
2027,,jayco,solstice,21T,blackWater,
2027,,jayco,solstice,21T,propaneLbs,
2027,,jayco,solstice,21T,propaneGal,
2027,,jayco,solstice,21T,waterHeaterGal,
2027,,jayco,solstice,21T,cargoLbs,
2027,,jayco,solstice,21T,garageLengthFt,
2027,,jayco,solstice,21T,garageWidthFt,
2027,,jayco,solstice,21T,garageHeightIn,
2027,,jayco,solstice,21T,garageCapacityLbs,
2027,,jayco,solstice,21T,rampPatioLbs,
2027,,jayco,solstice,21T,fuelStationGal,
2027,,jayco,solstice,21T,axles,
2027,,jayco,solstice,21T,tireSize,
2027,,jayco,solstice,21T,slideouts,
2027,,jayco,swift,20E,uvwLbs,
2027,,jayco,swift,20E,length,
2027,,jayco,swift,20E,exteriorHeightIn,
2027,,jayco,swift,20E,exteriorWidthIn,
2027,,jayco,swift,20E,interiorHeightIn,
2027,,jayco,swift,20E,sleeps,
2027,,jayco,swift,20E,dryWeightLbs,
2027,,jayco,swift,20E,hitchLbs,
2027,,jayco,swift,20E,fuelCapacityGal,
2027,,jayco,swift,20E,freshWater,
2027,,jayco,swift,20E,grayWater,
2027,,jayco,swift,20E,blackWater,
2027,,jayco,swift,20E,propaneLbs,
2027,,jayco,swift,20E,propaneGal,
2027,,jayco,swift,20E,waterHeaterGal,
2027,,jayco,swift,20E,cargoLbs,
2027,,jayco,swift,20E,garageLengthFt,
2027,,jayco,swift,20E,garageWidthFt,
2027,,jayco,swift,20E,garageHeightIn,
2027,,jayco,swift,20E,garageCapacityLbs,
2027,,jayco,swift,20E,rampPatioLbs,
2027,,jayco,swift,20E,fuelStationGal,
2027,,jayco,swift,20E,axles,
2027,,jayco,swift,20E,tireSize,
2027,,jayco,swift,20E,slideouts,
2027,,jayco,swift,20T,uvwLbs,
2027,,jayco,swift,20T,length,
2027,,jayco,swift,20T,exteriorHeightIn,
2027,,jayco,swift,20T,exteriorWidthIn,
2027,,jayco,swift,20T,interiorHeightIn,
2027,,jayco,swift,20T,sleeps,
2027,,jayco,swift,20T,dryWeightLbs,
2027,,jayco,swift,20T,hitchLbs,
2027,,jayco,swift,20T,fuelCapacityGal,
2027,,jayco,swift,20T,freshWater,
2027,,jayco,swift,20T,grayWater,
2027,,jayco,swift,20T,blackWater,
2027,,jayco,swift,20T,propaneLbs,
2027,,jayco,swift,20T,propaneGal,
2027,,jayco,swift,20T,waterHeaterGal,
2027,,jayco,swift,20T,cargoLbs,
2027,,jayco,swift,20T,garageLengthFt,
2027,,jayco,swift,20T,garageWidthFt,
2027,,jayco,swift,20T,garageHeightIn,
2027,,jayco,swift,20T,garageCapacityLbs,
2027,,jayco,swift,20T,rampPatioLbs,
2027,,jayco,swift,20T,fuelStationGal,
2027,,jayco,swift,20T,axles,
2027,,jayco,swift,20T,tireSize,
2027,,jayco,swift,20T,slideouts,
2027,,jayco,terrain,19A,uvwLbs,
2027,,jayco,terrain,19A,length,
2027,,jayco,terrain,19A,exteriorHeightIn,
2027,,jayco,terrain,19A,exteriorWidthIn,
2027,,jayco,terrain,19A,interiorHeightIn,
2027,,jayco,terrain,19A,sleeps,
2027,,jayco,terrain,19A,dryWeightLbs,
2027,,jayco,terrain,19A,hitchLbs,
2027,,jayco,terrain,19A,fuelCapacityGal,
2027,,jayco,terrain,19A,freshWater,
2027,,jayco,terrain,19A,grayWater,
2027,,jayco,terrain,19A,blackWater,
2027,,jayco,terrain,19A,propaneLbs,
2027,,jayco,terrain,19A,propaneGal,
2027,,jayco,terrain,19A,waterHeaterGal,
2027,,jayco,terrain,19A,cargoLbs,
2027,,jayco,terrain,19A,garageLengthFt,
2027,,jayco,terrain,19A,garageWidthFt,
2027,,jayco,terrain,19A,garageHeightIn,
2027,,jayco,terrain,19A,garageCapacityLbs,
2027,,jayco,terrain,19A,rampPatioLbs,
2027,,jayco,terrain,19A,fuelStationGal,
2027,,jayco,terrain,19A,axles,
2027,,jayco,terrain,19A,tireSize,
2027,,jayco,terrain,19A,slideouts,
2027,,jayco,terrain,19AG,uvwLbs,
2027,,jayco,terrain,19AG,length,
2027,,jayco,terrain,19AG,exteriorHeightIn,
2027,,jayco,terrain,19AG,exteriorWidthIn,
2027,,jayco,terrain,19AG,interiorHeightIn,
2027,,jayco,terrain,19AG,sleeps,
2027,,jayco,terrain,19AG,dryWeightLbs,
2027,,jayco,terrain,19AG,hitchLbs,
2027,,jayco,terrain,19AG,fuelCapacityGal,
2027,,jayco,terrain,19AG,freshWater,
2027,,jayco,terrain,19AG,grayWater,
2027,,jayco,terrain,19AG,blackWater,
2027,,jayco,terrain,19AG,propaneLbs,
2027,,jayco,terrain,19AG,propaneGal,
2027,,jayco,terrain,19AG,waterHeaterGal,
2027,,jayco,terrain,19AG,cargoLbs,
2027,,jayco,terrain,19AG,garageLengthFt,
2027,,jayco,terrain,19AG,garageWidthFt,
2027,,jayco,terrain,19AG,garageHeightIn,
2027,,jayco,terrain,19AG,garageCapacityLbs,
2027,,jayco,terrain,19AG,rampPatioLbs,
2027,,jayco,terrain,19AG,fuelStationGal,
2027,,jayco,terrain,19AG,axles,
2027,,jayco,terrain,19AG,tireSize,
2027,,jayco,terrain,19AG,slideouts,
2027,,jayco,terrain,19Y,uvwLbs,
2027,,jayco,terrain,19Y,length,
2027,,jayco,terrain,19Y,exteriorHeightIn,
2027,,jayco,terrain,19Y,exteriorWidthIn,
2027,,jayco,terrain,19Y,interiorHeightIn,
2027,,jayco,terrain,19Y,sleeps,
2027,,jayco,terrain,19Y,dryWeightLbs,
2027,,jayco,terrain,19Y,hitchLbs,
2027,,jayco,terrain,19Y,fuelCapacityGal,
2027,,jayco,terrain,19Y,freshWater,
2027,,jayco,terrain,19Y,grayWater,
2027,,jayco,terrain,19Y,blackWater,
2027,,jayco,terrain,19Y,propaneLbs,
2027,,jayco,terrain,19Y,propaneGal,
2027,,jayco,terrain,19Y,waterHeaterGal,
2027,,jayco,terrain,19Y,cargoLbs,
2027,,jayco,terrain,19Y,garageLengthFt,
2027,,jayco,terrain,19Y,garageWidthFt,
2027,,jayco,terrain,19Y,garageHeightIn,
2027,,jayco,terrain,19Y,garageCapacityLbs,
2027,,jayco,terrain,19Y,rampPatioLbs,
2027,,jayco,terrain,19Y,fuelStationGal,
2027,,jayco,terrain,19Y,axles,
2027,,jayco,terrain,19Y,tireSize,
2027,,jayco,terrain,19Y,slideouts,
2027,,jayco,terrain,19YG,uvwLbs,
2027,,jayco,terrain,19YG,length,
2027,,jayco,terrain,19YG,exteriorHeightIn,
2027,,jayco,terrain,19YG,exteriorWidthIn,
2027,,jayco,terrain,19YG,interiorHeightIn,
2027,,jayco,terrain,19YG,sleeps,
2027,,jayco,terrain,19YG,dryWeightLbs,
2027,,jayco,terrain,19YG,hitchLbs,
2027,,jayco,terrain,19YG,fuelCapacityGal,
2027,,jayco,terrain,19YG,freshWater,
2027,,jayco,terrain,19YG,grayWater,
2027,,jayco,terrain,19YG,blackWater,
2027,,jayco,terrain,19YG,propaneLbs,
2027,,jayco,terrain,19YG,propaneGal,
2027,,jayco,terrain,19YG,waterHeaterGal,
2027,,jayco,terrain,19YG,cargoLbs,
2027,,jayco,terrain,19YG,garageLengthFt,
2027,,jayco,terrain,19YG,garageWidthFt,
2027,,jayco,terrain,19YG,garageHeightIn,
2027,,jayco,terrain,19YG,garageCapacityLbs,
2027,,jayco,terrain,19YG,rampPatioLbs,
2027,,jayco,terrain,19YG,fuelStationGal,
2027,,jayco,terrain,19YG,axles,
2027,,jayco,terrain,19YG,tireSize,
2027,,jayco,terrain,19YG,slideouts,
2020,,jayco,white hawk,23MRB,uvwLbs,
2020,,jayco,white hawk,23MRB,dryWeightLbs,
2020,,jayco,white hawk,23MRB,fuelCapacityGal,
2020,,jayco,white hawk,23MRB,propaneGal,
2020,,jayco,white hawk,23MRB,cargoLbs,
2020,,jayco,white hawk,23MRB,garageLengthFt,
2020,,jayco,white hawk,23MRB,garageWidthFt,
2020,,jayco,white hawk,23MRB,garageHeightIn,
2020,,jayco,white hawk,23MRB,garageCapacityLbs,
2020,,jayco,white hawk,23MRB,rampPatioLbs,
2020,,jayco,white hawk,23MRB,fuelStationGal,
2020,,jayco,white hawk,23MRB,axles,
2020,,jayco,white hawk,23MRB,tireSize,
,2020-2026,keystone,cougar half,25BHSWE,sleeps,
,2020-2026,keystone,cougar half,25BHSWE,dryWeightLbs,
,2020-2026,keystone,cougar half,25BHSWE,fuelCapacityGal,
,2020-2026,keystone,cougar half,25BHSWE,propaneGal,
,2020-2026,keystone,cougar half,25BHSWE,waterHeaterGal,
,2020-2026,keystone,cougar half,25BHSWE,cargoLbs,
,2020-2026,keystone,cougar half,25BHSWE,garageLengthFt,
,2020-2026,keystone,cougar half,25BHSWE,garageWidthFt,
,2020-2026,keystone,cougar half,25BHSWE,garageHeightIn,
,2020-2026,keystone,cougar half,25BHSWE,garageCapacityLbs,
,2020-2026,keystone,cougar half,25BHSWE,rampPatioLbs,
,2020-2026,keystone,cougar half,25BHSWE,fuelStationGal,
,2020-2026,keystone,cougar half,25BHSWE,axles,
,2020-2026,keystone,cougar half,25BHSWE,tireSize,
,2020-2026,keystone,cougar half,25BHSWE,slideouts,
,2020-2026,keystone,cougar half,29BHS,sleeps,
,2020-2026,keystone,cougar half,29BHS,dryWeightLbs,
,2020-2026,keystone,cougar half,29BHS,fuelCapacityGal,
,2020-2026,keystone,cougar half,29BHS,propaneGal,
,2020-2026,keystone,cougar half,29BHS,waterHeaterGal,
,2020-2026,keystone,cougar half,29BHS,cargoLbs,
,2020-2026,keystone,cougar half,29BHS,garageLengthFt,
,2020-2026,keystone,cougar half,29BHS,garageWidthFt,
,2020-2026,keystone,cougar half,29BHS,garageHeightIn,
,2020-2026,keystone,cougar half,29BHS,garageCapacityLbs,
,2020-2026,keystone,cougar half,29BHS,rampPatioLbs,
,2020-2026,keystone,cougar half,29BHS,fuelStationGal,
,2020-2026,keystone,cougar half,29BHS,axles,
,2020-2026,keystone,cougar half,29BHS,tireSize,
,2020-2026,keystone,cougar half,29BHS,slideouts,
,2020-2026,keystone,cougar half,30BHS,sleeps,
,2020-2026,keystone,cougar half,30BHS,dryWeightLbs,
,2020-2026,keystone,cougar half,30BHS,fuelCapacityGal,
,2020-2026,keystone,cougar half,30BHS,propaneGal,
,2020-2026,keystone,cougar half,30BHS,waterHeaterGal,
,2020-2026,keystone,cougar half,30BHS,cargoLbs,
,2020-2026,keystone,cougar half,30BHS,garageLengthFt,
,2020-2026,keystone,cougar half,30BHS,garageWidthFt,
,2020-2026,keystone,cougar half,30BHS,garageHeightIn,
,2020-2026,keystone,cougar half,30BHS,garageCapacityLbs,
,2020-2026,keystone,cougar half,30BHS,rampPatioLbs,
,2020-2026,keystone,cougar half,30BHS,fuelStationGal,
,2020-2026,keystone,cougar half,30BHS,axles,
,2020-2026,keystone,cougar half,30BHS,tireSize,
,2020-2026,keystone,cougar half,30BHS,slideouts,
,2020-2026,keystone,cougar,25BHSWE,sleeps,
,2020-2026,keystone,cougar,25BHSWE,dryWeightLbs,
,2020-2026,keystone,cougar,25BHSWE,fuelCapacityGal,
,2020-2026,keystone,cougar,25BHSWE,propaneGal,
,2020-2026,keystone,cougar,25BHSWE,waterHeaterGal,
,2020-2026,keystone,cougar,25BHSWE,cargoLbs,
,2020-2026,keystone,cougar,25BHSWE,garageLengthFt,
,2020-2026,keystone,cougar,25BHSWE,garageWidthFt,
,2020-2026,keystone,cougar,25BHSWE,garageHeightIn,
,2020-2026,keystone,cougar,25BHSWE,garageCapacityLbs,
,2020-2026,keystone,cougar,25BHSWE,rampPatioLbs,
,2020-2026,keystone,cougar,25BHSWE,fuelStationGal,
,2020-2026,keystone,cougar,25BHSWE,axles,
,2020-2026,keystone,cougar,25BHSWE,tireSize,
,2020-2026,keystone,cougar,25BHSWE,slideouts,
2026,,keystone,hideout mini,166RB,interiorHeightIn,
2026,,keystone,hideout mini,166RB,dryWeightLbs,
2026,,keystone,hideout mini,166RB,fuelCapacityGal,
2026,,keystone,hideout mini,166RB,propaneLbs,
2026,,keystone,hideout mini,166RB,propaneGal,
2026,,keystone,hideout mini,166RB,waterHeaterGal,
2026,,keystone,hideout mini,166RB,cargoLbs,
2026,,keystone,hideout mini,166RB,garageLengthFt,
2026,,keystone,hideout mini,166RB,garageWidthFt,
2026,,keystone,hideout mini,166RB,garageHeightIn,
2026,,keystone,hideout mini,166RB,garageCapacityLbs,
2026,,keystone,hideout mini,166RB,rampPatioLbs,
2026,,keystone,hideout mini,166RB,fuelStationGal,
2026,,keystone,hideout mini,166RB,axles,
2026,,keystone,hideout mini,166RB,tireSize,
2026,,keystone,hideout mini,166RB,slideouts,
2026,,keystone,hideout mini,186SS,interiorHeightIn,
2026,,keystone,hideout mini,186SS,dryWeightLbs,
2026,,keystone,hideout mini,186SS,fuelCapacityGal,
2026,,keystone,hideout mini,186SS,propaneLbs,
2026,,keystone,hideout mini,186SS,propaneGal,
2026,,keystone,hideout mini,186SS,waterHeaterGal,
2026,,keystone,hideout mini,186SS,cargoLbs,
2026,,keystone,hideout mini,186SS,garageLengthFt,
2026,,keystone,hideout mini,186SS,garageWidthFt,
2026,,keystone,hideout mini,186SS,garageHeightIn,
2026,,keystone,hideout mini,186SS,garageCapacityLbs,
2026,,keystone,hideout mini,186SS,rampPatioLbs,
2026,,keystone,hideout mini,186SS,fuelStationGal,
2026,,keystone,hideout mini,186SS,axles,
2026,,keystone,hideout mini,186SS,tireSize,
2026,,keystone,hideout mini,186SS,slideouts,
2026,,keystone,hideout mini,195RBS,interiorHeightIn,
2026,,keystone,hideout mini,195RBS,dryWeightLbs,
2026,,keystone,hideout mini,195RBS,fuelCapacityGal,
2026,,keystone,hideout mini,195RBS,propaneLbs,
2026,,keystone,hideout mini,195RBS,propaneGal,
2026,,keystone,hideout mini,195RBS,waterHeaterGal,
2026,,keystone,hideout mini,195RBS,cargoLbs,
2026,,keystone,hideout mini,195RBS,garageLengthFt,
2026,,keystone,hideout mini,195RBS,garageWidthFt,
2026,,keystone,hideout mini,195RBS,garageHeightIn,
2026,,keystone,hideout mini,195RBS,garageCapacityLbs,
2026,,keystone,hideout mini,195RBS,rampPatioLbs,
2026,,keystone,hideout mini,195RBS,fuelStationGal,
2026,,keystone,hideout mini,195RBS,axles,
2026,,keystone,hideout mini,195RBS,tireSize,
,2026-2027,keystone,hideout,210RL,uvwLbs,
,2026-2027,keystone,hideout,210RL,gvwrLbs,
,2026-2027,keystone,hideout,210RL,interiorHeightIn,
,2026-2027,keystone,hideout,210RL,dryWeightLbs,
,2026-2027,keystone,hideout,210RL,hitchLbs,
,2026-2027,keystone,hideout,210RL,fuelCapacityGal,
,2026-2027,keystone,hideout,210RL,propaneGal,
,2026-2027,keystone,hideout,210RL,waterHeaterGal,
,2026-2027,keystone,hideout,210RL,cargoLbs,
,2026-2027,keystone,hideout,210RL,garageLengthFt,
,2026-2027,keystone,hideout,210RL,garageWidthFt,
,2026-2027,keystone,hideout,210RL,garageHeightIn,
,2026-2027,keystone,hideout,210RL,garageCapacityLbs,
,2026-2027,keystone,hideout,210RL,rampPatioLbs,
,2026-2027,keystone,hideout,210RL,fuelStationGal,
,2026-2027,keystone,hideout,210RL,axles,
,2026-2027,keystone,hideout,210RL,tireSize,
,2026-2027,keystone,hideout,210RL,slideouts,
2016,,lance,2285,2285,exteriorHeightIn,
2016,,lance,2285,2285,sleeps,
2016,,lance,2285,2285,dryWeightLbs,
2016,,lance,2285,2285,fuelCapacityGal,
2016,,lance,2285,2285,propaneGal,
2016,,lance,2285,2285,waterHeaterGal,
2016,,lance,2285,2285,cargoLbs,
2016,,lance,2285,2285,garageLengthFt,
2016,,lance,2285,2285,garageWidthFt,
2016,,lance,2285,2285,garageHeightIn,
2016,,lance,2285,2285,garageCapacityLbs,
2016,,lance,2285,2285,rampPatioLbs,
2016,,lance,2285,2285,fuelStationGal,
2016,,lance,2285,2285,axles,
2016,,lance,2285,2285,tireSize,
2016,,lance,2285,2285,slideouts,
,2020-2026,leisure travel,unity,24FX,sleeps,
,2020-2026,leisure travel,unity,24FX,dryWeightLbs,
,2020-2026,leisure travel,unity,24FX,fuelCapacityGal,
,2020-2026,leisure travel,unity,24FX,propaneLbs,
,2020-2026,leisure travel,unity,24FX,propaneGal,
,2020-2026,leisure travel,unity,24FX,waterHeaterGal,
,2020-2026,leisure travel,unity,24FX,cargoLbs,
,2020-2026,leisure travel,unity,24FX,garageLengthFt,
,2020-2026,leisure travel,unity,24FX,garageWidthFt,
,2020-2026,leisure travel,unity,24FX,garageHeightIn,
,2020-2026,leisure travel,unity,24FX,garageCapacityLbs,
,2020-2026,leisure travel,unity,24FX,rampPatioLbs,
,2020-2026,leisure travel,unity,24FX,fuelStationGal,
,2020-2026,leisure travel,unity,24FX,axles,
,2020-2026,leisure travel,unity,24FX,tireSize,
,2020-2026,leisure travel,unity,24FX,slideouts,
,2020-2026,leisure travel,unity,U24FX,sleeps,
,2020-2026,leisure travel,unity,U24FX,dryWeightLbs,
,2020-2026,leisure travel,unity,U24FX,fuelCapacityGal,
,2020-2026,leisure travel,unity,U24FX,propaneLbs,
,2020-2026,leisure travel,unity,U24FX,propaneGal,
,2020-2026,leisure travel,unity,U24FX,waterHeaterGal,
,2020-2026,leisure travel,unity,U24FX,cargoLbs,
,2020-2026,leisure travel,unity,U24FX,garageLengthFt,
,2020-2026,leisure travel,unity,U24FX,garageWidthFt,
,2020-2026,leisure travel,unity,U24FX,garageHeightIn,
,2020-2026,leisure travel,unity,U24FX,garageCapacityLbs,
,2020-2026,leisure travel,unity,U24FX,rampPatioLbs,
,2020-2026,leisure travel,unity,U24FX,fuelStationGal,
,2020-2026,leisure travel,unity,U24FX,axles,
,2020-2026,leisure travel,unity,U24FX,tireSize,
,2020-2026,leisure travel,unity,U24FX,slideouts,
,2020-2026,midwest,passage,FD2,sleeps,
,2020-2026,midwest,passage,FD2,dryWeightLbs,
,2020-2026,midwest,passage,FD2,fuelCapacityGal,
,2020-2026,midwest,passage,FD2,blackWater,
,2020-2026,midwest,passage,FD2,propaneLbs,
,2020-2026,midwest,passage,FD2,propaneGal,
,2020-2026,midwest,passage,FD2,waterHeaterGal,
,2020-2026,midwest,passage,FD2,cargoLbs,
,2020-2026,midwest,passage,FD2,garageLengthFt,
,2020-2026,midwest,passage,FD2,garageWidthFt,
,2020-2026,midwest,passage,FD2,garageHeightIn,
,2020-2026,midwest,passage,FD2,garageCapacityLbs,
,2020-2026,midwest,passage,FD2,rampPatioLbs,
,2020-2026,midwest,passage,FD2,fuelStationGal,
,2020-2026,midwest,passage,FD2,axles,
,2020-2026,midwest,passage,FD2,tireSize,
,2020-2026,midwest,passage,FD2,slideouts,
,2020-2026,midwest,passage,MD2,sleeps,
,2020-2026,midwest,passage,MD2,dryWeightLbs,
,2020-2026,midwest,passage,MD2,fuelCapacityGal,
,2020-2026,midwest,passage,MD2,blackWater,
,2020-2026,midwest,passage,MD2,propaneLbs,
,2020-2026,midwest,passage,MD2,propaneGal,
,2020-2026,midwest,passage,MD2,waterHeaterGal,
,2020-2026,midwest,passage,MD2,cargoLbs,
,2020-2026,midwest,passage,MD2,garageLengthFt,
,2020-2026,midwest,passage,MD2,garageWidthFt,
,2020-2026,midwest,passage,MD2,garageHeightIn,
,2020-2026,midwest,passage,MD2,garageCapacityLbs,
,2020-2026,midwest,passage,MD2,rampPatioLbs,
,2020-2026,midwest,passage,MD2,fuelStationGal,
,2020-2026,midwest,passage,MD2,axles,
,2020-2026,midwest,passage,MD2,tireSize,
,2020-2026,midwest,passage,MD2,slideouts,
2026,,modern buggy,hopper,4,length,
2026,,modern buggy,hopper,4,exteriorHeightIn,
2026,,modern buggy,hopper,4,exteriorWidthIn,
2026,,modern buggy,hopper,4,interiorHeightIn,
2026,,modern buggy,hopper,4,sleeps,
2026,,modern buggy,hopper,4,dryWeightLbs,
2026,,modern buggy,hopper,4,hitchLbs,
2026,,modern buggy,hopper,4,fuelCapacityGal,
2026,,modern buggy,hopper,4,freshWater,
2026,,modern buggy,hopper,4,grayWater,
2026,,modern buggy,hopper,4,blackWater,
2026,,modern buggy,hopper,4,propaneLbs,
2026,,modern buggy,hopper,4,propaneGal,
2026,,modern buggy,hopper,4,waterHeaterGal,
2026,,modern buggy,hopper,4,cargoLbs,
2026,,modern buggy,hopper,4,garageLengthFt,
2026,,modern buggy,hopper,4,garageWidthFt,
2026,,modern buggy,hopper,4,garageHeightIn,
2026,,modern buggy,hopper,4,garageCapacityLbs,
2026,,modern buggy,hopper,4,rampPatioLbs,
2026,,modern buggy,hopper,4,fuelStationGal,
2026,,modern buggy,hopper,4,axles,
2026,,modern buggy,hopper,4,tireSize,
2026,,modern buggy,hopper,4,slideouts,
,2026-2027,newmar,bay star sport,2813,uvwLbs,
,2026-2027,newmar,bay star sport,2813,length,
,2026-2027,newmar,bay star sport,2813,exteriorHeightIn,
,2026-2027,newmar,bay star sport,2813,exteriorWidthIn,
,2026-2027,newmar,bay star sport,2813,interiorHeightIn,
,2026-2027,newmar,bay star sport,2813,sleeps,
,2026-2027,newmar,bay star sport,2813,dryWeightLbs,
,2026-2027,newmar,bay star sport,2813,hitchLbs,
,2026-2027,newmar,bay star sport,2813,fuelCapacityGal,
,2026-2027,newmar,bay star sport,2813,freshWater,
,2026-2027,newmar,bay star sport,2813,grayWater,
,2026-2027,newmar,bay star sport,2813,blackWater,
,2026-2027,newmar,bay star sport,2813,propaneLbs,
,2026-2027,newmar,bay star sport,2813,propaneGal,
,2026-2027,newmar,bay star sport,2813,waterHeaterGal,
,2026-2027,newmar,bay star sport,2813,cargoLbs,
,2026-2027,newmar,bay star sport,2813,garageLengthFt,
,2026-2027,newmar,bay star sport,2813,garageWidthFt,
,2026-2027,newmar,bay star sport,2813,garageHeightIn,
,2026-2027,newmar,bay star sport,2813,garageCapacityLbs,
,2026-2027,newmar,bay star sport,2813,rampPatioLbs,
,2026-2027,newmar,bay star sport,2813,fuelStationGal,
,2026-2027,newmar,bay star sport,2813,axles,
,2026-2027,newmar,bay star sport,2813,tireSize,
,2026-2027,newmar,bay star sport,2813,slideouts,
2027,,newmar,bay star sport,2813,length,
2027,,newmar,bay star sport,2813,exteriorHeightIn,
2027,,newmar,bay star sport,2813,exteriorWidthIn,
2027,,newmar,bay star sport,2813,interiorHeightIn,
2027,,newmar,bay star sport,2813,sleeps,
2027,,newmar,bay star sport,2813,dryWeightLbs,
2027,,newmar,bay star sport,2813,hitchLbs,
2027,,newmar,bay star sport,2813,fuelCapacityGal,
2027,,newmar,bay star sport,2813,freshWater,
2027,,newmar,bay star sport,2813,grayWater,
2027,,newmar,bay star sport,2813,blackWater,
2027,,newmar,bay star sport,2813,propaneLbs,
2027,,newmar,bay star sport,2813,propaneGal,
2027,,newmar,bay star sport,2813,waterHeaterGal,
2027,,newmar,bay star sport,2813,cargoLbs,
2027,,newmar,bay star sport,2813,garageLengthFt,
2027,,newmar,bay star sport,2813,garageWidthFt,
2027,,newmar,bay star sport,2813,garageHeightIn,
2027,,newmar,bay star sport,2813,garageCapacityLbs,
2027,,newmar,bay star sport,2813,rampPatioLbs,
2027,,newmar,bay star sport,2813,fuelStationGal,
2027,,newmar,bay star sport,2813,axles,
2027,,newmar,bay star sport,2813,tireSize,
2027,,newmar,bay star sport,2813,slideouts,
,2026-2027,newmar,bay star sport,3014,uvwLbs,
,2026-2027,newmar,bay star sport,3014,length,
,2026-2027,newmar,bay star sport,3014,exteriorHeightIn,
,2026-2027,newmar,bay star sport,3014,exteriorWidthIn,
,2026-2027,newmar,bay star sport,3014,interiorHeightIn,
,2026-2027,newmar,bay star sport,3014,sleeps,
,2026-2027,newmar,bay star sport,3014,dryWeightLbs,
,2026-2027,newmar,bay star sport,3014,hitchLbs,
,2026-2027,newmar,bay star sport,3014,fuelCapacityGal,
,2026-2027,newmar,bay star sport,3014,freshWater,
,2026-2027,newmar,bay star sport,3014,grayWater,
,2026-2027,newmar,bay star sport,3014,blackWater,
,2026-2027,newmar,bay star sport,3014,propaneLbs,
,2026-2027,newmar,bay star sport,3014,propaneGal,
,2026-2027,newmar,bay star sport,3014,waterHeaterGal,
,2026-2027,newmar,bay star sport,3014,cargoLbs,
,2026-2027,newmar,bay star sport,3014,garageLengthFt,
,2026-2027,newmar,bay star sport,3014,garageWidthFt,
,2026-2027,newmar,bay star sport,3014,garageHeightIn,
,2026-2027,newmar,bay star sport,3014,garageCapacityLbs,
,2026-2027,newmar,bay star sport,3014,rampPatioLbs,
,2026-2027,newmar,bay star sport,3014,fuelStationGal,
,2026-2027,newmar,bay star sport,3014,axles,
,2026-2027,newmar,bay star sport,3014,tireSize,
,2026-2027,newmar,bay star sport,3014,slideouts,
2027,,newmar,bay star sport,3014,length,
2027,,newmar,bay star sport,3014,exteriorHeightIn,
2027,,newmar,bay star sport,3014,exteriorWidthIn,
2027,,newmar,bay star sport,3014,interiorHeightIn,
2027,,newmar,bay star sport,3014,sleeps,
2027,,newmar,bay star sport,3014,dryWeightLbs,
2027,,newmar,bay star sport,3014,hitchLbs,
2027,,newmar,bay star sport,3014,fuelCapacityGal,
2027,,newmar,bay star sport,3014,freshWater,
2027,,newmar,bay star sport,3014,grayWater,
2027,,newmar,bay star sport,3014,blackWater,
2027,,newmar,bay star sport,3014,propaneLbs,
2027,,newmar,bay star sport,3014,propaneGal,
2027,,newmar,bay star sport,3014,waterHeaterGal,
2027,,newmar,bay star sport,3014,cargoLbs,
2027,,newmar,bay star sport,3014,garageLengthFt,
2027,,newmar,bay star sport,3014,garageWidthFt,
2027,,newmar,bay star sport,3014,garageHeightIn,
2027,,newmar,bay star sport,3014,garageCapacityLbs,
2027,,newmar,bay star sport,3014,rampPatioLbs,
2027,,newmar,bay star sport,3014,fuelStationGal,
2027,,newmar,bay star sport,3014,axles,
2027,,newmar,bay star sport,3014,tireSize,
2027,,newmar,bay star sport,3014,slideouts,
,2026-2027,newmar,bay star sport,3225,uvwLbs,
,2026-2027,newmar,bay star sport,3225,length,
,2026-2027,newmar,bay star sport,3225,exteriorHeightIn,
,2026-2027,newmar,bay star sport,3225,exteriorWidthIn,
,2026-2027,newmar,bay star sport,3225,interiorHeightIn,
,2026-2027,newmar,bay star sport,3225,sleeps,
,2026-2027,newmar,bay star sport,3225,dryWeightLbs,
,2026-2027,newmar,bay star sport,3225,hitchLbs,
,2026-2027,newmar,bay star sport,3225,fuelCapacityGal,
,2026-2027,newmar,bay star sport,3225,freshWater,
,2026-2027,newmar,bay star sport,3225,grayWater,
,2026-2027,newmar,bay star sport,3225,blackWater,
,2026-2027,newmar,bay star sport,3225,propaneLbs,
,2026-2027,newmar,bay star sport,3225,propaneGal,
,2026-2027,newmar,bay star sport,3225,waterHeaterGal,
,2026-2027,newmar,bay star sport,3225,cargoLbs,
,2026-2027,newmar,bay star sport,3225,garageLengthFt,
,2026-2027,newmar,bay star sport,3225,garageWidthFt,
,2026-2027,newmar,bay star sport,3225,garageHeightIn,
,2026-2027,newmar,bay star sport,3225,garageCapacityLbs,
,2026-2027,newmar,bay star sport,3225,rampPatioLbs,
,2026-2027,newmar,bay star sport,3225,fuelStationGal,
,2026-2027,newmar,bay star sport,3225,axles,
,2026-2027,newmar,bay star sport,3225,tireSize,
,2026-2027,newmar,bay star sport,3225,slideouts,
2027,,newmar,bay star sport,3225,length,
2027,,newmar,bay star sport,3225,exteriorHeightIn,
2027,,newmar,bay star sport,3225,exteriorWidthIn,
2027,,newmar,bay star sport,3225,interiorHeightIn,
2027,,newmar,bay star sport,3225,sleeps,
2027,,newmar,bay star sport,3225,dryWeightLbs,
2027,,newmar,bay star sport,3225,hitchLbs,
2027,,newmar,bay star sport,3225,fuelCapacityGal,
2027,,newmar,bay star sport,3225,freshWater,
2027,,newmar,bay star sport,3225,grayWater,
2027,,newmar,bay star sport,3225,blackWater,
2027,,newmar,bay star sport,3225,propaneLbs,
2027,,newmar,bay star sport,3225,propaneGal,
2027,,newmar,bay star sport,3225,waterHeaterGal,
2027,,newmar,bay star sport,3225,cargoLbs,
2027,,newmar,bay star sport,3225,garageLengthFt,
2027,,newmar,bay star sport,3225,garageWidthFt,
2027,,newmar,bay star sport,3225,garageHeightIn,
2027,,newmar,bay star sport,3225,garageCapacityLbs,
2027,,newmar,bay star sport,3225,rampPatioLbs,
2027,,newmar,bay star sport,3225,fuelStationGal,
2027,,newmar,bay star sport,3225,axles,
2027,,newmar,bay star sport,3225,tireSize,
2027,,newmar,bay star sport,3225,slideouts,
,2026-2027,newmar,bay star,3114,length,
,2026-2027,newmar,bay star,3114,exteriorHeightIn,
,2026-2027,newmar,bay star,3114,exteriorWidthIn,
,2026-2027,newmar,bay star,3114,interiorHeightIn,
,2026-2027,newmar,bay star,3114,sleeps,
,2026-2027,newmar,bay star,3114,dryWeightLbs,
,2026-2027,newmar,bay star,3114,hitchLbs,
,2026-2027,newmar,bay star,3114,fuelCapacityGal,
,2026-2027,newmar,bay star,3114,freshWater,
,2026-2027,newmar,bay star,3114,grayWater,
,2026-2027,newmar,bay star,3114,blackWater,
,2026-2027,newmar,bay star,3114,propaneLbs,
,2026-2027,newmar,bay star,3114,propaneGal,
,2026-2027,newmar,bay star,3114,waterHeaterGal,
,2026-2027,newmar,bay star,3114,cargoLbs,
,2026-2027,newmar,bay star,3114,garageLengthFt,
,2026-2027,newmar,bay star,3114,garageWidthFt,
,2026-2027,newmar,bay star,3114,garageHeightIn,
,2026-2027,newmar,bay star,3114,garageCapacityLbs,
,2026-2027,newmar,bay star,3114,rampPatioLbs,
,2026-2027,newmar,bay star,3114,fuelStationGal,
,2026-2027,newmar,bay star,3114,axles,
,2026-2027,newmar,bay star,3114,tireSize,
,2026-2027,newmar,bay star,3114,slideouts,
2025,,newmar,bay star,3225,gvwrLbs,
2025,,newmar,bay star,3225,length,
2025,,newmar,bay star,3225,exteriorHeightIn,
2025,,newmar,bay star,3225,exteriorWidthIn,
2025,,newmar,bay star,3225,interiorHeightIn,
2025,,newmar,bay star,3225,sleeps,
2025,,newmar,bay star,3225,dryWeightLbs,
2025,,newmar,bay star,3225,hitchLbs,
2025,,newmar,bay star,3225,fuelCapacityGal,
2025,,newmar,bay star,3225,freshWater,
2025,,newmar,bay star,3225,grayWater,
2025,,newmar,bay star,3225,blackWater,
2025,,newmar,bay star,3225,propaneLbs,
2025,,newmar,bay star,3225,propaneGal,
2025,,newmar,bay star,3225,waterHeaterGal,
2025,,newmar,bay star,3225,cargoLbs,
2025,,newmar,bay star,3225,garageLengthFt,
2025,,newmar,bay star,3225,garageWidthFt,
2025,,newmar,bay star,3225,garageHeightIn,
2025,,newmar,bay star,3225,garageCapacityLbs,
2025,,newmar,bay star,3225,rampPatioLbs,
2025,,newmar,bay star,3225,fuelStationGal,
2025,,newmar,bay star,3225,axles,
2025,,newmar,bay star,3225,tireSize,
2025,,newmar,bay star,3225,slideouts,
,2026-2027,newmar,bay star,3225,length,
,2026-2027,newmar,bay star,3225,exteriorHeightIn,
,2026-2027,newmar,bay star,3225,exteriorWidthIn,
,2026-2027,newmar,bay star,3225,interiorHeightIn,
,2026-2027,newmar,bay star,3225,sleeps,
,2026-2027,newmar,bay star,3225,dryWeightLbs,
,2026-2027,newmar,bay star,3225,hitchLbs,
,2026-2027,newmar,bay star,3225,fuelCapacityGal,
,2026-2027,newmar,bay star,3225,freshWater,
,2026-2027,newmar,bay star,3225,grayWater,
,2026-2027,newmar,bay star,3225,blackWater,
,2026-2027,newmar,bay star,3225,propaneLbs,
,2026-2027,newmar,bay star,3225,propaneGal,
,2026-2027,newmar,bay star,3225,waterHeaterGal,
,2026-2027,newmar,bay star,3225,cargoLbs,
,2026-2027,newmar,bay star,3225,garageLengthFt,
,2026-2027,newmar,bay star,3225,garageWidthFt,
,2026-2027,newmar,bay star,3225,garageHeightIn,
,2026-2027,newmar,bay star,3225,garageCapacityLbs,
,2026-2027,newmar,bay star,3225,rampPatioLbs,
,2026-2027,newmar,bay star,3225,fuelStationGal,
,2026-2027,newmar,bay star,3225,axles,
,2026-2027,newmar,bay star,3225,tireSize,
,2026-2027,newmar,bay star,3225,slideouts,
,2026-2027,newmar,bay star,3609,length,
,2026-2027,newmar,bay star,3609,exteriorHeightIn,
,2026-2027,newmar,bay star,3609,exteriorWidthIn,
,2026-2027,newmar,bay star,3609,interiorHeightIn,
,2026-2027,newmar,bay star,3609,sleeps,
,2026-2027,newmar,bay star,3609,dryWeightLbs,
,2026-2027,newmar,bay star,3609,hitchLbs,
,2026-2027,newmar,bay star,3609,fuelCapacityGal,
,2026-2027,newmar,bay star,3609,freshWater,
,2026-2027,newmar,bay star,3609,grayWater,
,2026-2027,newmar,bay star,3609,blackWater,
,2026-2027,newmar,bay star,3609,propaneLbs,
,2026-2027,newmar,bay star,3609,propaneGal,
,2026-2027,newmar,bay star,3609,waterHeaterGal,
,2026-2027,newmar,bay star,3609,cargoLbs,
,2026-2027,newmar,bay star,3609,garageLengthFt,
,2026-2027,newmar,bay star,3609,garageWidthFt,
,2026-2027,newmar,bay star,3609,garageHeightIn,
,2026-2027,newmar,bay star,3609,garageCapacityLbs,
,2026-2027,newmar,bay star,3609,rampPatioLbs,
,2026-2027,newmar,bay star,3609,fuelStationGal,
,2026-2027,newmar,bay star,3609,axles,
,2026-2027,newmar,bay star,3609,tireSize,
,2026-2027,newmar,bay star,3609,slideouts,
2025,,newmar,bay star,3626,gvwrLbs,
2025,,newmar,bay star,3626,length,
2025,,newmar,bay star,3626,exteriorHeightIn,
2025,,newmar,bay star,3626,exteriorWidthIn,
2025,,newmar,bay star,3626,interiorHeightIn,
2025,,newmar,bay star,3626,sleeps,
2025,,newmar,bay star,3626,dryWeightLbs,
2025,,newmar,bay star,3626,hitchLbs,
2025,,newmar,bay star,3626,fuelCapacityGal,
2025,,newmar,bay star,3626,freshWater,
2025,,newmar,bay star,3626,grayWater,
2025,,newmar,bay star,3626,blackWater,
2025,,newmar,bay star,3626,propaneLbs,
2025,,newmar,bay star,3626,propaneGal,
2025,,newmar,bay star,3626,waterHeaterGal,
2025,,newmar,bay star,3626,cargoLbs,
2025,,newmar,bay star,3626,garageLengthFt,
2025,,newmar,bay star,3626,garageWidthFt,
2025,,newmar,bay star,3626,garageHeightIn,
2025,,newmar,bay star,3626,garageCapacityLbs,
2025,,newmar,bay star,3626,rampPatioLbs,
2025,,newmar,bay star,3626,fuelStationGal,
2025,,newmar,bay star,3626,axles,
2025,,newmar,bay star,3626,tireSize,
2025,,newmar,bay star,3626,slideouts,
,2026-2027,newmar,bay star,3626,length,
,2026-2027,newmar,bay star,3626,exteriorHeightIn,
,2026-2027,newmar,bay star,3626,exteriorWidthIn,
,2026-2027,newmar,bay star,3626,interiorHeightIn,
,2026-2027,newmar,bay star,3626,sleeps,
,2026-2027,newmar,bay star,3626,dryWeightLbs,
,2026-2027,newmar,bay star,3626,hitchLbs,
,2026-2027,newmar,bay star,3626,fuelCapacityGal,
,2026-2027,newmar,bay star,3626,freshWater,
,2026-2027,newmar,bay star,3626,grayWater,
,2026-2027,newmar,bay star,3626,blackWater,
,2026-2027,newmar,bay star,3626,propaneLbs,
,2026-2027,newmar,bay star,3626,propaneGal,
,2026-2027,newmar,bay star,3626,waterHeaterGal,
,2026-2027,newmar,bay star,3626,cargoLbs,
,2026-2027,newmar,bay star,3626,garageLengthFt,
,2026-2027,newmar,bay star,3626,garageWidthFt,
,2026-2027,newmar,bay star,3626,garageHeightIn,
,2026-2027,newmar,bay star,3626,garageCapacityLbs,
,2026-2027,newmar,bay star,3626,rampPatioLbs,
,2026-2027,newmar,bay star,3626,fuelStationGal,
,2026-2027,newmar,bay star,3626,axles,
,2026-2027,newmar,bay star,3626,tireSize,
,2026-2027,newmar,bay star,3626,slideouts,
2025,,newmar,bay star,3629,gvwrLbs,
2025,,newmar,bay star,3629,length,
2025,,newmar,bay star,3629,exteriorHeightIn,
2025,,newmar,bay star,3629,exteriorWidthIn,
2025,,newmar,bay star,3629,interiorHeightIn,
2025,,newmar,bay star,3629,sleeps,
2025,,newmar,bay star,3629,dryWeightLbs,
2025,,newmar,bay star,3629,hitchLbs,
2025,,newmar,bay star,3629,fuelCapacityGal,
2025,,newmar,bay star,3629,freshWater,
2025,,newmar,bay star,3629,grayWater,
2025,,newmar,bay star,3629,blackWater,
2025,,newmar,bay star,3629,propaneLbs,
2025,,newmar,bay star,3629,propaneGal,
2025,,newmar,bay star,3629,waterHeaterGal,
2025,,newmar,bay star,3629,cargoLbs,
2025,,newmar,bay star,3629,garageLengthFt,
2025,,newmar,bay star,3629,garageWidthFt,
2025,,newmar,bay star,3629,garageHeightIn,
2025,,newmar,bay star,3629,garageCapacityLbs,
2025,,newmar,bay star,3629,rampPatioLbs,
2025,,newmar,bay star,3629,fuelStationGal,
2025,,newmar,bay star,3629,axles,
2025,,newmar,bay star,3629,tireSize,
2025,,newmar,bay star,3629,slideouts,
2026,,newmar,bay star,3629,length,
2026,,newmar,bay star,3629,exteriorHeightIn,
2026,,newmar,bay star,3629,exteriorWidthIn,
2026,,newmar,bay star,3629,interiorHeightIn,
2026,,newmar,bay star,3629,sleeps,
2026,,newmar,bay star,3629,dryWeightLbs,
2026,,newmar,bay star,3629,hitchLbs,
2026,,newmar,bay star,3629,fuelCapacityGal,
2026,,newmar,bay star,3629,freshWater,
2026,,newmar,bay star,3629,grayWater,
2026,,newmar,bay star,3629,blackWater,
2026,,newmar,bay star,3629,propaneLbs,
2026,,newmar,bay star,3629,propaneGal,
2026,,newmar,bay star,3629,waterHeaterGal,
2026,,newmar,bay star,3629,cargoLbs,
2026,,newmar,bay star,3629,garageLengthFt,
2026,,newmar,bay star,3629,garageWidthFt,
2026,,newmar,bay star,3629,garageHeightIn,
2026,,newmar,bay star,3629,garageCapacityLbs,
2026,,newmar,bay star,3629,rampPatioLbs,
2026,,newmar,bay star,3629,fuelStationGal,
2026,,newmar,bay star,3629,axles,
2026,,newmar,bay star,3629,tireSize,
2026,,newmar,bay star,3629,slideouts,
,2026-2027,newmar,bay star,3629,uvwLbs,
,2026-2027,newmar,bay star,3629,length,
,2026-2027,newmar,bay star,3629,exteriorHeightIn,
,2026-2027,newmar,bay star,3629,exteriorWidthIn,
,2026-2027,newmar,bay star,3629,interiorHeightIn,
,2026-2027,newmar,bay star,3629,sleeps,
,2026-2027,newmar,bay star,3629,dryWeightLbs,
,2026-2027,newmar,bay star,3629,hitchLbs,
,2026-2027,newmar,bay star,3629,fuelCapacityGal,
,2026-2027,newmar,bay star,3629,freshWater,
,2026-2027,newmar,bay star,3629,grayWater,
,2026-2027,newmar,bay star,3629,blackWater,
,2026-2027,newmar,bay star,3629,propaneLbs,
,2026-2027,newmar,bay star,3629,propaneGal,
,2026-2027,newmar,bay star,3629,waterHeaterGal,
,2026-2027,newmar,bay star,3629,cargoLbs,
,2026-2027,newmar,bay star,3629,garageLengthFt,
,2026-2027,newmar,bay star,3629,garageWidthFt,
,2026-2027,newmar,bay star,3629,garageHeightIn,
,2026-2027,newmar,bay star,3629,garageCapacityLbs,
,2026-2027,newmar,bay star,3629,rampPatioLbs,
,2026-2027,newmar,bay star,3629,fuelStationGal,
,2026-2027,newmar,bay star,3629,axles,
,2026-2027,newmar,bay star,3629,tireSize,
,2026-2027,newmar,bay star,3629,slideouts,
2027,,newmar,bay star,3639,length,
2027,,newmar,bay star,3639,exteriorHeightIn,
2027,,newmar,bay star,3639,exteriorWidthIn,
2027,,newmar,bay star,3639,interiorHeightIn,
2027,,newmar,bay star,3639,sleeps,
2027,,newmar,bay star,3639,dryWeightLbs,
2027,,newmar,bay star,3639,hitchLbs,
2027,,newmar,bay star,3639,fuelCapacityGal,
2027,,newmar,bay star,3639,freshWater,
2027,,newmar,bay star,3639,grayWater,
2027,,newmar,bay star,3639,blackWater,
2027,,newmar,bay star,3639,propaneLbs,
2027,,newmar,bay star,3639,propaneGal,
2027,,newmar,bay star,3639,waterHeaterGal,
2027,,newmar,bay star,3639,cargoLbs,
2027,,newmar,bay star,3639,garageLengthFt,
2027,,newmar,bay star,3639,garageWidthFt,
2027,,newmar,bay star,3639,garageHeightIn,
2027,,newmar,bay star,3639,garageCapacityLbs,
2027,,newmar,bay star,3639,rampPatioLbs,
2027,,newmar,bay star,3639,fuelStationGal,
2027,,newmar,bay star,3639,axles,
2027,,newmar,bay star,3639,tireSize,
2027,,newmar,bay star,3639,slideouts,
2027,,newmar,bay star,3640,length,
2027,,newmar,bay star,3640,exteriorHeightIn,
2027,,newmar,bay star,3640,exteriorWidthIn,
2027,,newmar,bay star,3640,interiorHeightIn,
2027,,newmar,bay star,3640,sleeps,
2027,,newmar,bay star,3640,dryWeightLbs,
2027,,newmar,bay star,3640,hitchLbs,
2027,,newmar,bay star,3640,fuelCapacityGal,
2027,,newmar,bay star,3640,freshWater,
2027,,newmar,bay star,3640,grayWater,
2027,,newmar,bay star,3640,blackWater,
2027,,newmar,bay star,3640,propaneLbs,
2027,,newmar,bay star,3640,propaneGal,
2027,,newmar,bay star,3640,waterHeaterGal,
2027,,newmar,bay star,3640,cargoLbs,
2027,,newmar,bay star,3640,garageLengthFt,
2027,,newmar,bay star,3640,garageWidthFt,
2027,,newmar,bay star,3640,garageHeightIn,
2027,,newmar,bay star,3640,garageCapacityLbs,
2027,,newmar,bay star,3640,rampPatioLbs,
2027,,newmar,bay star,3640,fuelStationGal,
2027,,newmar,bay star,3640,axles,
2027,,newmar,bay star,3640,tireSize,
2027,,newmar,bay star,3640,slideouts,
2025,,newmar,bay star,3811,gvwrLbs,
2025,,newmar,bay star,3811,length,
2025,,newmar,bay star,3811,exteriorHeightIn,
2025,,newmar,bay star,3811,exteriorWidthIn,
2025,,newmar,bay star,3811,interiorHeightIn,
2025,,newmar,bay star,3811,sleeps,
2025,,newmar,bay star,3811,dryWeightLbs,
2025,,newmar,bay star,3811,hitchLbs,
2025,,newmar,bay star,3811,fuelCapacityGal,
2025,,newmar,bay star,3811,freshWater,
2025,,newmar,bay star,3811,grayWater,
2025,,newmar,bay star,3811,blackWater,
2025,,newmar,bay star,3811,propaneLbs,
2025,,newmar,bay star,3811,propaneGal,
2025,,newmar,bay star,3811,waterHeaterGal,
2025,,newmar,bay star,3811,cargoLbs,
2025,,newmar,bay star,3811,garageLengthFt,
2025,,newmar,bay star,3811,garageWidthFt,
2025,,newmar,bay star,3811,garageHeightIn,
2025,,newmar,bay star,3811,garageCapacityLbs,
2025,,newmar,bay star,3811,rampPatioLbs,
2025,,newmar,bay star,3811,fuelStationGal,
2025,,newmar,bay star,3811,axles,
2025,,newmar,bay star,3811,tireSize,
2025,,newmar,bay star,3811,slideouts,
,2026-2027,newmar,bay star,3811,length,
,2026-2027,newmar,bay star,3811,exteriorHeightIn,
,2026-2027,newmar,bay star,3811,exteriorWidthIn,
,2026-2027,newmar,bay star,3811,interiorHeightIn,
,2026-2027,newmar,bay star,3811,sleeps,
,2026-2027,newmar,bay star,3811,dryWeightLbs,
,2026-2027,newmar,bay star,3811,hitchLbs,
,2026-2027,newmar,bay star,3811,fuelCapacityGal,
,2026-2027,newmar,bay star,3811,freshWater,
,2026-2027,newmar,bay star,3811,grayWater,
,2026-2027,newmar,bay star,3811,blackWater,
,2026-2027,newmar,bay star,3811,propaneLbs,
,2026-2027,newmar,bay star,3811,propaneGal,
,2026-2027,newmar,bay star,3811,waterHeaterGal,
,2026-2027,newmar,bay star,3811,cargoLbs,
,2026-2027,newmar,bay star,3811,garageLengthFt,
,2026-2027,newmar,bay star,3811,garageWidthFt,
,2026-2027,newmar,bay star,3811,garageHeightIn,
,2026-2027,newmar,bay star,3811,garageCapacityLbs,
,2026-2027,newmar,bay star,3811,rampPatioLbs,
,2026-2027,newmar,bay star,3811,fuelStationGal,
,2026-2027,newmar,bay star,3811,axles,
,2026-2027,newmar,bay star,3811,tireSize,
,2026-2027,newmar,bay star,3811,slideouts,
2025,,newmar,bay star,3826,gvwrLbs,
2025,,newmar,bay star,3826,length,
2025,,newmar,bay star,3826,exteriorHeightIn,
2025,,newmar,bay star,3826,exteriorWidthIn,
2025,,newmar,bay star,3826,interiorHeightIn,
2025,,newmar,bay star,3826,sleeps,
2025,,newmar,bay star,3826,dryWeightLbs,
2025,,newmar,bay star,3826,hitchLbs,
2025,,newmar,bay star,3826,fuelCapacityGal,
2025,,newmar,bay star,3826,freshWater,
2025,,newmar,bay star,3826,grayWater,
2025,,newmar,bay star,3826,blackWater,
2025,,newmar,bay star,3826,propaneLbs,
2025,,newmar,bay star,3826,propaneGal,
2025,,newmar,bay star,3826,waterHeaterGal,
2025,,newmar,bay star,3826,cargoLbs,
2025,,newmar,bay star,3826,garageLengthFt,
2025,,newmar,bay star,3826,garageWidthFt,
2025,,newmar,bay star,3826,garageHeightIn,
2025,,newmar,bay star,3826,garageCapacityLbs,
2025,,newmar,bay star,3826,rampPatioLbs,
2025,,newmar,bay star,3826,fuelStationGal,
2025,,newmar,bay star,3826,axles,
2025,,newmar,bay star,3826,tireSize,
2025,,newmar,bay star,3826,slideouts,
2026,,newmar,bay star,3826,length,
2026,,newmar,bay star,3826,exteriorHeightIn,
2026,,newmar,bay star,3826,exteriorWidthIn,
2026,,newmar,bay star,3826,interiorHeightIn,
2026,,newmar,bay star,3826,sleeps,
2026,,newmar,bay star,3826,dryWeightLbs,
2026,,newmar,bay star,3826,hitchLbs,
2026,,newmar,bay star,3826,fuelCapacityGal,
2026,,newmar,bay star,3826,freshWater,
2026,,newmar,bay star,3826,grayWater,
2026,,newmar,bay star,3826,blackWater,
2026,,newmar,bay star,3826,propaneLbs,
2026,,newmar,bay star,3826,propaneGal,
2026,,newmar,bay star,3826,waterHeaterGal,
2026,,newmar,bay star,3826,cargoLbs,
2026,,newmar,bay star,3826,garageLengthFt,
2026,,newmar,bay star,3826,garageWidthFt,
2026,,newmar,bay star,3826,garageHeightIn,
2026,,newmar,bay star,3826,garageCapacityLbs,
2026,,newmar,bay star,3826,rampPatioLbs,
2026,,newmar,bay star,3826,fuelStationGal,
2026,,newmar,bay star,3826,axles,
2026,,newmar,bay star,3826,tireSize,
2026,,newmar,bay star,3826,slideouts,
2025,,newmar,canyon star,3947,length,
2025,,newmar,canyon star,3947,exteriorHeightIn,
2025,,newmar,canyon star,3947,exteriorWidthIn,
2025,,newmar,canyon star,3947,interiorHeightIn,
2025,,newmar,canyon star,3947,sleeps,
2025,,newmar,canyon star,3947,dryWeightLbs,
2025,,newmar,canyon star,3947,hitchLbs,
2025,,newmar,canyon star,3947,fuelCapacityGal,
2025,,newmar,canyon star,3947,freshWater,
2025,,newmar,canyon star,3947,grayWater,
2025,,newmar,canyon star,3947,blackWater,
2025,,newmar,canyon star,3947,propaneLbs,
2025,,newmar,canyon star,3947,propaneGal,
2025,,newmar,canyon star,3947,waterHeaterGal,
2025,,newmar,canyon star,3947,cargoLbs,
2025,,newmar,canyon star,3947,garageLengthFt,
2025,,newmar,canyon star,3947,garageWidthFt,
2025,,newmar,canyon star,3947,garageHeightIn,
2025,,newmar,canyon star,3947,garageCapacityLbs,
2025,,newmar,canyon star,3947,rampPatioLbs,
2025,,newmar,canyon star,3947,fuelStationGal,
2025,,newmar,canyon star,3947,axles,
2025,,newmar,canyon star,3947,tireSize,
2025,,newmar,canyon star,3947,slideouts,
,2025-2027,newmar,canyon star,3947,uvwLbs,
,2025-2027,newmar,canyon star,3947,length,
,2025-2027,newmar,canyon star,3947,exteriorHeightIn,
,2025-2027,newmar,canyon star,3947,exteriorWidthIn,
,2025-2027,newmar,canyon star,3947,interiorHeightIn,
,2025-2027,newmar,canyon star,3947,sleeps,
,2025-2027,newmar,canyon star,3947,dryWeightLbs,
,2025-2027,newmar,canyon star,3947,hitchLbs,
,2025-2027,newmar,canyon star,3947,fuelCapacityGal,
,2025-2027,newmar,canyon star,3947,freshWater,
,2025-2027,newmar,canyon star,3947,grayWater,
,2025-2027,newmar,canyon star,3947,blackWater,
,2025-2027,newmar,canyon star,3947,propaneLbs,
,2025-2027,newmar,canyon star,3947,propaneGal,
,2025-2027,newmar,canyon star,3947,waterHeaterGal,
,2025-2027,newmar,canyon star,3947,cargoLbs,
,2025-2027,newmar,canyon star,3947,garageLengthFt,
,2025-2027,newmar,canyon star,3947,garageWidthFt,
,2025-2027,newmar,canyon star,3947,garageHeightIn,
,2025-2027,newmar,canyon star,3947,garageCapacityLbs,
,2025-2027,newmar,canyon star,3947,rampPatioLbs,
,2025-2027,newmar,canyon star,3947,fuelStationGal,
,2025-2027,newmar,canyon star,3947,axles,
,2025-2027,newmar,canyon star,3947,tireSize,
,2025-2027,newmar,canyon star,3947,slideouts,
2027,,newmar,canyon star,3947,length,
2027,,newmar,canyon star,3947,exteriorHeightIn,
2027,,newmar,canyon star,3947,exteriorWidthIn,
2027,,newmar,canyon star,3947,interiorHeightIn,
2027,,newmar,canyon star,3947,sleeps,
2027,,newmar,canyon star,3947,dryWeightLbs,
2027,,newmar,canyon star,3947,hitchLbs,
2027,,newmar,canyon star,3947,fuelCapacityGal,
2027,,newmar,canyon star,3947,freshWater,
2027,,newmar,canyon star,3947,grayWater,
2027,,newmar,canyon star,3947,blackWater,
2027,,newmar,canyon star,3947,propaneLbs,
2027,,newmar,canyon star,3947,propaneGal,
2027,,newmar,canyon star,3947,waterHeaterGal,
2027,,newmar,canyon star,3947,cargoLbs,
2027,,newmar,canyon star,3947,garageLengthFt,
2027,,newmar,canyon star,3947,garageWidthFt,
2027,,newmar,canyon star,3947,garageHeightIn,
2027,,newmar,canyon star,3947,garageCapacityLbs,
2027,,newmar,canyon star,3947,rampPatioLbs,
2027,,newmar,canyon star,3947,fuelStationGal,
2027,,newmar,canyon star,3947,axles,
2027,,newmar,canyon star,3947,tireSize,
2027,,newmar,canyon star,3947,slideouts,
,2025-2027,newmar,dutch star,3836,length,
,2025-2027,newmar,dutch star,3836,exteriorHeightIn,
,2025-2027,newmar,dutch star,3836,exteriorWidthIn,
,2025-2027,newmar,dutch star,3836,interiorHeightIn,
,2025-2027,newmar,dutch star,3836,sleeps,
,2025-2027,newmar,dutch star,3836,dryWeightLbs,
,2025-2027,newmar,dutch star,3836,hitchLbs,
,2025-2027,newmar,dutch star,3836,fuelCapacityGal,
,2025-2027,newmar,dutch star,3836,freshWater,
,2025-2027,newmar,dutch star,3836,grayWater,
,2025-2027,newmar,dutch star,3836,blackWater,
,2025-2027,newmar,dutch star,3836,propaneLbs,
,2025-2027,newmar,dutch star,3836,propaneGal,
,2025-2027,newmar,dutch star,3836,waterHeaterGal,
,2025-2027,newmar,dutch star,3836,cargoLbs,
,2025-2027,newmar,dutch star,3836,garageLengthFt,
,2025-2027,newmar,dutch star,3836,garageWidthFt,
,2025-2027,newmar,dutch star,3836,garageHeightIn,
,2025-2027,newmar,dutch star,3836,garageCapacityLbs,
,2025-2027,newmar,dutch star,3836,rampPatioLbs,
,2025-2027,newmar,dutch star,3836,fuelStationGal,
,2025-2027,newmar,dutch star,3836,axles,
,2025-2027,newmar,dutch star,3836,tireSize,
,2025-2027,newmar,dutch star,3836,slideouts,
2011,,newmar,dutch star,4020,sleeps,
2011,,newmar,dutch star,4020,dryWeightLbs,
2011,,newmar,dutch star,4020,hitchLbs,
2011,,newmar,dutch star,4020,propaneLbs,
2011,,newmar,dutch star,4020,propaneGal,
2011,,newmar,dutch star,4020,waterHeaterGal,
2011,,newmar,dutch star,4020,cargoLbs,
2011,,newmar,dutch star,4020,garageLengthFt,
2011,,newmar,dutch star,4020,garageWidthFt,
2011,,newmar,dutch star,4020,garageHeightIn,
2011,,newmar,dutch star,4020,garageCapacityLbs,
2011,,newmar,dutch star,4020,rampPatioLbs,
2011,,newmar,dutch star,4020,fuelStationGal,
2011,,newmar,dutch star,4020,axles,
2011,,newmar,dutch star,4020,tireSize,
2011,,newmar,dutch star,4020,slideouts,
2011,,newmar,dutch star,4020T,sleeps,
2011,,newmar,dutch star,4020T,dryWeightLbs,
2011,,newmar,dutch star,4020T,hitchLbs,
2011,,newmar,dutch star,4020T,propaneLbs,
2011,,newmar,dutch star,4020T,propaneGal,
2011,,newmar,dutch star,4020T,waterHeaterGal,
2011,,newmar,dutch star,4020T,cargoLbs,
2011,,newmar,dutch star,4020T,garageLengthFt,
2011,,newmar,dutch star,4020T,garageWidthFt,
2011,,newmar,dutch star,4020T,garageHeightIn,
2011,,newmar,dutch star,4020T,garageCapacityLbs,
2011,,newmar,dutch star,4020T,rampPatioLbs,
2011,,newmar,dutch star,4020T,fuelStationGal,
2011,,newmar,dutch star,4020T,axles,
2011,,newmar,dutch star,4020T,tireSize,
2011,,newmar,dutch star,4020T,slideouts,
,2025-2026,newmar,dutch star,4071,length,
,2025-2026,newmar,dutch star,4071,exteriorHeightIn,
,2025-2026,newmar,dutch star,4071,exteriorWidthIn,
,2025-2026,newmar,dutch star,4071,interiorHeightIn,
,2025-2026,newmar,dutch star,4071,sleeps,
,2025-2026,newmar,dutch star,4071,dryWeightLbs,
,2025-2026,newmar,dutch star,4071,hitchLbs,
,2025-2026,newmar,dutch star,4071,fuelCapacityGal,
,2025-2026,newmar,dutch star,4071,freshWater,
,2025-2026,newmar,dutch star,4071,grayWater,
,2025-2026,newmar,dutch star,4071,blackWater,
,2025-2026,newmar,dutch star,4071,propaneLbs,
,2025-2026,newmar,dutch star,4071,propaneGal,
,2025-2026,newmar,dutch star,4071,waterHeaterGal,
,2025-2026,newmar,dutch star,4071,cargoLbs,
,2025-2026,newmar,dutch star,4071,garageLengthFt,
,2025-2026,newmar,dutch star,4071,garageWidthFt,
,2025-2026,newmar,dutch star,4071,garageHeightIn,
,2025-2026,newmar,dutch star,4071,garageCapacityLbs,
,2025-2026,newmar,dutch star,4071,rampPatioLbs,
,2025-2026,newmar,dutch star,4071,fuelStationGal,
,2025-2026,newmar,dutch star,4071,axles,
,2025-2026,newmar,dutch star,4071,tireSize,
,2025-2026,newmar,dutch star,4071,slideouts,
,2020-2024,newmar,dutch star,4081,sleeps,
,2020-2024,newmar,dutch star,4081,dryWeightLbs,
,2020-2024,newmar,dutch star,4081,fuelCapacityGal,
,2020-2024,newmar,dutch star,4081,propaneLbs,
,2020-2024,newmar,dutch star,4081,propaneGal,
,2020-2024,newmar,dutch star,4081,waterHeaterGal,
,2020-2024,newmar,dutch star,4081,cargoLbs,
,2020-2024,newmar,dutch star,4081,garageLengthFt,
,2020-2024,newmar,dutch star,4081,garageWidthFt,
,2020-2024,newmar,dutch star,4081,garageHeightIn,
,2020-2024,newmar,dutch star,4081,garageCapacityLbs,
,2020-2024,newmar,dutch star,4081,rampPatioLbs,
,2020-2024,newmar,dutch star,4081,fuelStationGal,
,2020-2024,newmar,dutch star,4081,axles,
,2020-2024,newmar,dutch star,4081,tireSize,
,2020-2024,newmar,dutch star,4081,slideouts,
,2025-2026,newmar,dutch star,4081,length,
,2025-2026,newmar,dutch star,4081,exteriorHeightIn,
,2025-2026,newmar,dutch star,4081,exteriorWidthIn,
,2025-2026,newmar,dutch star,4081,interiorHeightIn,
,2025-2026,newmar,dutch star,4081,sleeps,
,2025-2026,newmar,dutch star,4081,dryWeightLbs,
,2025-2026,newmar,dutch star,4081,hitchLbs,
,2025-2026,newmar,dutch star,4081,fuelCapacityGal,
,2025-2026,newmar,dutch star,4081,freshWater,
,2025-2026,newmar,dutch star,4081,grayWater,
,2025-2026,newmar,dutch star,4081,blackWater,
,2025-2026,newmar,dutch star,4081,propaneLbs,
,2025-2026,newmar,dutch star,4081,propaneGal,
,2025-2026,newmar,dutch star,4081,waterHeaterGal,
,2025-2026,newmar,dutch star,4081,cargoLbs,
,2025-2026,newmar,dutch star,4081,garageLengthFt,
,2025-2026,newmar,dutch star,4081,garageWidthFt,
,2025-2026,newmar,dutch star,4081,garageHeightIn,
,2025-2026,newmar,dutch star,4081,garageCapacityLbs,
,2025-2026,newmar,dutch star,4081,rampPatioLbs,
,2025-2026,newmar,dutch star,4081,fuelStationGal,
,2025-2026,newmar,dutch star,4081,axles,
,2025-2026,newmar,dutch star,4081,tireSize,
,2025-2026,newmar,dutch star,4081,slideouts,
,2025-2027,newmar,dutch star,4081,uvwLbs,
,2025-2027,newmar,dutch star,4081,length,
,2025-2027,newmar,dutch star,4081,exteriorHeightIn,
,2025-2027,newmar,dutch star,4081,exteriorWidthIn,
,2025-2027,newmar,dutch star,4081,interiorHeightIn,
,2025-2027,newmar,dutch star,4081,sleeps,
,2025-2027,newmar,dutch star,4081,dryWeightLbs,
,2025-2027,newmar,dutch star,4081,hitchLbs,
,2025-2027,newmar,dutch star,4081,fuelCapacityGal,
,2025-2027,newmar,dutch star,4081,freshWater,
,2025-2027,newmar,dutch star,4081,grayWater,
,2025-2027,newmar,dutch star,4081,blackWater,
,2025-2027,newmar,dutch star,4081,propaneLbs,
,2025-2027,newmar,dutch star,4081,propaneGal,
,2025-2027,newmar,dutch star,4081,waterHeaterGal,
,2025-2027,newmar,dutch star,4081,cargoLbs,
,2025-2027,newmar,dutch star,4081,garageLengthFt,
,2025-2027,newmar,dutch star,4081,garageWidthFt,
,2025-2027,newmar,dutch star,4081,garageHeightIn,
,2025-2027,newmar,dutch star,4081,garageCapacityLbs,
,2025-2027,newmar,dutch star,4081,rampPatioLbs,
,2025-2027,newmar,dutch star,4081,fuelStationGal,
,2025-2027,newmar,dutch star,4081,axles,
,2025-2027,newmar,dutch star,4081,tireSize,
,2025-2027,newmar,dutch star,4081,slideouts,
2027,,newmar,essex,4545,uvwLbs,
2027,,newmar,essex,4545,length,
2027,,newmar,essex,4545,exteriorHeightIn,
2027,,newmar,essex,4545,exteriorWidthIn,
2027,,newmar,essex,4545,interiorHeightIn,
2027,,newmar,essex,4545,sleeps,
2027,,newmar,essex,4545,dryWeightLbs,
2027,,newmar,essex,4545,hitchLbs,
2027,,newmar,essex,4545,fuelCapacityGal,
2027,,newmar,essex,4545,freshWater,
2027,,newmar,essex,4545,grayWater,
2027,,newmar,essex,4545,blackWater,
2027,,newmar,essex,4545,propaneLbs,
2027,,newmar,essex,4545,propaneGal,
2027,,newmar,essex,4545,waterHeaterGal,
2027,,newmar,essex,4545,cargoLbs,
2027,,newmar,essex,4545,garageLengthFt,
2027,,newmar,essex,4545,garageWidthFt,
2027,,newmar,essex,4545,garageHeightIn,
2027,,newmar,essex,4545,garageCapacityLbs,
2027,,newmar,essex,4545,rampPatioLbs,
2027,,newmar,essex,4545,fuelStationGal,
2027,,newmar,essex,4545,axles,
2027,,newmar,essex,4545,tireSize,
2027,,newmar,essex,4545,slideouts,
2027,,newmar,essex,4551,uvwLbs,
2027,,newmar,essex,4551,length,
2027,,newmar,essex,4551,exteriorHeightIn,
2027,,newmar,essex,4551,exteriorWidthIn,
2027,,newmar,essex,4551,interiorHeightIn,
2027,,newmar,essex,4551,sleeps,
2027,,newmar,essex,4551,dryWeightLbs,
2027,,newmar,essex,4551,hitchLbs,
2027,,newmar,essex,4551,fuelCapacityGal,
2027,,newmar,essex,4551,freshWater,
2027,,newmar,essex,4551,grayWater,
2027,,newmar,essex,4551,blackWater,
2027,,newmar,essex,4551,propaneLbs,
2027,,newmar,essex,4551,propaneGal,
2027,,newmar,essex,4551,waterHeaterGal,
2027,,newmar,essex,4551,cargoLbs,
2027,,newmar,essex,4551,garageLengthFt,
2027,,newmar,essex,4551,garageWidthFt,
2027,,newmar,essex,4551,garageHeightIn,
2027,,newmar,essex,4551,garageCapacityLbs,
2027,,newmar,essex,4551,rampPatioLbs,
2027,,newmar,essex,4551,fuelStationGal,
2027,,newmar,essex,4551,axles,
2027,,newmar,essex,4551,tireSize,
2027,,newmar,essex,4551,slideouts,
2027,,newmar,essex,4569,uvwLbs,
2027,,newmar,essex,4569,length,
2027,,newmar,essex,4569,exteriorHeightIn,
2027,,newmar,essex,4569,exteriorWidthIn,
2027,,newmar,essex,4569,interiorHeightIn,
2027,,newmar,essex,4569,sleeps,
2027,,newmar,essex,4569,dryWeightLbs,
2027,,newmar,essex,4569,hitchLbs,
2027,,newmar,essex,4569,fuelCapacityGal,
2027,,newmar,essex,4569,freshWater,
2027,,newmar,essex,4569,grayWater,
2027,,newmar,essex,4569,blackWater,
2027,,newmar,essex,4569,propaneLbs,
2027,,newmar,essex,4569,propaneGal,
2027,,newmar,essex,4569,waterHeaterGal,
2027,,newmar,essex,4569,cargoLbs,
2027,,newmar,essex,4569,garageLengthFt,
2027,,newmar,essex,4569,garageWidthFt,
2027,,newmar,essex,4569,garageHeightIn,
2027,,newmar,essex,4569,garageCapacityLbs,
2027,,newmar,essex,4569,rampPatioLbs,
2027,,newmar,essex,4569,fuelStationGal,
2027,,newmar,essex,4569,axles,
2027,,newmar,essex,4569,tireSize,
2027,,newmar,essex,4569,slideouts,
2027,,newmar,essex,4595,uvwLbs,
2027,,newmar,essex,4595,length,
2027,,newmar,essex,4595,exteriorHeightIn,
2027,,newmar,essex,4595,exteriorWidthIn,
2027,,newmar,essex,4595,interiorHeightIn,
2027,,newmar,essex,4595,sleeps,
2027,,newmar,essex,4595,dryWeightLbs,
2027,,newmar,essex,4595,hitchLbs,
2027,,newmar,essex,4595,fuelCapacityGal,
2027,,newmar,essex,4595,freshWater,
2027,,newmar,essex,4595,grayWater,
2027,,newmar,essex,4595,blackWater,
2027,,newmar,essex,4595,propaneLbs,
2027,,newmar,essex,4595,propaneGal,
2027,,newmar,essex,4595,waterHeaterGal,
2027,,newmar,essex,4595,cargoLbs,
2027,,newmar,essex,4595,garageLengthFt,
2027,,newmar,essex,4595,garageWidthFt,
2027,,newmar,essex,4595,garageHeightIn,
2027,,newmar,essex,4595,garageCapacityLbs,
2027,,newmar,essex,4595,rampPatioLbs,
2027,,newmar,essex,4595,fuelStationGal,
2027,,newmar,essex,4595,axles,
2027,,newmar,essex,4595,tireSize,
2027,,newmar,essex,4595,slideouts,
2027,,newmar,grand star,3444,length,
2027,,newmar,grand star,3444,exteriorHeightIn,
2027,,newmar,grand star,3444,exteriorWidthIn,
2027,,newmar,grand star,3444,interiorHeightIn,
2027,,newmar,grand star,3444,sleeps,
2027,,newmar,grand star,3444,dryWeightLbs,
2027,,newmar,grand star,3444,hitchLbs,
2027,,newmar,grand star,3444,fuelCapacityGal,
2027,,newmar,grand star,3444,freshWater,
2027,,newmar,grand star,3444,grayWater,
2027,,newmar,grand star,3444,blackWater,
2027,,newmar,grand star,3444,propaneLbs,
2027,,newmar,grand star,3444,propaneGal,
2027,,newmar,grand star,3444,waterHeaterGal,
2027,,newmar,grand star,3444,cargoLbs,
2027,,newmar,grand star,3444,garageLengthFt,
2027,,newmar,grand star,3444,garageWidthFt,
2027,,newmar,grand star,3444,garageHeightIn,
2027,,newmar,grand star,3444,garageCapacityLbs,
2027,,newmar,grand star,3444,rampPatioLbs,
2027,,newmar,grand star,3444,fuelStationGal,
2027,,newmar,grand star,3444,axles,
2027,,newmar,grand star,3444,tireSize,
2027,,newmar,grand star,3444,slideouts,
2027,,newmar,grand star,3940,length,
2027,,newmar,grand star,3940,exteriorHeightIn,
2027,,newmar,grand star,3940,exteriorWidthIn,
2027,,newmar,grand star,3940,interiorHeightIn,
2027,,newmar,grand star,3940,sleeps,
2027,,newmar,grand star,3940,dryWeightLbs,
2027,,newmar,grand star,3940,hitchLbs,
2027,,newmar,grand star,3940,fuelCapacityGal,
2027,,newmar,grand star,3940,freshWater,
2027,,newmar,grand star,3940,grayWater,
2027,,newmar,grand star,3940,blackWater,
2027,,newmar,grand star,3940,propaneLbs,
2027,,newmar,grand star,3940,propaneGal,
2027,,newmar,grand star,3940,waterHeaterGal,
2027,,newmar,grand star,3940,cargoLbs,
2027,,newmar,grand star,3940,garageLengthFt,
2027,,newmar,grand star,3940,garageWidthFt,
2027,,newmar,grand star,3940,garageHeightIn,
2027,,newmar,grand star,3940,garageCapacityLbs,
2027,,newmar,grand star,3940,rampPatioLbs,
2027,,newmar,grand star,3940,fuelStationGal,
2027,,newmar,grand star,3940,axles,
2027,,newmar,grand star,3940,tireSize,
2027,,newmar,grand star,3940,slideouts,
2027,,newmar,grand star,3948,length,
2027,,newmar,grand star,3948,exteriorHeightIn,
2027,,newmar,grand star,3948,exteriorWidthIn,
2027,,newmar,grand star,3948,interiorHeightIn,
2027,,newmar,grand star,3948,sleeps,
2027,,newmar,grand star,3948,dryWeightLbs,
2027,,newmar,grand star,3948,hitchLbs,
2027,,newmar,grand star,3948,fuelCapacityGal,
2027,,newmar,grand star,3948,freshWater,
2027,,newmar,grand star,3948,grayWater,
2027,,newmar,grand star,3948,blackWater,
2027,,newmar,grand star,3948,propaneLbs,
2027,,newmar,grand star,3948,propaneGal,
2027,,newmar,grand star,3948,waterHeaterGal,
2027,,newmar,grand star,3948,cargoLbs,
2027,,newmar,grand star,3948,garageLengthFt,
2027,,newmar,grand star,3948,garageWidthFt,
2027,,newmar,grand star,3948,garageHeightIn,
2027,,newmar,grand star,3948,garageCapacityLbs,
2027,,newmar,grand star,3948,rampPatioLbs,
2027,,newmar,grand star,3948,fuelStationGal,
2027,,newmar,grand star,3948,axles,
2027,,newmar,grand star,3948,tireSize,
2027,,newmar,grand star,3948,slideouts,
2027,,newmar,king aire,4531,length,
2027,,newmar,king aire,4531,exteriorHeightIn,
2027,,newmar,king aire,4531,exteriorWidthIn,
2027,,newmar,king aire,4531,interiorHeightIn,
2027,,newmar,king aire,4531,sleeps,
2027,,newmar,king aire,4531,dryWeightLbs,
2027,,newmar,king aire,4531,hitchLbs,
2027,,newmar,king aire,4531,fuelCapacityGal,
2027,,newmar,king aire,4531,freshWater,
2027,,newmar,king aire,4531,grayWater,
2027,,newmar,king aire,4531,blackWater,
2027,,newmar,king aire,4531,propaneLbs,
2027,,newmar,king aire,4531,propaneGal,
2027,,newmar,king aire,4531,waterHeaterGal,
2027,,newmar,king aire,4531,cargoLbs,
2027,,newmar,king aire,4531,garageLengthFt,
2027,,newmar,king aire,4531,garageWidthFt,
2027,,newmar,king aire,4531,garageHeightIn,
2027,,newmar,king aire,4531,garageCapacityLbs,
2027,,newmar,king aire,4531,rampPatioLbs,
2027,,newmar,king aire,4531,fuelStationGal,
2027,,newmar,king aire,4531,axles,
2027,,newmar,king aire,4531,tireSize,
2027,,newmar,king aire,4531,slideouts,
2027,,newmar,king aire,4596,length,
2027,,newmar,king aire,4596,exteriorHeightIn,
2027,,newmar,king aire,4596,exteriorWidthIn,
2027,,newmar,king aire,4596,interiorHeightIn,
2027,,newmar,king aire,4596,sleeps,
2027,,newmar,king aire,4596,dryWeightLbs,
2027,,newmar,king aire,4596,hitchLbs,
2027,,newmar,king aire,4596,fuelCapacityGal,
2027,,newmar,king aire,4596,freshWater,
2027,,newmar,king aire,4596,grayWater,
2027,,newmar,king aire,4596,blackWater,
2027,,newmar,king aire,4596,propaneLbs,
2027,,newmar,king aire,4596,propaneGal,
2027,,newmar,king aire,4596,waterHeaterGal,
2027,,newmar,king aire,4596,cargoLbs,
2027,,newmar,king aire,4596,garageLengthFt,
2027,,newmar,king aire,4596,garageWidthFt,
2027,,newmar,king aire,4596,garageHeightIn,
2027,,newmar,king aire,4596,garageCapacityLbs,
2027,,newmar,king aire,4596,rampPatioLbs,
2027,,newmar,king aire,4596,fuelStationGal,
2027,,newmar,king aire,4596,axles,
2027,,newmar,king aire,4596,tireSize,
2027,,newmar,king aire,4596,slideouts,
2027,,newmar,london aire,4540,uvwLbs,
2027,,newmar,london aire,4540,length,
2027,,newmar,london aire,4540,exteriorHeightIn,
2027,,newmar,london aire,4540,exteriorWidthIn,
2027,,newmar,london aire,4540,interiorHeightIn,
2027,,newmar,london aire,4540,sleeps,
2027,,newmar,london aire,4540,dryWeightLbs,
2027,,newmar,london aire,4540,hitchLbs,
2027,,newmar,london aire,4540,fuelCapacityGal,
2027,,newmar,london aire,4540,freshWater,
2027,,newmar,london aire,4540,grayWater,
2027,,newmar,london aire,4540,blackWater,
2027,,newmar,london aire,4540,propaneLbs,
2027,,newmar,london aire,4540,propaneGal,
2027,,newmar,london aire,4540,waterHeaterGal,
2027,,newmar,london aire,4540,cargoLbs,
2027,,newmar,london aire,4540,garageLengthFt,
2027,,newmar,london aire,4540,garageWidthFt,
2027,,newmar,london aire,4540,garageHeightIn,
2027,,newmar,london aire,4540,garageCapacityLbs,
2027,,newmar,london aire,4540,rampPatioLbs,
2027,,newmar,london aire,4540,fuelStationGal,
2027,,newmar,london aire,4540,axles,
2027,,newmar,london aire,4540,tireSize,
2027,,newmar,london aire,4540,slideouts,
2027,,newmar,london aire,4545,uvwLbs,
2027,,newmar,london aire,4545,length,
2027,,newmar,london aire,4545,exteriorHeightIn,
2027,,newmar,london aire,4545,exteriorWidthIn,
2027,,newmar,london aire,4545,interiorHeightIn,
2027,,newmar,london aire,4545,sleeps,
2027,,newmar,london aire,4545,dryWeightLbs,
2027,,newmar,london aire,4545,hitchLbs,
2027,,newmar,london aire,4545,fuelCapacityGal,
2027,,newmar,london aire,4545,freshWater,
2027,,newmar,london aire,4545,grayWater,
2027,,newmar,london aire,4545,blackWater,
2027,,newmar,london aire,4545,propaneLbs,
2027,,newmar,london aire,4545,propaneGal,
2027,,newmar,london aire,4545,waterHeaterGal,
2027,,newmar,london aire,4545,cargoLbs,
2027,,newmar,london aire,4545,garageLengthFt,
2027,,newmar,london aire,4545,garageWidthFt,
2027,,newmar,london aire,4545,garageHeightIn,
2027,,newmar,london aire,4545,garageCapacityLbs,
2027,,newmar,london aire,4545,rampPatioLbs,
2027,,newmar,london aire,4545,fuelStationGal,
2027,,newmar,london aire,4545,axles,
2027,,newmar,london aire,4545,tireSize,
2027,,newmar,london aire,4545,slideouts,
2027,,newmar,london aire,4551,uvwLbs,
2027,,newmar,london aire,4551,length,
2027,,newmar,london aire,4551,exteriorHeightIn,
2027,,newmar,london aire,4551,exteriorWidthIn,
2027,,newmar,london aire,4551,interiorHeightIn,
2027,,newmar,london aire,4551,sleeps,
2027,,newmar,london aire,4551,dryWeightLbs,
2027,,newmar,london aire,4551,hitchLbs,
2027,,newmar,london aire,4551,fuelCapacityGal,
2027,,newmar,london aire,4551,freshWater,
2027,,newmar,london aire,4551,grayWater,
2027,,newmar,london aire,4551,blackWater,
2027,,newmar,london aire,4551,propaneLbs,
2027,,newmar,london aire,4551,propaneGal,
2027,,newmar,london aire,4551,waterHeaterGal,
2027,,newmar,london aire,4551,cargoLbs,
2027,,newmar,london aire,4551,garageLengthFt,
2027,,newmar,london aire,4551,garageWidthFt,
2027,,newmar,london aire,4551,garageHeightIn,
2027,,newmar,london aire,4551,garageCapacityLbs,
2027,,newmar,london aire,4551,rampPatioLbs,
2027,,newmar,london aire,4551,fuelStationGal,
2027,,newmar,london aire,4551,axles,
2027,,newmar,london aire,4551,tireSize,
2027,,newmar,london aire,4551,slideouts,
2027,,newmar,london aire,4569,uvwLbs,
2027,,newmar,london aire,4569,length,
2027,,newmar,london aire,4569,exteriorHeightIn,
2027,,newmar,london aire,4569,exteriorWidthIn,
2027,,newmar,london aire,4569,interiorHeightIn,
2027,,newmar,london aire,4569,sleeps,
2027,,newmar,london aire,4569,dryWeightLbs,
2027,,newmar,london aire,4569,hitchLbs,
2027,,newmar,london aire,4569,fuelCapacityGal,
2027,,newmar,london aire,4569,freshWater,
2027,,newmar,london aire,4569,grayWater,
2027,,newmar,london aire,4569,blackWater,
2027,,newmar,london aire,4569,propaneLbs,
2027,,newmar,london aire,4569,propaneGal,
2027,,newmar,london aire,4569,waterHeaterGal,
2027,,newmar,london aire,4569,cargoLbs,
2027,,newmar,london aire,4569,garageLengthFt,
2027,,newmar,london aire,4569,garageWidthFt,
2027,,newmar,london aire,4569,garageHeightIn,
2027,,newmar,london aire,4569,garageCapacityLbs,
2027,,newmar,london aire,4569,rampPatioLbs,
2027,,newmar,london aire,4569,fuelStationGal,
2027,,newmar,london aire,4569,axles,
2027,,newmar,london aire,4569,tireSize,
2027,,newmar,london aire,4569,slideouts,
2027,,newmar,london aire,4595,uvwLbs,
2027,,newmar,london aire,4595,length,
2027,,newmar,london aire,4595,exteriorHeightIn,
2027,,newmar,london aire,4595,exteriorWidthIn,
2027,,newmar,london aire,4595,interiorHeightIn,
2027,,newmar,london aire,4595,sleeps,
2027,,newmar,london aire,4595,dryWeightLbs,
2027,,newmar,london aire,4595,hitchLbs,
2027,,newmar,london aire,4595,fuelCapacityGal,
2027,,newmar,london aire,4595,freshWater,
2027,,newmar,london aire,4595,grayWater,
2027,,newmar,london aire,4595,blackWater,
2027,,newmar,london aire,4595,propaneLbs,
2027,,newmar,london aire,4595,propaneGal,
2027,,newmar,london aire,4595,waterHeaterGal,
2027,,newmar,london aire,4595,cargoLbs,
2027,,newmar,london aire,4595,garageLengthFt,
2027,,newmar,london aire,4595,garageWidthFt,
2027,,newmar,london aire,4595,garageHeightIn,
2027,,newmar,london aire,4595,garageCapacityLbs,
2027,,newmar,london aire,4595,rampPatioLbs,
2027,,newmar,london aire,4595,fuelStationGal,
2027,,newmar,london aire,4595,axles,
2027,,newmar,london aire,4595,tireSize,
2027,,newmar,london aire,4595,slideouts,
2027,,newmar,mountain aire,3823,length,
2027,,newmar,mountain aire,3823,exteriorHeightIn,
2027,,newmar,mountain aire,3823,exteriorWidthIn,
2027,,newmar,mountain aire,3823,interiorHeightIn,
2027,,newmar,mountain aire,3823,sleeps,
2027,,newmar,mountain aire,3823,dryWeightLbs,
2027,,newmar,mountain aire,3823,hitchLbs,
2027,,newmar,mountain aire,3823,fuelCapacityGal,
2027,,newmar,mountain aire,3823,freshWater,
2027,,newmar,mountain aire,3823,grayWater,
2027,,newmar,mountain aire,3823,blackWater,
2027,,newmar,mountain aire,3823,propaneLbs,
2027,,newmar,mountain aire,3823,propaneGal,
2027,,newmar,mountain aire,3823,waterHeaterGal,
2027,,newmar,mountain aire,3823,cargoLbs,
2027,,newmar,mountain aire,3823,garageLengthFt,
2027,,newmar,mountain aire,3823,garageWidthFt,
2027,,newmar,mountain aire,3823,garageHeightIn,
2027,,newmar,mountain aire,3823,garageCapacityLbs,
2027,,newmar,mountain aire,3823,rampPatioLbs,
2027,,newmar,mountain aire,3823,fuelStationGal,
2027,,newmar,mountain aire,3823,axles,
2027,,newmar,mountain aire,3823,tireSize,
2027,,newmar,mountain aire,3823,slideouts,
2027,,newmar,mountain aire,3825,length,
2027,,newmar,mountain aire,3825,exteriorHeightIn,
2027,,newmar,mountain aire,3825,exteriorWidthIn,
2027,,newmar,mountain aire,3825,interiorHeightIn,
2027,,newmar,mountain aire,3825,sleeps,
2027,,newmar,mountain aire,3825,dryWeightLbs,
2027,,newmar,mountain aire,3825,hitchLbs,
2027,,newmar,mountain aire,3825,fuelCapacityGal,
2027,,newmar,mountain aire,3825,freshWater,
2027,,newmar,mountain aire,3825,grayWater,
2027,,newmar,mountain aire,3825,blackWater,
2027,,newmar,mountain aire,3825,propaneLbs,
2027,,newmar,mountain aire,3825,propaneGal,
2027,,newmar,mountain aire,3825,waterHeaterGal,
2027,,newmar,mountain aire,3825,cargoLbs,
2027,,newmar,mountain aire,3825,garageLengthFt,
2027,,newmar,mountain aire,3825,garageWidthFt,
2027,,newmar,mountain aire,3825,garageHeightIn,
2027,,newmar,mountain aire,3825,garageCapacityLbs,
2027,,newmar,mountain aire,3825,rampPatioLbs,
2027,,newmar,mountain aire,3825,fuelStationGal,
2027,,newmar,mountain aire,3825,axles,
2027,,newmar,mountain aire,3825,tireSize,
2027,,newmar,mountain aire,3825,slideouts,
2027,,newmar,mountain aire,4118,length,
2027,,newmar,mountain aire,4118,exteriorHeightIn,
2027,,newmar,mountain aire,4118,exteriorWidthIn,
2027,,newmar,mountain aire,4118,interiorHeightIn,
2027,,newmar,mountain aire,4118,sleeps,
2027,,newmar,mountain aire,4118,dryWeightLbs,
2027,,newmar,mountain aire,4118,hitchLbs,
2027,,newmar,mountain aire,4118,fuelCapacityGal,
2027,,newmar,mountain aire,4118,freshWater,
2027,,newmar,mountain aire,4118,grayWater,
2027,,newmar,mountain aire,4118,blackWater,
2027,,newmar,mountain aire,4118,propaneLbs,
2027,,newmar,mountain aire,4118,propaneGal,
2027,,newmar,mountain aire,4118,waterHeaterGal,
2027,,newmar,mountain aire,4118,cargoLbs,
2027,,newmar,mountain aire,4118,garageLengthFt,
2027,,newmar,mountain aire,4118,garageWidthFt,
2027,,newmar,mountain aire,4118,garageHeightIn,
2027,,newmar,mountain aire,4118,garageCapacityLbs,
2027,,newmar,mountain aire,4118,rampPatioLbs,
2027,,newmar,mountain aire,4118,fuelStationGal,
2027,,newmar,mountain aire,4118,axles,
2027,,newmar,mountain aire,4118,tireSize,
2027,,newmar,mountain aire,4118,slideouts,
2027,,newmar,mountain aire,4551,length,
2027,,newmar,mountain aire,4551,exteriorHeightIn,
2027,,newmar,mountain aire,4551,exteriorWidthIn,
2027,,newmar,mountain aire,4551,interiorHeightIn,
2027,,newmar,mountain aire,4551,sleeps,
2027,,newmar,mountain aire,4551,dryWeightLbs,
2027,,newmar,mountain aire,4551,hitchLbs,
2027,,newmar,mountain aire,4551,fuelCapacityGal,
2027,,newmar,mountain aire,4551,freshWater,
2027,,newmar,mountain aire,4551,grayWater,
2027,,newmar,mountain aire,4551,blackWater,
2027,,newmar,mountain aire,4551,propaneLbs,
2027,,newmar,mountain aire,4551,propaneGal,
2027,,newmar,mountain aire,4551,waterHeaterGal,
2027,,newmar,mountain aire,4551,cargoLbs,
2027,,newmar,mountain aire,4551,garageLengthFt,
2027,,newmar,mountain aire,4551,garageWidthFt,
2027,,newmar,mountain aire,4551,garageHeightIn,
2027,,newmar,mountain aire,4551,garageCapacityLbs,
2027,,newmar,mountain aire,4551,rampPatioLbs,
2027,,newmar,mountain aire,4551,fuelStationGal,
2027,,newmar,mountain aire,4551,axles,
2027,,newmar,mountain aire,4551,tireSize,
2027,,newmar,mountain aire,4551,slideouts,
2027,,newmar,new aire,3543,length,
2027,,newmar,new aire,3543,exteriorHeightIn,
2027,,newmar,new aire,3543,exteriorWidthIn,
2027,,newmar,new aire,3543,interiorHeightIn,
2027,,newmar,new aire,3543,sleeps,
2027,,newmar,new aire,3543,dryWeightLbs,
2027,,newmar,new aire,3543,hitchLbs,
2027,,newmar,new aire,3543,fuelCapacityGal,
2027,,newmar,new aire,3543,freshWater,
2027,,newmar,new aire,3543,grayWater,
2027,,newmar,new aire,3543,blackWater,
2027,,newmar,new aire,3543,propaneLbs,
2027,,newmar,new aire,3543,propaneGal,
2027,,newmar,new aire,3543,waterHeaterGal,
2027,,newmar,new aire,3543,cargoLbs,
2027,,newmar,new aire,3543,garageLengthFt,
2027,,newmar,new aire,3543,garageWidthFt,
2027,,newmar,new aire,3543,garageHeightIn,
2027,,newmar,new aire,3543,garageCapacityLbs,
2027,,newmar,new aire,3543,rampPatioLbs,
2027,,newmar,new aire,3543,fuelStationGal,
2027,,newmar,new aire,3543,axles,
2027,,newmar,new aire,3543,tireSize,
2027,,newmar,new aire,3543,slideouts,
2027,,newmar,new aire,3545,uvwLbs,
2027,,newmar,new aire,3545,length,
2027,,newmar,new aire,3545,exteriorHeightIn,
2027,,newmar,new aire,3545,exteriorWidthIn,
2027,,newmar,new aire,3545,interiorHeightIn,
2027,,newmar,new aire,3545,sleeps,
2027,,newmar,new aire,3545,dryWeightLbs,
2027,,newmar,new aire,3545,hitchLbs,
2027,,newmar,new aire,3545,fuelCapacityGal,
2027,,newmar,new aire,3545,freshWater,
2027,,newmar,new aire,3545,grayWater,
2027,,newmar,new aire,3545,blackWater,
2027,,newmar,new aire,3545,propaneLbs,
2027,,newmar,new aire,3545,propaneGal,
2027,,newmar,new aire,3545,waterHeaterGal,
2027,,newmar,new aire,3545,cargoLbs,
2027,,newmar,new aire,3545,garageLengthFt,
2027,,newmar,new aire,3545,garageWidthFt,
2027,,newmar,new aire,3545,garageHeightIn,
2027,,newmar,new aire,3545,garageCapacityLbs,
2027,,newmar,new aire,3545,rampPatioLbs,
2027,,newmar,new aire,3545,fuelStationGal,
2027,,newmar,new aire,3545,axles,
2027,,newmar,new aire,3545,tireSize,
2027,,newmar,new aire,3545,slideouts,
2027,,newmar,new aire,3547,length,
2027,,newmar,new aire,3547,exteriorHeightIn,
2027,,newmar,new aire,3547,exteriorWidthIn,
2027,,newmar,new aire,3547,interiorHeightIn,
2027,,newmar,new aire,3547,sleeps,
2027,,newmar,new aire,3547,dryWeightLbs,
2027,,newmar,new aire,3547,hitchLbs,
2027,,newmar,new aire,3547,fuelCapacityGal,
2027,,newmar,new aire,3547,freshWater,
2027,,newmar,new aire,3547,grayWater,
2027,,newmar,new aire,3547,blackWater,
2027,,newmar,new aire,3547,propaneLbs,
2027,,newmar,new aire,3547,propaneGal,
2027,,newmar,new aire,3547,waterHeaterGal,
2027,,newmar,new aire,3547,cargoLbs,
2027,,newmar,new aire,3547,garageLengthFt,
2027,,newmar,new aire,3547,garageWidthFt,
2027,,newmar,new aire,3547,garageHeightIn,
2027,,newmar,new aire,3547,garageCapacityLbs,
2027,,newmar,new aire,3547,rampPatioLbs,
2027,,newmar,new aire,3547,fuelStationGal,
2027,,newmar,new aire,3547,axles,
2027,,newmar,new aire,3547,tireSize,
2027,,newmar,new aire,3547,slideouts,
2027,,newmar,northern star,3418,length,
2027,,newmar,northern star,3418,exteriorHeightIn,
2027,,newmar,northern star,3418,exteriorWidthIn,
2027,,newmar,northern star,3418,interiorHeightIn,
2027,,newmar,northern star,3418,sleeps,
2027,,newmar,northern star,3418,dryWeightLbs,
2027,,newmar,northern star,3418,hitchLbs,
2027,,newmar,northern star,3418,fuelCapacityGal,
2027,,newmar,northern star,3418,freshWater,
2027,,newmar,northern star,3418,grayWater,
2027,,newmar,northern star,3418,blackWater,
2027,,newmar,northern star,3418,propaneLbs,
2027,,newmar,northern star,3418,propaneGal,
2027,,newmar,northern star,3418,waterHeaterGal,
2027,,newmar,northern star,3418,cargoLbs,
2027,,newmar,northern star,3418,garageLengthFt,
2027,,newmar,northern star,3418,garageWidthFt,
2027,,newmar,northern star,3418,garageHeightIn,
2027,,newmar,northern star,3418,garageCapacityLbs,
2027,,newmar,northern star,3418,rampPatioLbs,
2027,,newmar,northern star,3418,fuelStationGal,
2027,,newmar,northern star,3418,axles,
2027,,newmar,northern star,3418,tireSize,
2027,,newmar,northern star,3418,slideouts,
2027,,newmar,northern star,3709,length,
2027,,newmar,northern star,3709,exteriorHeightIn,
2027,,newmar,northern star,3709,exteriorWidthIn,
2027,,newmar,northern star,3709,interiorHeightIn,
2027,,newmar,northern star,3709,sleeps,
2027,,newmar,northern star,3709,dryWeightLbs,
2027,,newmar,northern star,3709,hitchLbs,
2027,,newmar,northern star,3709,fuelCapacityGal,
2027,,newmar,northern star,3709,freshWater,
2027,,newmar,northern star,3709,grayWater,
2027,,newmar,northern star,3709,blackWater,
2027,,newmar,northern star,3709,propaneLbs,
2027,,newmar,northern star,3709,propaneGal,
2027,,newmar,northern star,3709,waterHeaterGal,
2027,,newmar,northern star,3709,cargoLbs,
2027,,newmar,northern star,3709,garageLengthFt,
2027,,newmar,northern star,3709,garageWidthFt,
2027,,newmar,northern star,3709,garageHeightIn,
2027,,newmar,northern star,3709,garageCapacityLbs,
2027,,newmar,northern star,3709,rampPatioLbs,
2027,,newmar,northern star,3709,fuelStationGal,
2027,,newmar,northern star,3709,axles,
2027,,newmar,northern star,3709,tireSize,
2027,,newmar,northern star,3709,slideouts,
2027,,newmar,northern star,4011,length,
2027,,newmar,northern star,4011,exteriorHeightIn,
2027,,newmar,northern star,4011,exteriorWidthIn,
2027,,newmar,northern star,4011,interiorHeightIn,
2027,,newmar,northern star,4011,sleeps,
2027,,newmar,northern star,4011,dryWeightLbs,
2027,,newmar,northern star,4011,hitchLbs,
2027,,newmar,northern star,4011,fuelCapacityGal,
2027,,newmar,northern star,4011,freshWater,
2027,,newmar,northern star,4011,grayWater,
2027,,newmar,northern star,4011,blackWater,
2027,,newmar,northern star,4011,propaneLbs,
2027,,newmar,northern star,4011,propaneGal,
2027,,newmar,northern star,4011,waterHeaterGal,
2027,,newmar,northern star,4011,cargoLbs,
2027,,newmar,northern star,4011,garageLengthFt,
2027,,newmar,northern star,4011,garageWidthFt,
2027,,newmar,northern star,4011,garageHeightIn,
2027,,newmar,northern star,4011,garageCapacityLbs,
2027,,newmar,northern star,4011,rampPatioLbs,
2027,,newmar,northern star,4011,fuelStationGal,
2027,,newmar,northern star,4011,axles,
2027,,newmar,northern star,4011,tireSize,
2027,,newmar,northern star,4011,slideouts,
2027,,newmar,northern star,4037,length,
2027,,newmar,northern star,4037,exteriorHeightIn,
2027,,newmar,northern star,4037,exteriorWidthIn,
2027,,newmar,northern star,4037,interiorHeightIn,
2027,,newmar,northern star,4037,sleeps,
2027,,newmar,northern star,4037,dryWeightLbs,
2027,,newmar,northern star,4037,hitchLbs,
2027,,newmar,northern star,4037,fuelCapacityGal,
2027,,newmar,northern star,4037,freshWater,
2027,,newmar,northern star,4037,grayWater,
2027,,newmar,northern star,4037,blackWater,
2027,,newmar,northern star,4037,propaneLbs,
2027,,newmar,northern star,4037,propaneGal,
2027,,newmar,northern star,4037,waterHeaterGal,
2027,,newmar,northern star,4037,cargoLbs,
2027,,newmar,northern star,4037,garageLengthFt,
2027,,newmar,northern star,4037,garageWidthFt,
2027,,newmar,northern star,4037,garageHeightIn,
2027,,newmar,northern star,4037,garageCapacityLbs,
2027,,newmar,northern star,4037,rampPatioLbs,
2027,,newmar,northern star,4037,fuelStationGal,
2027,,newmar,northern star,4037,axles,
2027,,newmar,northern star,4037,tireSize,
2027,,newmar,northern star,4037,slideouts,
2027,,newmar,super star,3731,length,
2027,,newmar,super star,3731,exteriorHeightIn,
2027,,newmar,super star,3731,exteriorWidthIn,
2027,,newmar,super star,3731,interiorHeightIn,
2027,,newmar,super star,3731,sleeps,
2027,,newmar,super star,3731,dryWeightLbs,
2027,,newmar,super star,3731,hitchLbs,
2027,,newmar,super star,3731,fuelCapacityGal,
2027,,newmar,super star,3731,freshWater,
2027,,newmar,super star,3731,grayWater,
2027,,newmar,super star,3731,blackWater,
2027,,newmar,super star,3731,propaneLbs,
2027,,newmar,super star,3731,propaneGal,
2027,,newmar,super star,3731,waterHeaterGal,
2027,,newmar,super star,3731,cargoLbs,
2027,,newmar,super star,3731,garageLengthFt,
2027,,newmar,super star,3731,garageWidthFt,
2027,,newmar,super star,3731,garageHeightIn,
2027,,newmar,super star,3731,garageCapacityLbs,
2027,,newmar,super star,3731,rampPatioLbs,
2027,,newmar,super star,3731,fuelStationGal,
2027,,newmar,super star,3731,axles,
2027,,newmar,super star,3731,tireSize,
2027,,newmar,super star,3731,slideouts,
2027,,newmar,super star,4040,length,
2027,,newmar,super star,4040,exteriorHeightIn,
2027,,newmar,super star,4040,exteriorWidthIn,
2027,,newmar,super star,4040,interiorHeightIn,
2027,,newmar,super star,4040,sleeps,
2027,,newmar,super star,4040,dryWeightLbs,
2027,,newmar,super star,4040,hitchLbs,
2027,,newmar,super star,4040,fuelCapacityGal,
2027,,newmar,super star,4040,freshWater,
2027,,newmar,super star,4040,grayWater,
2027,,newmar,super star,4040,blackWater,
2027,,newmar,super star,4040,propaneLbs,
2027,,newmar,super star,4040,propaneGal,
2027,,newmar,super star,4040,waterHeaterGal,
2027,,newmar,super star,4040,cargoLbs,
2027,,newmar,super star,4040,garageLengthFt,
2027,,newmar,super star,4040,garageWidthFt,
2027,,newmar,super star,4040,garageHeightIn,
2027,,newmar,super star,4040,garageCapacityLbs,
2027,,newmar,super star,4040,rampPatioLbs,
2027,,newmar,super star,4040,fuelStationGal,
2027,,newmar,super star,4040,axles,
2027,,newmar,super star,4040,tireSize,
2027,,newmar,super star,4040,slideouts,
2027,,newmar,super star,4059,length,
2027,,newmar,super star,4059,exteriorHeightIn,
2027,,newmar,super star,4059,exteriorWidthIn,
2027,,newmar,super star,4059,interiorHeightIn,
2027,,newmar,super star,4059,sleeps,
2027,,newmar,super star,4059,dryWeightLbs,
2027,,newmar,super star,4059,hitchLbs,
2027,,newmar,super star,4059,fuelCapacityGal,
2027,,newmar,super star,4059,freshWater,
2027,,newmar,super star,4059,grayWater,
2027,,newmar,super star,4059,blackWater,
2027,,newmar,super star,4059,propaneLbs,
2027,,newmar,super star,4059,propaneGal,
2027,,newmar,super star,4059,waterHeaterGal,
2027,,newmar,super star,4059,cargoLbs,
2027,,newmar,super star,4059,garageLengthFt,
2027,,newmar,super star,4059,garageWidthFt,
2027,,newmar,super star,4059,garageHeightIn,
2027,,newmar,super star,4059,garageCapacityLbs,
2027,,newmar,super star,4059,rampPatioLbs,
2027,,newmar,super star,4059,fuelStationGal,
2027,,newmar,super star,4059,axles,
2027,,newmar,super star,4059,tireSize,
2027,,newmar,super star,4059,slideouts,
2027,,newmar,super star,4140,length,
2027,,newmar,super star,4140,exteriorHeightIn,
2027,,newmar,super star,4140,exteriorWidthIn,
2027,,newmar,super star,4140,interiorHeightIn,
2027,,newmar,super star,4140,sleeps,
2027,,newmar,super star,4140,dryWeightLbs,
2027,,newmar,super star,4140,hitchLbs,
2027,,newmar,super star,4140,fuelCapacityGal,
2027,,newmar,super star,4140,freshWater,
2027,,newmar,super star,4140,grayWater,
2027,,newmar,super star,4140,blackWater,
2027,,newmar,super star,4140,propaneLbs,
2027,,newmar,super star,4140,propaneGal,
2027,,newmar,super star,4140,waterHeaterGal,
2027,,newmar,super star,4140,cargoLbs,
2027,,newmar,super star,4140,garageLengthFt,
2027,,newmar,super star,4140,garageWidthFt,
2027,,newmar,super star,4140,garageHeightIn,
2027,,newmar,super star,4140,garageCapacityLbs,
2027,,newmar,super star,4140,rampPatioLbs,
2027,,newmar,super star,4140,fuelStationGal,
2027,,newmar,super star,4140,axles,
2027,,newmar,super star,4140,tireSize,
2027,,newmar,super star,4140,slideouts,
2027,,newmar,super star,4159,length,
2027,,newmar,super star,4159,exteriorHeightIn,
2027,,newmar,super star,4159,exteriorWidthIn,
2027,,newmar,super star,4159,interiorHeightIn,
2027,,newmar,super star,4159,sleeps,
2027,,newmar,super star,4159,dryWeightLbs,
2027,,newmar,super star,4159,hitchLbs,
2027,,newmar,super star,4159,fuelCapacityGal,
2027,,newmar,super star,4159,freshWater,
2027,,newmar,super star,4159,grayWater,
2027,,newmar,super star,4159,blackWater,
2027,,newmar,super star,4159,propaneLbs,
2027,,newmar,super star,4159,propaneGal,
2027,,newmar,super star,4159,waterHeaterGal,
2027,,newmar,super star,4159,cargoLbs,
2027,,newmar,super star,4159,garageLengthFt,
2027,,newmar,super star,4159,garageWidthFt,
2027,,newmar,super star,4159,garageHeightIn,
2027,,newmar,super star,4159,garageCapacityLbs,
2027,,newmar,super star,4159,rampPatioLbs,
2027,,newmar,super star,4159,fuelStationGal,
2027,,newmar,super star,4159,axles,
2027,,newmar,super star,4159,tireSize,
2027,,newmar,super star,4159,slideouts,
2027,,newmar,supreme aire,3827,length,
2027,,newmar,supreme aire,3827,exteriorHeightIn,
2027,,newmar,supreme aire,3827,exteriorWidthIn,
2027,,newmar,supreme aire,3827,interiorHeightIn,
2027,,newmar,supreme aire,3827,sleeps,
2027,,newmar,supreme aire,3827,dryWeightLbs,
2027,,newmar,supreme aire,3827,hitchLbs,
2027,,newmar,supreme aire,3827,fuelCapacityGal,
2027,,newmar,supreme aire,3827,freshWater,
2027,,newmar,supreme aire,3827,grayWater,
2027,,newmar,supreme aire,3827,blackWater,
2027,,newmar,supreme aire,3827,propaneLbs,
2027,,newmar,supreme aire,3827,propaneGal,
2027,,newmar,supreme aire,3827,waterHeaterGal,
2027,,newmar,supreme aire,3827,cargoLbs,
2027,,newmar,supreme aire,3827,garageLengthFt,
2027,,newmar,supreme aire,3827,garageWidthFt,
2027,,newmar,supreme aire,3827,garageHeightIn,
2027,,newmar,supreme aire,3827,garageCapacityLbs,
2027,,newmar,supreme aire,3827,rampPatioLbs,
2027,,newmar,supreme aire,3827,fuelStationGal,
2027,,newmar,supreme aire,3827,axles,
2027,,newmar,supreme aire,3827,tireSize,
2027,,newmar,supreme aire,3827,slideouts,
2027,,newmar,supreme aire,4129,length,
2027,,newmar,supreme aire,4129,exteriorHeightIn,
2027,,newmar,supreme aire,4129,exteriorWidthIn,
2027,,newmar,supreme aire,4129,interiorHeightIn,
2027,,newmar,supreme aire,4129,sleeps,
2027,,newmar,supreme aire,4129,dryWeightLbs,
2027,,newmar,supreme aire,4129,hitchLbs,
2027,,newmar,supreme aire,4129,fuelCapacityGal,
2027,,newmar,supreme aire,4129,freshWater,
2027,,newmar,supreme aire,4129,grayWater,
2027,,newmar,supreme aire,4129,blackWater,
2027,,newmar,supreme aire,4129,propaneLbs,
2027,,newmar,supreme aire,4129,propaneGal,
2027,,newmar,supreme aire,4129,waterHeaterGal,
2027,,newmar,supreme aire,4129,cargoLbs,
2027,,newmar,supreme aire,4129,garageLengthFt,
2027,,newmar,supreme aire,4129,garageWidthFt,
2027,,newmar,supreme aire,4129,garageHeightIn,
2027,,newmar,supreme aire,4129,garageCapacityLbs,
2027,,newmar,supreme aire,4129,rampPatioLbs,
2027,,newmar,supreme aire,4129,fuelStationGal,
2027,,newmar,supreme aire,4129,axles,
2027,,newmar,supreme aire,4129,tireSize,
2027,,newmar,supreme aire,4129,slideouts,
2027,,newmar,supreme aire,4141,length,
2027,,newmar,supreme aire,4141,exteriorHeightIn,
2027,,newmar,supreme aire,4141,exteriorWidthIn,
2027,,newmar,supreme aire,4141,interiorHeightIn,
2027,,newmar,supreme aire,4141,sleeps,
2027,,newmar,supreme aire,4141,dryWeightLbs,
2027,,newmar,supreme aire,4141,hitchLbs,
2027,,newmar,supreme aire,4141,fuelCapacityGal,
2027,,newmar,supreme aire,4141,freshWater,
2027,,newmar,supreme aire,4141,grayWater,
2027,,newmar,supreme aire,4141,blackWater,
2027,,newmar,supreme aire,4141,propaneLbs,
2027,,newmar,supreme aire,4141,propaneGal,
2027,,newmar,supreme aire,4141,waterHeaterGal,
2027,,newmar,supreme aire,4141,cargoLbs,
2027,,newmar,supreme aire,4141,garageLengthFt,
2027,,newmar,supreme aire,4141,garageWidthFt,
2027,,newmar,supreme aire,4141,garageHeightIn,
2027,,newmar,supreme aire,4141,garageCapacityLbs,
2027,,newmar,supreme aire,4141,rampPatioLbs,
2027,,newmar,supreme aire,4141,fuelStationGal,
2027,,newmar,supreme aire,4141,axles,
2027,,newmar,supreme aire,4141,tireSize,
2027,,newmar,supreme aire,4141,slideouts,
2022,,northwood,nash,24M,interiorHeightIn,
2022,,northwood,nash,24M,dryWeightLbs,
2022,,northwood,nash,24M,fuelCapacityGal,
2022,,northwood,nash,24M,propaneGal,
2022,,northwood,nash,24M,cargoLbs,
2022,,northwood,nash,24M,garageLengthFt,
2022,,northwood,nash,24M,garageWidthFt,
2022,,northwood,nash,24M,garageHeightIn,
2022,,northwood,nash,24M,garageCapacityLbs,
2022,,northwood,nash,24M,rampPatioLbs,
2022,,northwood,nash,24M,fuelStationGal,
2022,,northwood,nash,24M,axles,
2022,,northwood,nash,24M,tireSize,
2022,,northwood,nash,24M,slideouts,
,2020-2026,palomino,puma,32BHQS,sleeps,
,2020-2026,palomino,puma,32BHQS,dryWeightLbs,
,2020-2026,palomino,puma,32BHQS,fuelCapacityGal,
,2020-2026,palomino,puma,32BHQS,propaneGal,
,2020-2026,palomino,puma,32BHQS,waterHeaterGal,
,2020-2026,palomino,puma,32BHQS,cargoLbs,
,2020-2026,palomino,puma,32BHQS,garageLengthFt,
,2020-2026,palomino,puma,32BHQS,garageWidthFt,
,2020-2026,palomino,puma,32BHQS,garageHeightIn,
,2020-2026,palomino,puma,32BHQS,garageCapacityLbs,
,2020-2026,palomino,puma,32BHQS,rampPatioLbs,
,2020-2026,palomino,puma,32BHQS,fuelStationGal,
,2020-2026,palomino,puma,32BHQS,axles,
,2020-2026,palomino,puma,32BHQS,tireSize,
,2020-2026,palomino,puma,32BHQS,slideouts,
,2020-2026,pleasure-way,plateau,TS,sleeps,
,2020-2026,pleasure-way,plateau,TS,dryWeightLbs,
,2020-2026,pleasure-way,plateau,TS,fuelCapacityGal,
,2020-2026,pleasure-way,plateau,TS,propaneLbs,
,2020-2026,pleasure-way,plateau,TS,propaneGal,
,2020-2026,pleasure-way,plateau,TS,waterHeaterGal,
,2020-2026,pleasure-way,plateau,TS,cargoLbs,
,2020-2026,pleasure-way,plateau,TS,garageLengthFt,
,2020-2026,pleasure-way,plateau,TS,garageWidthFt,
,2020-2026,pleasure-way,plateau,TS,garageHeightIn,
,2020-2026,pleasure-way,plateau,TS,garageCapacityLbs,
,2020-2026,pleasure-way,plateau,TS,rampPatioLbs,
,2020-2026,pleasure-way,plateau,TS,fuelStationGal,
,2020-2026,pleasure-way,plateau,TS,axles,
,2020-2026,pleasure-way,plateau,TS,tireSize,
,2020-2026,pleasure-way,plateau,TS,slideouts,
2027,,renegade,explorer ts,42RB,uvwLbs,
2027,,renegade,explorer ts,42RB,length,
2027,,renegade,explorer ts,42RB,exteriorHeightIn,
2027,,renegade,explorer ts,42RB,exteriorWidthIn,
2027,,renegade,explorer ts,42RB,interiorHeightIn,
2027,,renegade,explorer ts,42RB,sleeps,
2027,,renegade,explorer ts,42RB,dryWeightLbs,
2027,,renegade,explorer ts,42RB,hitchLbs,
2027,,renegade,explorer ts,42RB,fuelCapacityGal,
2027,,renegade,explorer ts,42RB,freshWater,
2027,,renegade,explorer ts,42RB,grayWater,
2027,,renegade,explorer ts,42RB,blackWater,
2027,,renegade,explorer ts,42RB,propaneLbs,
2027,,renegade,explorer ts,42RB,propaneGal,
2027,,renegade,explorer ts,42RB,waterHeaterGal,
2027,,renegade,explorer ts,42RB,cargoLbs,
2027,,renegade,explorer ts,42RB,garageLengthFt,
2027,,renegade,explorer ts,42RB,garageWidthFt,
2027,,renegade,explorer ts,42RB,garageHeightIn,
2027,,renegade,explorer ts,42RB,garageCapacityLbs,
2027,,renegade,explorer ts,42RB,rampPatioLbs,
2027,,renegade,explorer ts,42RB,fuelStationGal,
2027,,renegade,explorer ts,42RB,axles,
2027,,renegade,explorer ts,42RB,tireSize,
2027,,renegade,explorer ts,42RB,slideouts,
2027,,renegade,valencia,36SB,uvwLbs,
2027,,renegade,valencia,36SB,length,
2027,,renegade,valencia,36SB,exteriorHeightIn,
2027,,renegade,valencia,36SB,exteriorWidthIn,
2027,,renegade,valencia,36SB,interiorHeightIn,
2027,,renegade,valencia,36SB,sleeps,
2027,,renegade,valencia,36SB,dryWeightLbs,
2027,,renegade,valencia,36SB,hitchLbs,
2027,,renegade,valencia,36SB,fuelCapacityGal,
2027,,renegade,valencia,36SB,freshWater,
2027,,renegade,valencia,36SB,grayWater,
2027,,renegade,valencia,36SB,blackWater,
2027,,renegade,valencia,36SB,propaneLbs,
2027,,renegade,valencia,36SB,propaneGal,
2027,,renegade,valencia,36SB,waterHeaterGal,
2027,,renegade,valencia,36SB,cargoLbs,
2027,,renegade,valencia,36SB,garageLengthFt,
2027,,renegade,valencia,36SB,garageWidthFt,
2027,,renegade,valencia,36SB,garageHeightIn,
2027,,renegade,valencia,36SB,garageCapacityLbs,
2027,,renegade,valencia,36SB,rampPatioLbs,
2027,,renegade,valencia,36SB,fuelStationGal,
2027,,renegade,valencia,36SB,axles,
2027,,renegade,valencia,36SB,tireSize,
2027,,renegade,valencia,36SB,slideouts,
2027,,renegade,valencia,39BB,uvwLbs,
2027,,renegade,valencia,39BB,length,
2027,,renegade,valencia,39BB,exteriorHeightIn,
2027,,renegade,valencia,39BB,exteriorWidthIn,
2027,,renegade,valencia,39BB,interiorHeightIn,
2027,,renegade,valencia,39BB,sleeps,
2027,,renegade,valencia,39BB,dryWeightLbs,
2027,,renegade,valencia,39BB,hitchLbs,
2027,,renegade,valencia,39BB,fuelCapacityGal,
2027,,renegade,valencia,39BB,freshWater,
2027,,renegade,valencia,39BB,grayWater,
2027,,renegade,valencia,39BB,blackWater,
2027,,renegade,valencia,39BB,propaneLbs,
2027,,renegade,valencia,39BB,propaneGal,
2027,,renegade,valencia,39BB,waterHeaterGal,
2027,,renegade,valencia,39BB,cargoLbs,
2027,,renegade,valencia,39BB,garageLengthFt,
2027,,renegade,valencia,39BB,garageWidthFt,
2027,,renegade,valencia,39BB,garageHeightIn,
2027,,renegade,valencia,39BB,garageCapacityLbs,
2027,,renegade,valencia,39BB,rampPatioLbs,
2027,,renegade,valencia,39BB,fuelStationGal,
2027,,renegade,valencia,39BB,axles,
2027,,renegade,valencia,39BB,tireSize,
2027,,renegade,valencia,39BB,slideouts,
2027,,renegade,valencia,39FW,uvwLbs,
2027,,renegade,valencia,39FW,length,
2027,,renegade,valencia,39FW,exteriorHeightIn,
2027,,renegade,valencia,39FW,exteriorWidthIn,
2027,,renegade,valencia,39FW,interiorHeightIn,
2027,,renegade,valencia,39FW,sleeps,
2027,,renegade,valencia,39FW,dryWeightLbs,
2027,,renegade,valencia,39FW,hitchLbs,
2027,,renegade,valencia,39FW,fuelCapacityGal,
2027,,renegade,valencia,39FW,freshWater,
2027,,renegade,valencia,39FW,grayWater,
2027,,renegade,valencia,39FW,blackWater,
2027,,renegade,valencia,39FW,propaneLbs,
2027,,renegade,valencia,39FW,propaneGal,
2027,,renegade,valencia,39FW,waterHeaterGal,
2027,,renegade,valencia,39FW,cargoLbs,
2027,,renegade,valencia,39FW,garageLengthFt,
2027,,renegade,valencia,39FW,garageWidthFt,
2027,,renegade,valencia,39FW,garageHeightIn,
2027,,renegade,valencia,39FW,garageCapacityLbs,
2027,,renegade,valencia,39FW,rampPatioLbs,
2027,,renegade,valencia,39FW,fuelStationGal,
2027,,renegade,valencia,39FW,axles,
2027,,renegade,valencia,39FW,tireSize,
2027,,renegade,valencia,39FW,slideouts,
2027,,renegade,valencia,39RB,uvwLbs,
2027,,renegade,valencia,39RB,length,
2027,,renegade,valencia,39RB,exteriorHeightIn,
2027,,renegade,valencia,39RB,exteriorWidthIn,
2027,,renegade,valencia,39RB,interiorHeightIn,
2027,,renegade,valencia,39RB,sleeps,
2027,,renegade,valencia,39RB,dryWeightLbs,
2027,,renegade,valencia,39RB,hitchLbs,
2027,,renegade,valencia,39RB,fuelCapacityGal,
2027,,renegade,valencia,39RB,freshWater,
2027,,renegade,valencia,39RB,grayWater,
2027,,renegade,valencia,39RB,blackWater,
2027,,renegade,valencia,39RB,propaneLbs,
2027,,renegade,valencia,39RB,propaneGal,
2027,,renegade,valencia,39RB,waterHeaterGal,
2027,,renegade,valencia,39RB,cargoLbs,
2027,,renegade,valencia,39RB,garageLengthFt,
2027,,renegade,valencia,39RB,garageWidthFt,
2027,,renegade,valencia,39RB,garageHeightIn,
2027,,renegade,valencia,39RB,garageCapacityLbs,
2027,,renegade,valencia,39RB,rampPatioLbs,
2027,,renegade,valencia,39RB,fuelStationGal,
2027,,renegade,valencia,39RB,axles,
2027,,renegade,valencia,39RB,tireSize,
2027,,renegade,valencia,39RB,slideouts,
2027,,renegade,veracruz,30VRM,uvwLbs,
2027,,renegade,veracruz,30VRM,length,
2027,,renegade,veracruz,30VRM,exteriorHeightIn,
2027,,renegade,veracruz,30VRM,exteriorWidthIn,
2027,,renegade,veracruz,30VRM,interiorHeightIn,
2027,,renegade,veracruz,30VRM,sleeps,
2027,,renegade,veracruz,30VRM,dryWeightLbs,
2027,,renegade,veracruz,30VRM,hitchLbs,
2027,,renegade,veracruz,30VRM,fuelCapacityGal,
2027,,renegade,veracruz,30VRM,freshWater,
2027,,renegade,veracruz,30VRM,grayWater,
2027,,renegade,veracruz,30VRM,blackWater,
2027,,renegade,veracruz,30VRM,propaneLbs,
2027,,renegade,veracruz,30VRM,propaneGal,
2027,,renegade,veracruz,30VRM,waterHeaterGal,
2027,,renegade,veracruz,30VRM,cargoLbs,
2027,,renegade,veracruz,30VRM,garageLengthFt,
2027,,renegade,veracruz,30VRM,garageWidthFt,
2027,,renegade,veracruz,30VRM,garageHeightIn,
2027,,renegade,veracruz,30VRM,garageCapacityLbs,
2027,,renegade,veracruz,30VRM,rampPatioLbs,
2027,,renegade,veracruz,30VRM,fuelStationGal,
2027,,renegade,veracruz,30VRM,axles,
2027,,renegade,veracruz,30VRM,tireSize,
2027,,renegade,veracruz,30VRM,slideouts,
2027,,renegade,veracruz,33VDS,uvwLbs,
2027,,renegade,veracruz,33VDS,length,
2027,,renegade,veracruz,33VDS,exteriorHeightIn,
2027,,renegade,veracruz,33VDS,exteriorWidthIn,
2027,,renegade,veracruz,33VDS,interiorHeightIn,
2027,,renegade,veracruz,33VDS,sleeps,
2027,,renegade,veracruz,33VDS,dryWeightLbs,
2027,,renegade,veracruz,33VDS,hitchLbs,
2027,,renegade,veracruz,33VDS,fuelCapacityGal,
2027,,renegade,veracruz,33VDS,freshWater,
2027,,renegade,veracruz,33VDS,grayWater,
2027,,renegade,veracruz,33VDS,blackWater,
2027,,renegade,veracruz,33VDS,propaneLbs,
2027,,renegade,veracruz,33VDS,propaneGal,
2027,,renegade,veracruz,33VDS,waterHeaterGal,
2027,,renegade,veracruz,33VDS,cargoLbs,
2027,,renegade,veracruz,33VDS,garageLengthFt,
2027,,renegade,veracruz,33VDS,garageWidthFt,
2027,,renegade,veracruz,33VDS,garageHeightIn,
2027,,renegade,veracruz,33VDS,garageCapacityLbs,
2027,,renegade,veracruz,33VDS,rampPatioLbs,
2027,,renegade,veracruz,33VDS,fuelStationGal,
2027,,renegade,veracruz,33VDS,axles,
2027,,renegade,veracruz,33VDS,tireSize,
2027,,renegade,veracruz,33VDS,slideouts,
2027,,renegade,veracruz,33VRS,uvwLbs,
2027,,renegade,veracruz,33VRS,length,
2027,,renegade,veracruz,33VRS,exteriorHeightIn,
2027,,renegade,veracruz,33VRS,exteriorWidthIn,
2027,,renegade,veracruz,33VRS,interiorHeightIn,
2027,,renegade,veracruz,33VRS,sleeps,
2027,,renegade,veracruz,33VRS,dryWeightLbs,
2027,,renegade,veracruz,33VRS,hitchLbs,
2027,,renegade,veracruz,33VRS,fuelCapacityGal,
2027,,renegade,veracruz,33VRS,freshWater,
2027,,renegade,veracruz,33VRS,grayWater,
2027,,renegade,veracruz,33VRS,blackWater,
2027,,renegade,veracruz,33VRS,propaneLbs,
2027,,renegade,veracruz,33VRS,propaneGal,
2027,,renegade,veracruz,33VRS,waterHeaterGal,
2027,,renegade,veracruz,33VRS,cargoLbs,
2027,,renegade,veracruz,33VRS,garageLengthFt,
2027,,renegade,veracruz,33VRS,garageWidthFt,
2027,,renegade,veracruz,33VRS,garageHeightIn,
2027,,renegade,veracruz,33VRS,garageCapacityLbs,
2027,,renegade,veracruz,33VRS,rampPatioLbs,
2027,,renegade,veracruz,33VRS,fuelStationGal,
2027,,renegade,veracruz,33VRS,axles,
2027,,renegade,veracruz,33VRS,tireSize,
2027,,renegade,veracruz,33VRS,slideouts,
2027,,renegade,verona,36VSB,uvwLbs,
2027,,renegade,verona,36VSB,length,
2027,,renegade,verona,36VSB,exteriorHeightIn,
2027,,renegade,verona,36VSB,exteriorWidthIn,
2027,,renegade,verona,36VSB,interiorHeightIn,
2027,,renegade,verona,36VSB,sleeps,
2027,,renegade,verona,36VSB,dryWeightLbs,
2027,,renegade,verona,36VSB,hitchLbs,
2027,,renegade,verona,36VSB,fuelCapacityGal,
2027,,renegade,verona,36VSB,freshWater,
2027,,renegade,verona,36VSB,grayWater,
2027,,renegade,verona,36VSB,blackWater,
2027,,renegade,verona,36VSB,propaneLbs,
2027,,renegade,verona,36VSB,propaneGal,
2027,,renegade,verona,36VSB,waterHeaterGal,
2027,,renegade,verona,36VSB,cargoLbs,
2027,,renegade,verona,36VSB,garageLengthFt,
2027,,renegade,verona,36VSB,garageWidthFt,
2027,,renegade,verona,36VSB,garageHeightIn,
2027,,renegade,verona,36VSB,garageCapacityLbs,
2027,,renegade,verona,36VSB,rampPatioLbs,
2027,,renegade,verona,36VSB,fuelStationGal,
2027,,renegade,verona,36VSB,axles,
2027,,renegade,verona,36VSB,tireSize,
2027,,renegade,verona,36VSB,slideouts,
2027,,renegade,verona,40VTB,uvwLbs,
2027,,renegade,verona,40VTB,length,
2027,,renegade,verona,40VTB,exteriorHeightIn,
2027,,renegade,verona,40VTB,exteriorWidthIn,
2027,,renegade,verona,40VTB,interiorHeightIn,
2027,,renegade,verona,40VTB,sleeps,
2027,,renegade,verona,40VTB,dryWeightLbs,
2027,,renegade,verona,40VTB,hitchLbs,
2027,,renegade,verona,40VTB,fuelCapacityGal,
2027,,renegade,verona,40VTB,freshWater,
2027,,renegade,verona,40VTB,grayWater,
2027,,renegade,verona,40VTB,blackWater,
2027,,renegade,verona,40VTB,propaneLbs,
2027,,renegade,verona,40VTB,propaneGal,
2027,,renegade,verona,40VTB,waterHeaterGal,
2027,,renegade,verona,40VTB,cargoLbs,
2027,,renegade,verona,40VTB,garageLengthFt,
2027,,renegade,verona,40VTB,garageWidthFt,
2027,,renegade,verona,40VTB,garageHeightIn,
2027,,renegade,verona,40VTB,garageCapacityLbs,
2027,,renegade,verona,40VTB,rampPatioLbs,
2027,,renegade,verona,40VTB,fuelStationGal,
2027,,renegade,verona,40VTB,axles,
2027,,renegade,verona,40VTB,tireSize,
2027,,renegade,verona,40VTB,slideouts,
2027,,renegade,verona,40VTR,uvwLbs,
2027,,renegade,verona,40VTR,length,
2027,,renegade,verona,40VTR,exteriorHeightIn,
2027,,renegade,verona,40VTR,exteriorWidthIn,
2027,,renegade,verona,40VTR,interiorHeightIn,
2027,,renegade,verona,40VTR,sleeps,
2027,,renegade,verona,40VTR,dryWeightLbs,
2027,,renegade,verona,40VTR,hitchLbs,
2027,,renegade,verona,40VTR,fuelCapacityGal,
2027,,renegade,verona,40VTR,freshWater,
2027,,renegade,verona,40VTR,grayWater,
2027,,renegade,verona,40VTR,blackWater,
2027,,renegade,verona,40VTR,propaneLbs,
2027,,renegade,verona,40VTR,propaneGal,
2027,,renegade,verona,40VTR,waterHeaterGal,
2027,,renegade,verona,40VTR,cargoLbs,
2027,,renegade,verona,40VTR,garageLengthFt,
2027,,renegade,verona,40VTR,garageWidthFt,
2027,,renegade,verona,40VTR,garageHeightIn,
2027,,renegade,verona,40VTR,garageCapacityLbs,
2027,,renegade,verona,40VTR,rampPatioLbs,
2027,,renegade,verona,40VTR,fuelStationGal,
2027,,renegade,verona,40VTR,axles,
2027,,renegade,verona,40VTR,tireSize,
2027,,renegade,verona,40VTR,slideouts,
2027,,renegade,verona,40VTS,uvwLbs,
2027,,renegade,verona,40VTS,length,
2027,,renegade,verona,40VTS,exteriorHeightIn,
2027,,renegade,verona,40VTS,exteriorWidthIn,
2027,,renegade,verona,40VTS,interiorHeightIn,
2027,,renegade,verona,40VTS,sleeps,
2027,,renegade,verona,40VTS,dryWeightLbs,
2027,,renegade,verona,40VTS,hitchLbs,
2027,,renegade,verona,40VTS,fuelCapacityGal,
2027,,renegade,verona,40VTS,freshWater,
2027,,renegade,verona,40VTS,grayWater,
2027,,renegade,verona,40VTS,blackWater,
2027,,renegade,verona,40VTS,propaneLbs,
2027,,renegade,verona,40VTS,propaneGal,
2027,,renegade,verona,40VTS,waterHeaterGal,
2027,,renegade,verona,40VTS,cargoLbs,
2027,,renegade,verona,40VTS,garageLengthFt,
2027,,renegade,verona,40VTS,garageWidthFt,
2027,,renegade,verona,40VTS,garageHeightIn,
2027,,renegade,verona,40VTS,garageCapacityLbs,
2027,,renegade,verona,40VTS,rampPatioLbs,
2027,,renegade,verona,40VTS,fuelStationGal,
2027,,renegade,verona,40VTS,axles,
2027,,renegade,verona,40VTS,tireSize,
2027,,renegade,verona,40VTS,slideouts,
,2020-2026,roadtrek,zion,SLUMBER,sleeps,
,2020-2026,roadtrek,zion,SLUMBER,dryWeightLbs,
,2020-2026,roadtrek,zion,SLUMBER,fuelCapacityGal,
,2020-2026,roadtrek,zion,SLUMBER,blackWater,
,2020-2026,roadtrek,zion,SLUMBER,propaneLbs,
,2020-2026,roadtrek,zion,SLUMBER,propaneGal,
,2020-2026,roadtrek,zion,SLUMBER,waterHeaterGal,
,2020-2026,roadtrek,zion,SLUMBER,cargoLbs,
,2020-2026,roadtrek,zion,SLUMBER,garageLengthFt,
,2020-2026,roadtrek,zion,SLUMBER,garageWidthFt,
,2020-2026,roadtrek,zion,SLUMBER,garageHeightIn,
,2020-2026,roadtrek,zion,SLUMBER,garageCapacityLbs,
,2020-2026,roadtrek,zion,SLUMBER,rampPatioLbs,
,2020-2026,roadtrek,zion,SLUMBER,fuelStationGal,
,2020-2026,roadtrek,zion,SLUMBER,axles,
,2020-2026,roadtrek,zion,SLUMBER,tireSize,
,2020-2026,roadtrek,zion,SLUMBER,slideouts,
,2020-2026,storyteller,mode,144,sleeps,
,2020-2026,storyteller,mode,144,dryWeightLbs,
,2020-2026,storyteller,mode,144,fuelCapacityGal,
,2020-2026,storyteller,mode,144,blackWater,
,2020-2026,storyteller,mode,144,propaneLbs,
,2020-2026,storyteller,mode,144,propaneGal,
,2020-2026,storyteller,mode,144,waterHeaterGal,
,2020-2026,storyteller,mode,144,cargoLbs,
,2020-2026,storyteller,mode,144,garageLengthFt,
,2020-2026,storyteller,mode,144,garageWidthFt,
,2020-2026,storyteller,mode,144,garageHeightIn,
,2020-2026,storyteller,mode,144,garageCapacityLbs,
,2020-2026,storyteller,mode,144,rampPatioLbs,
,2020-2026,storyteller,mode,144,fuelStationGal,
,2020-2026,storyteller,mode,144,axles,
,2020-2026,storyteller,mode,144,tireSize,
,2020-2026,storyteller,mode,144,slideouts,
,2020-2026,storyteller,mode,170,sleeps,
,2020-2026,storyteller,mode,170,dryWeightLbs,
,2020-2026,storyteller,mode,170,fuelCapacityGal,
,2020-2026,storyteller,mode,170,blackWater,
,2020-2026,storyteller,mode,170,propaneLbs,
,2020-2026,storyteller,mode,170,propaneGal,
,2020-2026,storyteller,mode,170,waterHeaterGal,
,2020-2026,storyteller,mode,170,cargoLbs,
,2020-2026,storyteller,mode,170,garageLengthFt,
,2020-2026,storyteller,mode,170,garageWidthFt,
,2020-2026,storyteller,mode,170,garageHeightIn,
,2020-2026,storyteller,mode,170,garageCapacityLbs,
,2020-2026,storyteller,mode,170,rampPatioLbs,
,2020-2026,storyteller,mode,170,fuelStationGal,
,2020-2026,storyteller,mode,170,axles,
,2020-2026,storyteller,mode,170,tireSize,
,2020-2026,storyteller,mode,170,slideouts,
2024,,sunset park,sun lite,21TH,gvwrLbs,
2024,,sunset park,sun lite,21TH,sleeps,
2024,,sunset park,sun lite,21TH,dryWeightLbs,
2024,,sunset park,sun lite,21TH,fuelCapacityGal,
2024,,sunset park,sun lite,21TH,propaneGal,
2024,,sunset park,sun lite,21TH,waterHeaterGal,
2024,,sunset park,sun lite,21TH,cargoLbs,
2024,,sunset park,sun lite,21TH,garageLengthFt,
2024,,sunset park,sun lite,21TH,garageWidthFt,
2024,,sunset park,sun lite,21TH,garageHeightIn,
2024,,sunset park,sun lite,21TH,garageCapacityLbs,
2024,,sunset park,sun lite,21TH,rampPatioLbs,
2024,,sunset park,sun lite,21TH,fuelStationGal,
2024,,sunset park,sun lite,21TH,axles,
2024,,sunset park,sun lite,21TH,tireSize,
2024,,sunset park,sun lite,21TH,slideouts,
,2023-2027,thor,ace,29D,uvwLbs,
,2023-2027,thor,ace,29D,length,
,2023-2027,thor,ace,29D,exteriorHeightIn,
,2023-2027,thor,ace,29D,exteriorWidthIn,
,2023-2027,thor,ace,29D,interiorHeightIn,
,2023-2027,thor,ace,29D,sleeps,
,2023-2027,thor,ace,29D,dryWeightLbs,
,2023-2027,thor,ace,29D,hitchLbs,
,2023-2027,thor,ace,29D,fuelCapacityGal,
,2023-2027,thor,ace,29D,freshWater,
,2023-2027,thor,ace,29D,grayWater,
,2023-2027,thor,ace,29D,blackWater,
,2023-2027,thor,ace,29D,propaneLbs,
,2023-2027,thor,ace,29D,propaneGal,
,2023-2027,thor,ace,29D,waterHeaterGal,
,2023-2027,thor,ace,29D,cargoLbs,
,2023-2027,thor,ace,29D,garageLengthFt,
,2023-2027,thor,ace,29D,garageWidthFt,
,2023-2027,thor,ace,29D,garageHeightIn,
,2023-2027,thor,ace,29D,garageCapacityLbs,
,2023-2027,thor,ace,29D,rampPatioLbs,
,2023-2027,thor,ace,29D,fuelStationGal,
,2023-2027,thor,ace,29D,axles,
,2023-2027,thor,ace,29D,tireSize,
,2023-2027,thor,ace,29D,slideouts,
,2023-2027,thor,ace,29G,uvwLbs,
,2023-2027,thor,ace,29G,length,
,2023-2027,thor,ace,29G,exteriorHeightIn,
,2023-2027,thor,ace,29G,exteriorWidthIn,
,2023-2027,thor,ace,29G,interiorHeightIn,
,2023-2027,thor,ace,29G,sleeps,
,2023-2027,thor,ace,29G,dryWeightLbs,
,2023-2027,thor,ace,29G,hitchLbs,
,2023-2027,thor,ace,29G,fuelCapacityGal,
,2023-2027,thor,ace,29G,freshWater,
,2023-2027,thor,ace,29G,grayWater,
,2023-2027,thor,ace,29G,blackWater,
,2023-2027,thor,ace,29G,propaneLbs,
,2023-2027,thor,ace,29G,propaneGal,
,2023-2027,thor,ace,29G,waterHeaterGal,
,2023-2027,thor,ace,29G,cargoLbs,
,2023-2027,thor,ace,29G,garageLengthFt,
,2023-2027,thor,ace,29G,garageWidthFt,
,2023-2027,thor,ace,29G,garageHeightIn,
,2023-2027,thor,ace,29G,garageCapacityLbs,
,2023-2027,thor,ace,29G,rampPatioLbs,
,2023-2027,thor,ace,29G,fuelStationGal,
,2023-2027,thor,ace,29G,axles,
,2023-2027,thor,ace,29G,tireSize,
,2023-2027,thor,ace,29G,slideouts,
,2023-2027,thor,ace,30C,uvwLbs,
,2023-2027,thor,ace,30C,length,
,2023-2027,thor,ace,30C,exteriorHeightIn,
,2023-2027,thor,ace,30C,exteriorWidthIn,
,2023-2027,thor,ace,30C,interiorHeightIn,
,2023-2027,thor,ace,30C,sleeps,
,2023-2027,thor,ace,30C,dryWeightLbs,
,2023-2027,thor,ace,30C,hitchLbs,
,2023-2027,thor,ace,30C,fuelCapacityGal,
,2023-2027,thor,ace,30C,freshWater,
,2023-2027,thor,ace,30C,grayWater,
,2023-2027,thor,ace,30C,blackWater,
,2023-2027,thor,ace,30C,propaneLbs,
,2023-2027,thor,ace,30C,propaneGal,
,2023-2027,thor,ace,30C,waterHeaterGal,
,2023-2027,thor,ace,30C,cargoLbs,
,2023-2027,thor,ace,30C,garageLengthFt,
,2023-2027,thor,ace,30C,garageWidthFt,
,2023-2027,thor,ace,30C,garageHeightIn,
,2023-2027,thor,ace,30C,garageCapacityLbs,
,2023-2027,thor,ace,30C,rampPatioLbs,
,2023-2027,thor,ace,30C,fuelStationGal,
,2023-2027,thor,ace,30C,axles,
,2023-2027,thor,ace,30C,tireSize,
,2023-2027,thor,ace,30C,slideouts,
,2023-2027,thor,ace,32B,uvwLbs,
,2023-2027,thor,ace,32B,length,
,2023-2027,thor,ace,32B,exteriorHeightIn,
,2023-2027,thor,ace,32B,exteriorWidthIn,
,2023-2027,thor,ace,32B,interiorHeightIn,
,2023-2027,thor,ace,32B,sleeps,
,2023-2027,thor,ace,32B,dryWeightLbs,
,2023-2027,thor,ace,32B,hitchLbs,
,2023-2027,thor,ace,32B,fuelCapacityGal,
,2023-2027,thor,ace,32B,freshWater,
,2023-2027,thor,ace,32B,grayWater,
,2023-2027,thor,ace,32B,blackWater,
,2023-2027,thor,ace,32B,propaneLbs,
,2023-2027,thor,ace,32B,propaneGal,
,2023-2027,thor,ace,32B,waterHeaterGal,
,2023-2027,thor,ace,32B,cargoLbs,
,2023-2027,thor,ace,32B,garageLengthFt,
,2023-2027,thor,ace,32B,garageWidthFt,
,2023-2027,thor,ace,32B,garageHeightIn,
,2023-2027,thor,ace,32B,garageCapacityLbs,
,2023-2027,thor,ace,32B,rampPatioLbs,
,2023-2027,thor,ace,32B,fuelStationGal,
,2023-2027,thor,ace,32B,axles,
,2023-2027,thor,ace,32B,tireSize,
,2023-2027,thor,ace,32B,slideouts,
2027,,thor,aria,3702,uvwLbs,
2027,,thor,aria,3702,length,
2027,,thor,aria,3702,exteriorHeightIn,
2027,,thor,aria,3702,exteriorWidthIn,
2027,,thor,aria,3702,interiorHeightIn,
2027,,thor,aria,3702,sleeps,
2027,,thor,aria,3702,dryWeightLbs,
2027,,thor,aria,3702,hitchLbs,
2027,,thor,aria,3702,fuelCapacityGal,
2027,,thor,aria,3702,freshWater,
2027,,thor,aria,3702,grayWater,
2027,,thor,aria,3702,blackWater,
2027,,thor,aria,3702,propaneLbs,
2027,,thor,aria,3702,propaneGal,
2027,,thor,aria,3702,waterHeaterGal,
2027,,thor,aria,3702,cargoLbs,
2027,,thor,aria,3702,garageLengthFt,
2027,,thor,aria,3702,garageWidthFt,
2027,,thor,aria,3702,garageHeightIn,
2027,,thor,aria,3702,garageCapacityLbs,
2027,,thor,aria,3702,rampPatioLbs,
2027,,thor,aria,3702,fuelStationGal,
2027,,thor,aria,3702,axles,
2027,,thor,aria,3702,tireSize,
2027,,thor,aria,3702,slideouts,
2027,,thor,aria,3901,uvwLbs,
2027,,thor,aria,3901,length,
2027,,thor,aria,3901,exteriorHeightIn,
2027,,thor,aria,3901,exteriorWidthIn,
2027,,thor,aria,3901,interiorHeightIn,
2027,,thor,aria,3901,sleeps,
2027,,thor,aria,3901,dryWeightLbs,
2027,,thor,aria,3901,hitchLbs,
2027,,thor,aria,3901,fuelCapacityGal,
2027,,thor,aria,3901,freshWater,
2027,,thor,aria,3901,grayWater,
2027,,thor,aria,3901,blackWater,
2027,,thor,aria,3901,propaneLbs,
2027,,thor,aria,3901,propaneGal,
2027,,thor,aria,3901,waterHeaterGal,
2027,,thor,aria,3901,cargoLbs,
2027,,thor,aria,3901,garageLengthFt,
2027,,thor,aria,3901,garageWidthFt,
2027,,thor,aria,3901,garageHeightIn,
2027,,thor,aria,3901,garageCapacityLbs,
2027,,thor,aria,3901,rampPatioLbs,
2027,,thor,aria,3901,fuelStationGal,
2027,,thor,aria,3901,axles,
2027,,thor,aria,3901,tireSize,
2027,,thor,aria,3901,slideouts,
2027,,thor,aria,4000,uvwLbs,
2027,,thor,aria,4000,length,
2027,,thor,aria,4000,exteriorHeightIn,
2027,,thor,aria,4000,exteriorWidthIn,
2027,,thor,aria,4000,interiorHeightIn,
2027,,thor,aria,4000,sleeps,
2027,,thor,aria,4000,dryWeightLbs,
2027,,thor,aria,4000,hitchLbs,
2027,,thor,aria,4000,fuelCapacityGal,
2027,,thor,aria,4000,freshWater,
2027,,thor,aria,4000,grayWater,
2027,,thor,aria,4000,blackWater,
2027,,thor,aria,4000,propaneLbs,
2027,,thor,aria,4000,propaneGal,
2027,,thor,aria,4000,waterHeaterGal,
2027,,thor,aria,4000,cargoLbs,
2027,,thor,aria,4000,garageLengthFt,
2027,,thor,aria,4000,garageWidthFt,
2027,,thor,aria,4000,garageHeightIn,
2027,,thor,aria,4000,garageCapacityLbs,
2027,,thor,aria,4000,rampPatioLbs,
2027,,thor,aria,4000,fuelStationGal,
2027,,thor,aria,4000,axles,
2027,,thor,aria,4000,tireSize,
2027,,thor,aria,4000,slideouts,
,2020-2026,thor,axis,24.1,sleeps,
,2020-2026,thor,axis,24.1,dryWeightLbs,
,2020-2026,thor,axis,24.1,fuelCapacityGal,
,2020-2026,thor,axis,24.1,propaneLbs,
,2020-2026,thor,axis,24.1,propaneGal,
,2020-2026,thor,axis,24.1,waterHeaterGal,
,2020-2026,thor,axis,24.1,cargoLbs,
,2020-2026,thor,axis,24.1,garageLengthFt,
,2020-2026,thor,axis,24.1,garageWidthFt,
,2020-2026,thor,axis,24.1,garageHeightIn,
,2020-2026,thor,axis,24.1,garageCapacityLbs,
,2020-2026,thor,axis,24.1,rampPatioLbs,
,2020-2026,thor,axis,24.1,fuelStationGal,
,2020-2026,thor,axis,24.1,axles,
,2020-2026,thor,axis,24.1,tireSize,
,2020-2026,thor,axis,24.1,slideouts,
,2026-2027,thor,axis,24.1,uvwLbs,
,2026-2027,thor,axis,24.1,length,
,2026-2027,thor,axis,24.1,exteriorHeightIn,
,2026-2027,thor,axis,24.1,exteriorWidthIn,
,2026-2027,thor,axis,24.1,interiorHeightIn,
,2026-2027,thor,axis,24.1,sleeps,
,2026-2027,thor,axis,24.1,dryWeightLbs,
,2026-2027,thor,axis,24.1,hitchLbs,
,2026-2027,thor,axis,24.1,fuelCapacityGal,
,2026-2027,thor,axis,24.1,freshWater,
,2026-2027,thor,axis,24.1,grayWater,
,2026-2027,thor,axis,24.1,blackWater,
,2026-2027,thor,axis,24.1,propaneLbs,
,2026-2027,thor,axis,24.1,propaneGal,
,2026-2027,thor,axis,24.1,waterHeaterGal,
,2026-2027,thor,axis,24.1,cargoLbs,
,2026-2027,thor,axis,24.1,garageLengthFt,
,2026-2027,thor,axis,24.1,garageWidthFt,
,2026-2027,thor,axis,24.1,garageHeightIn,
,2026-2027,thor,axis,24.1,garageCapacityLbs,
,2026-2027,thor,axis,24.1,rampPatioLbs,
,2026-2027,thor,axis,24.1,fuelStationGal,
,2026-2027,thor,axis,24.1,axles,
,2026-2027,thor,axis,24.1,tireSize,
,2026-2027,thor,axis,24.1,slideouts,
,2026-2027,thor,axis,26.1,uvwLbs,
,2026-2027,thor,axis,26.1,length,
,2026-2027,thor,axis,26.1,exteriorHeightIn,
,2026-2027,thor,axis,26.1,exteriorWidthIn,
,2026-2027,thor,axis,26.1,interiorHeightIn,
,2026-2027,thor,axis,26.1,sleeps,
,2026-2027,thor,axis,26.1,dryWeightLbs,
,2026-2027,thor,axis,26.1,hitchLbs,
,2026-2027,thor,axis,26.1,fuelCapacityGal,
,2026-2027,thor,axis,26.1,freshWater,
,2026-2027,thor,axis,26.1,grayWater,
,2026-2027,thor,axis,26.1,blackWater,
,2026-2027,thor,axis,26.1,propaneLbs,
,2026-2027,thor,axis,26.1,propaneGal,
,2026-2027,thor,axis,26.1,waterHeaterGal,
,2026-2027,thor,axis,26.1,cargoLbs,
,2026-2027,thor,axis,26.1,garageLengthFt,
,2026-2027,thor,axis,26.1,garageWidthFt,
,2026-2027,thor,axis,26.1,garageHeightIn,
,2026-2027,thor,axis,26.1,garageCapacityLbs,
,2026-2027,thor,axis,26.1,rampPatioLbs,
,2026-2027,thor,axis,26.1,fuelStationGal,
,2026-2027,thor,axis,26.1,axles,
,2026-2027,thor,axis,26.1,tireSize,
,2026-2027,thor,axis,26.1,slideouts,
,2026-2027,thor,axis,26.2,uvwLbs,
,2026-2027,thor,axis,26.2,length,
,2026-2027,thor,axis,26.2,exteriorHeightIn,
,2026-2027,thor,axis,26.2,exteriorWidthIn,
,2026-2027,thor,axis,26.2,interiorHeightIn,
,2026-2027,thor,axis,26.2,sleeps,
,2026-2027,thor,axis,26.2,dryWeightLbs,
,2026-2027,thor,axis,26.2,hitchLbs,
,2026-2027,thor,axis,26.2,fuelCapacityGal,
,2026-2027,thor,axis,26.2,freshWater,
,2026-2027,thor,axis,26.2,grayWater,
,2026-2027,thor,axis,26.2,blackWater,
,2026-2027,thor,axis,26.2,propaneLbs,
,2026-2027,thor,axis,26.2,propaneGal,
,2026-2027,thor,axis,26.2,waterHeaterGal,
,2026-2027,thor,axis,26.2,cargoLbs,
,2026-2027,thor,axis,26.2,garageLengthFt,
,2026-2027,thor,axis,26.2,garageWidthFt,
,2026-2027,thor,axis,26.2,garageHeightIn,
,2026-2027,thor,axis,26.2,garageCapacityLbs,
,2026-2027,thor,axis,26.2,rampPatioLbs,
,2026-2027,thor,axis,26.2,fuelStationGal,
,2026-2027,thor,axis,26.2,axles,
,2026-2027,thor,axis,26.2,tireSize,
,2026-2027,thor,axis,26.2,slideouts,
,2020-2026,thor,axis,28.1,sleeps,
,2020-2026,thor,axis,28.1,dryWeightLbs,
,2020-2026,thor,axis,28.1,fuelCapacityGal,
,2020-2026,thor,axis,28.1,propaneLbs,
,2020-2026,thor,axis,28.1,propaneGal,
,2020-2026,thor,axis,28.1,waterHeaterGal,
,2020-2026,thor,axis,28.1,cargoLbs,
,2020-2026,thor,axis,28.1,garageLengthFt,
,2020-2026,thor,axis,28.1,garageWidthFt,
,2020-2026,thor,axis,28.1,garageHeightIn,
,2020-2026,thor,axis,28.1,garageCapacityLbs,
,2020-2026,thor,axis,28.1,rampPatioLbs,
,2020-2026,thor,axis,28.1,fuelStationGal,
,2020-2026,thor,axis,28.1,axles,
,2020-2026,thor,axis,28.1,tireSize,
,2020-2026,thor,axis,28.1,slideouts,
,2026-2027,thor,axis,28.1,uvwLbs,
,2026-2027,thor,axis,28.1,length,
,2026-2027,thor,axis,28.1,exteriorHeightIn,
,2026-2027,thor,axis,28.1,exteriorWidthIn,
,2026-2027,thor,axis,28.1,interiorHeightIn,
,2026-2027,thor,axis,28.1,sleeps,
,2026-2027,thor,axis,28.1,dryWeightLbs,
,2026-2027,thor,axis,28.1,hitchLbs,
,2026-2027,thor,axis,28.1,fuelCapacityGal,
,2026-2027,thor,axis,28.1,freshWater,
,2026-2027,thor,axis,28.1,grayWater,
,2026-2027,thor,axis,28.1,blackWater,
,2026-2027,thor,axis,28.1,propaneLbs,
,2026-2027,thor,axis,28.1,propaneGal,
,2026-2027,thor,axis,28.1,waterHeaterGal,
,2026-2027,thor,axis,28.1,cargoLbs,
,2026-2027,thor,axis,28.1,garageLengthFt,
,2026-2027,thor,axis,28.1,garageWidthFt,
,2026-2027,thor,axis,28.1,garageHeightIn,
,2026-2027,thor,axis,28.1,garageCapacityLbs,
,2026-2027,thor,axis,28.1,rampPatioLbs,
,2026-2027,thor,axis,28.1,fuelStationGal,
,2026-2027,thor,axis,28.1,axles,
,2026-2027,thor,axis,28.1,tireSize,
,2026-2027,thor,axis,28.1,slideouts,
,2026-2027,thor,chateau sprinter,24LT,uvwLbs,
,2026-2027,thor,chateau sprinter,24LT,length,
,2026-2027,thor,chateau sprinter,24LT,exteriorHeightIn,
,2026-2027,thor,chateau sprinter,24LT,exteriorWidthIn,
,2026-2027,thor,chateau sprinter,24LT,interiorHeightIn,
,2026-2027,thor,chateau sprinter,24LT,sleeps,
,2026-2027,thor,chateau sprinter,24LT,dryWeightLbs,
,2026-2027,thor,chateau sprinter,24LT,hitchLbs,
,2026-2027,thor,chateau sprinter,24LT,fuelCapacityGal,
,2026-2027,thor,chateau sprinter,24LT,freshWater,
,2026-2027,thor,chateau sprinter,24LT,grayWater,
,2026-2027,thor,chateau sprinter,24LT,blackWater,
,2026-2027,thor,chateau sprinter,24LT,propaneLbs,
,2026-2027,thor,chateau sprinter,24LT,propaneGal,
,2026-2027,thor,chateau sprinter,24LT,waterHeaterGal,
,2026-2027,thor,chateau sprinter,24LT,cargoLbs,
,2026-2027,thor,chateau sprinter,24LT,garageLengthFt,
,2026-2027,thor,chateau sprinter,24LT,garageWidthFt,
,2026-2027,thor,chateau sprinter,24LT,garageHeightIn,
,2026-2027,thor,chateau sprinter,24LT,garageCapacityLbs,
,2026-2027,thor,chateau sprinter,24LT,rampPatioLbs,
,2026-2027,thor,chateau sprinter,24LT,fuelStationGal,
,2026-2027,thor,chateau sprinter,24LT,axles,
,2026-2027,thor,chateau sprinter,24LT,tireSize,
,2026-2027,thor,chateau sprinter,24LT,slideouts,
,2026-2027,thor,chateau sprinter,24LV,uvwLbs,
,2026-2027,thor,chateau sprinter,24LV,length,
,2026-2027,thor,chateau sprinter,24LV,exteriorHeightIn,
,2026-2027,thor,chateau sprinter,24LV,exteriorWidthIn,
,2026-2027,thor,chateau sprinter,24LV,interiorHeightIn,
,2026-2027,thor,chateau sprinter,24LV,sleeps,
,2026-2027,thor,chateau sprinter,24LV,dryWeightLbs,
,2026-2027,thor,chateau sprinter,24LV,hitchLbs,
,2026-2027,thor,chateau sprinter,24LV,fuelCapacityGal,
,2026-2027,thor,chateau sprinter,24LV,freshWater,
,2026-2027,thor,chateau sprinter,24LV,grayWater,
,2026-2027,thor,chateau sprinter,24LV,blackWater,
,2026-2027,thor,chateau sprinter,24LV,propaneLbs,
,2026-2027,thor,chateau sprinter,24LV,propaneGal,
,2026-2027,thor,chateau sprinter,24LV,waterHeaterGal,
,2026-2027,thor,chateau sprinter,24LV,cargoLbs,
,2026-2027,thor,chateau sprinter,24LV,garageLengthFt,
,2026-2027,thor,chateau sprinter,24LV,garageWidthFt,
,2026-2027,thor,chateau sprinter,24LV,garageHeightIn,
,2026-2027,thor,chateau sprinter,24LV,garageCapacityLbs,
,2026-2027,thor,chateau sprinter,24LV,rampPatioLbs,
,2026-2027,thor,chateau sprinter,24LV,fuelStationGal,
,2026-2027,thor,chateau sprinter,24LV,axles,
,2026-2027,thor,chateau sprinter,24LV,tireSize,
,2026-2027,thor,chateau sprinter,24LV,slideouts,
,2022-2026,thor,chateau,28A,sleeps,
,2022-2026,thor,chateau,28A,dryWeightLbs,
,2022-2026,thor,chateau,28A,fuelCapacityGal,
,2022-2026,thor,chateau,28A,propaneLbs,
,2022-2026,thor,chateau,28A,propaneGal,
,2022-2026,thor,chateau,28A,waterHeaterGal,
,2022-2026,thor,chateau,28A,cargoLbs,
,2022-2026,thor,chateau,28A,garageLengthFt,
,2022-2026,thor,chateau,28A,garageWidthFt,
,2022-2026,thor,chateau,28A,garageHeightIn,
,2022-2026,thor,chateau,28A,garageCapacityLbs,
,2022-2026,thor,chateau,28A,rampPatioLbs,
,2022-2026,thor,chateau,28A,fuelStationGal,
,2022-2026,thor,chateau,28A,axles,
,2022-2026,thor,chateau,28A,tireSize,
,2022-2026,thor,chateau,28A,slideouts,
2027,,thor,chateau,28Z,uvwLbs,
2027,,thor,chateau,28Z,length,
2027,,thor,chateau,28Z,exteriorHeightIn,
2027,,thor,chateau,28Z,exteriorWidthIn,
2027,,thor,chateau,28Z,interiorHeightIn,
2027,,thor,chateau,28Z,sleeps,
2027,,thor,chateau,28Z,dryWeightLbs,
2027,,thor,chateau,28Z,hitchLbs,
2027,,thor,chateau,28Z,fuelCapacityGal,
2027,,thor,chateau,28Z,freshWater,
2027,,thor,chateau,28Z,grayWater,
2027,,thor,chateau,28Z,blackWater,
2027,,thor,chateau,28Z,propaneLbs,
2027,,thor,chateau,28Z,propaneGal,
2027,,thor,chateau,28Z,waterHeaterGal,
2027,,thor,chateau,28Z,cargoLbs,
2027,,thor,chateau,28Z,garageLengthFt,
2027,,thor,chateau,28Z,garageWidthFt,
2027,,thor,chateau,28Z,garageHeightIn,
2027,,thor,chateau,28Z,garageCapacityLbs,
2027,,thor,chateau,28Z,rampPatioLbs,
2027,,thor,chateau,28Z,fuelStationGal,
2027,,thor,chateau,28Z,axles,
2027,,thor,chateau,28Z,tireSize,
2027,,thor,chateau,28Z,slideouts,
2027,,thor,chateau,29K,uvwLbs,
2027,,thor,chateau,29K,length,
2027,,thor,chateau,29K,exteriorHeightIn,
2027,,thor,chateau,29K,exteriorWidthIn,
2027,,thor,chateau,29K,interiorHeightIn,
2027,,thor,chateau,29K,sleeps,
2027,,thor,chateau,29K,dryWeightLbs,
2027,,thor,chateau,29K,hitchLbs,
2027,,thor,chateau,29K,fuelCapacityGal,
2027,,thor,chateau,29K,freshWater,
2027,,thor,chateau,29K,grayWater,
2027,,thor,chateau,29K,blackWater,
2027,,thor,chateau,29K,propaneLbs,
2027,,thor,chateau,29K,propaneGal,
2027,,thor,chateau,29K,waterHeaterGal,
2027,,thor,chateau,29K,cargoLbs,
2027,,thor,chateau,29K,garageLengthFt,
2027,,thor,chateau,29K,garageWidthFt,
2027,,thor,chateau,29K,garageHeightIn,
2027,,thor,chateau,29K,garageCapacityLbs,
2027,,thor,chateau,29K,rampPatioLbs,
2027,,thor,chateau,29K,fuelStationGal,
2027,,thor,chateau,29K,axles,
2027,,thor,chateau,29K,tireSize,
2027,,thor,chateau,29K,slideouts,
2027,,thor,chateau,31E,uvwLbs,
2027,,thor,chateau,31E,length,
2027,,thor,chateau,31E,exteriorHeightIn,
2027,,thor,chateau,31E,exteriorWidthIn,
2027,,thor,chateau,31E,interiorHeightIn,
2027,,thor,chateau,31E,sleeps,
2027,,thor,chateau,31E,dryWeightLbs,
2027,,thor,chateau,31E,hitchLbs,
2027,,thor,chateau,31E,fuelCapacityGal,
2027,,thor,chateau,31E,freshWater,
2027,,thor,chateau,31E,grayWater,
2027,,thor,chateau,31E,blackWater,
2027,,thor,chateau,31E,propaneLbs,
2027,,thor,chateau,31E,propaneGal,
2027,,thor,chateau,31E,waterHeaterGal,
2027,,thor,chateau,31E,cargoLbs,
2027,,thor,chateau,31E,garageLengthFt,
2027,,thor,chateau,31E,garageWidthFt,
2027,,thor,chateau,31E,garageHeightIn,
2027,,thor,chateau,31E,garageCapacityLbs,
2027,,thor,chateau,31E,rampPatioLbs,
2027,,thor,chateau,31E,fuelStationGal,
2027,,thor,chateau,31E,axles,
2027,,thor,chateau,31E,tireSize,
2027,,thor,chateau,31E,slideouts,
2027,,thor,chateau,31H,uvwLbs,
2027,,thor,chateau,31H,length,
2027,,thor,chateau,31H,exteriorHeightIn,
2027,,thor,chateau,31H,exteriorWidthIn,
2027,,thor,chateau,31H,interiorHeightIn,
2027,,thor,chateau,31H,sleeps,
2027,,thor,chateau,31H,dryWeightLbs,
2027,,thor,chateau,31H,hitchLbs,
2027,,thor,chateau,31H,fuelCapacityGal,
2027,,thor,chateau,31H,freshWater,
2027,,thor,chateau,31H,grayWater,
2027,,thor,chateau,31H,blackWater,
2027,,thor,chateau,31H,propaneLbs,
2027,,thor,chateau,31H,propaneGal,
2027,,thor,chateau,31H,waterHeaterGal,
2027,,thor,chateau,31H,cargoLbs,
2027,,thor,chateau,31H,garageLengthFt,
2027,,thor,chateau,31H,garageWidthFt,
2027,,thor,chateau,31H,garageHeightIn,
2027,,thor,chateau,31H,garageCapacityLbs,
2027,,thor,chateau,31H,rampPatioLbs,
2027,,thor,chateau,31H,fuelStationGal,
2027,,thor,chateau,31H,axles,
2027,,thor,chateau,31H,tireSize,
2027,,thor,chateau,31H,slideouts,
2027,,thor,compass awd,23TW,uvwLbs,
2027,,thor,compass awd,23TW,length,
2027,,thor,compass awd,23TW,exteriorHeightIn,
2027,,thor,compass awd,23TW,exteriorWidthIn,
2027,,thor,compass awd,23TW,interiorHeightIn,
2027,,thor,compass awd,23TW,sleeps,
2027,,thor,compass awd,23TW,dryWeightLbs,
2027,,thor,compass awd,23TW,hitchLbs,
2027,,thor,compass awd,23TW,fuelCapacityGal,
2027,,thor,compass awd,23TW,freshWater,
2027,,thor,compass awd,23TW,grayWater,
2027,,thor,compass awd,23TW,blackWater,
2027,,thor,compass awd,23TW,propaneLbs,
2027,,thor,compass awd,23TW,propaneGal,
2027,,thor,compass awd,23TW,waterHeaterGal,
2027,,thor,compass awd,23TW,cargoLbs,
2027,,thor,compass awd,23TW,garageLengthFt,
2027,,thor,compass awd,23TW,garageWidthFt,
2027,,thor,compass awd,23TW,garageHeightIn,
2027,,thor,compass awd,23TW,garageCapacityLbs,
2027,,thor,compass awd,23TW,rampPatioLbs,
2027,,thor,compass awd,23TW,fuelStationGal,
2027,,thor,compass awd,23TW,axles,
2027,,thor,compass awd,23TW,tireSize,
2027,,thor,compass awd,23TW,slideouts,
2027,,thor,compass awd,24JG,uvwLbs,
2027,,thor,compass awd,24JG,length,
2027,,thor,compass awd,24JG,exteriorHeightIn,
2027,,thor,compass awd,24JG,exteriorWidthIn,
2027,,thor,compass awd,24JG,interiorHeightIn,
2027,,thor,compass awd,24JG,sleeps,
2027,,thor,compass awd,24JG,dryWeightLbs,
2027,,thor,compass awd,24JG,hitchLbs,
2027,,thor,compass awd,24JG,fuelCapacityGal,
2027,,thor,compass awd,24JG,freshWater,
2027,,thor,compass awd,24JG,grayWater,
2027,,thor,compass awd,24JG,blackWater,
2027,,thor,compass awd,24JG,propaneLbs,
2027,,thor,compass awd,24JG,propaneGal,
2027,,thor,compass awd,24JG,waterHeaterGal,
2027,,thor,compass awd,24JG,cargoLbs,
2027,,thor,compass awd,24JG,garageLengthFt,
2027,,thor,compass awd,24JG,garageWidthFt,
2027,,thor,compass awd,24JG,garageHeightIn,
2027,,thor,compass awd,24JG,garageCapacityLbs,
2027,,thor,compass awd,24JG,rampPatioLbs,
2027,,thor,compass awd,24JG,fuelStationGal,
2027,,thor,compass awd,24JG,axles,
2027,,thor,compass awd,24JG,tireSize,
2027,,thor,compass awd,24JG,slideouts,
2027,,thor,compass awd,24KB,uvwLbs,
2027,,thor,compass awd,24KB,length,
2027,,thor,compass awd,24KB,exteriorHeightIn,
2027,,thor,compass awd,24KB,exteriorWidthIn,
2027,,thor,compass awd,24KB,interiorHeightIn,
2027,,thor,compass awd,24KB,sleeps,
2027,,thor,compass awd,24KB,dryWeightLbs,
2027,,thor,compass awd,24KB,hitchLbs,
2027,,thor,compass awd,24KB,fuelCapacityGal,
2027,,thor,compass awd,24KB,freshWater,
2027,,thor,compass awd,24KB,grayWater,
2027,,thor,compass awd,24KB,blackWater,
2027,,thor,compass awd,24KB,propaneLbs,
2027,,thor,compass awd,24KB,propaneGal,
2027,,thor,compass awd,24KB,waterHeaterGal,
2027,,thor,compass awd,24KB,cargoLbs,
2027,,thor,compass awd,24KB,garageLengthFt,
2027,,thor,compass awd,24KB,garageWidthFt,
2027,,thor,compass awd,24KB,garageHeightIn,
2027,,thor,compass awd,24KB,garageCapacityLbs,
2027,,thor,compass awd,24KB,rampPatioLbs,
2027,,thor,compass awd,24KB,fuelStationGal,
2027,,thor,compass awd,24KB,axles,
2027,,thor,compass awd,24KB,tireSize,
2027,,thor,compass awd,24KB,slideouts,
2027,,thor,compass go,22MT,uvwLbs,
2027,,thor,compass go,22MT,length,
2027,,thor,compass go,22MT,exteriorHeightIn,
2027,,thor,compass go,22MT,exteriorWidthIn,
2027,,thor,compass go,22MT,interiorHeightIn,
2027,,thor,compass go,22MT,sleeps,
2027,,thor,compass go,22MT,dryWeightLbs,
2027,,thor,compass go,22MT,hitchLbs,
2027,,thor,compass go,22MT,fuelCapacityGal,
2027,,thor,compass go,22MT,freshWater,
2027,,thor,compass go,22MT,grayWater,
2027,,thor,compass go,22MT,blackWater,
2027,,thor,compass go,22MT,propaneLbs,
2027,,thor,compass go,22MT,propaneGal,
2027,,thor,compass go,22MT,waterHeaterGal,
2027,,thor,compass go,22MT,cargoLbs,
2027,,thor,compass go,22MT,garageLengthFt,
2027,,thor,compass go,22MT,garageWidthFt,
2027,,thor,compass go,22MT,garageHeightIn,
2027,,thor,compass go,22MT,garageCapacityLbs,
2027,,thor,compass go,22MT,rampPatioLbs,
2027,,thor,compass go,22MT,fuelStationGal,
2027,,thor,compass go,22MT,axles,
2027,,thor,compass go,22MT,tireSize,
2027,,thor,compass go,22MT,slideouts,
2027,,thor,echelon,HS31,uvwLbs,
2027,,thor,echelon,HS31,length,
2027,,thor,echelon,HS31,exteriorHeightIn,
2027,,thor,echelon,HS31,exteriorWidthIn,
2027,,thor,echelon,HS31,interiorHeightIn,
2027,,thor,echelon,HS31,sleeps,
2027,,thor,echelon,HS31,dryWeightLbs,
2027,,thor,echelon,HS31,hitchLbs,
2027,,thor,echelon,HS31,fuelCapacityGal,
2027,,thor,echelon,HS31,freshWater,
2027,,thor,echelon,HS31,grayWater,
2027,,thor,echelon,HS31,blackWater,
2027,,thor,echelon,HS31,propaneLbs,
2027,,thor,echelon,HS31,propaneGal,
2027,,thor,echelon,HS31,waterHeaterGal,
2027,,thor,echelon,HS31,cargoLbs,
2027,,thor,echelon,HS31,garageLengthFt,
2027,,thor,echelon,HS31,garageWidthFt,
2027,,thor,echelon,HS31,garageHeightIn,
2027,,thor,echelon,HS31,garageCapacityLbs,
2027,,thor,echelon,HS31,rampPatioLbs,
2027,,thor,echelon,HS31,fuelStationGal,
2027,,thor,echelon,HS31,axles,
2027,,thor,echelon,HS31,tireSize,
2027,,thor,echelon,HS31,slideouts,
2027,,thor,echelon,KW29,uvwLbs,
2027,,thor,echelon,KW29,length,
2027,,thor,echelon,KW29,exteriorHeightIn,
2027,,thor,echelon,KW29,exteriorWidthIn,
2027,,thor,echelon,KW29,interiorHeightIn,
2027,,thor,echelon,KW29,sleeps,
2027,,thor,echelon,KW29,dryWeightLbs,
2027,,thor,echelon,KW29,hitchLbs,
2027,,thor,echelon,KW29,fuelCapacityGal,
2027,,thor,echelon,KW29,freshWater,
2027,,thor,echelon,KW29,grayWater,
2027,,thor,echelon,KW29,blackWater,
2027,,thor,echelon,KW29,propaneLbs,
2027,,thor,echelon,KW29,propaneGal,
2027,,thor,echelon,KW29,waterHeaterGal,
2027,,thor,echelon,KW29,cargoLbs,
2027,,thor,echelon,KW29,garageLengthFt,
2027,,thor,echelon,KW29,garageWidthFt,
2027,,thor,echelon,KW29,garageHeightIn,
2027,,thor,echelon,KW29,garageCapacityLbs,
2027,,thor,echelon,KW29,rampPatioLbs,
2027,,thor,echelon,KW29,fuelStationGal,
2027,,thor,echelon,KW29,axles,
2027,,thor,echelon,KW29,tireSize,
2027,,thor,echelon,KW29,slideouts,
2027,,thor,echelon,LC19,uvwLbs,
2027,,thor,echelon,LC19,length,
2027,,thor,echelon,LC19,exteriorHeightIn,
2027,,thor,echelon,LC19,exteriorWidthIn,
2027,,thor,echelon,LC19,interiorHeightIn,
2027,,thor,echelon,LC19,sleeps,
2027,,thor,echelon,LC19,dryWeightLbs,
2027,,thor,echelon,LC19,hitchLbs,
2027,,thor,echelon,LC19,fuelCapacityGal,
2027,,thor,echelon,LC19,freshWater,
2027,,thor,echelon,LC19,grayWater,
2027,,thor,echelon,LC19,blackWater,
2027,,thor,echelon,LC19,propaneLbs,
2027,,thor,echelon,LC19,propaneGal,
2027,,thor,echelon,LC19,waterHeaterGal,
2027,,thor,echelon,LC19,cargoLbs,
2027,,thor,echelon,LC19,garageLengthFt,
2027,,thor,echelon,LC19,garageWidthFt,
2027,,thor,echelon,LC19,garageHeightIn,
2027,,thor,echelon,LC19,garageCapacityLbs,
2027,,thor,echelon,LC19,rampPatioLbs,
2027,,thor,echelon,LC19,fuelStationGal,
2027,,thor,echelon,LC19,axles,
2027,,thor,echelon,LC19,tireSize,
2027,,thor,echelon,LC19,slideouts,
2027,,thor,echelon,LC21,uvwLbs,
2027,,thor,echelon,LC21,length,
2027,,thor,echelon,LC21,exteriorHeightIn,
2027,,thor,echelon,LC21,exteriorWidthIn,
2027,,thor,echelon,LC21,interiorHeightIn,
2027,,thor,echelon,LC21,sleeps,
2027,,thor,echelon,LC21,dryWeightLbs,
2027,,thor,echelon,LC21,hitchLbs,
2027,,thor,echelon,LC21,fuelCapacityGal,
2027,,thor,echelon,LC21,freshWater,
2027,,thor,echelon,LC21,grayWater,
2027,,thor,echelon,LC21,blackWater,
2027,,thor,echelon,LC21,propaneLbs,
2027,,thor,echelon,LC21,propaneGal,
2027,,thor,echelon,LC21,waterHeaterGal,
2027,,thor,echelon,LC21,cargoLbs,
2027,,thor,echelon,LC21,garageLengthFt,
2027,,thor,echelon,LC21,garageWidthFt,
2027,,thor,echelon,LC21,garageHeightIn,
2027,,thor,echelon,LC21,garageCapacityLbs,
2027,,thor,echelon,LC21,rampPatioLbs,
2027,,thor,echelon,LC21,fuelStationGal,
2027,,thor,echelon,LC21,axles,
2027,,thor,echelon,LC21,tireSize,
2027,,thor,echelon,LC21,slideouts,
2027,,thor,echelon,LC28,uvwLbs,
2027,,thor,echelon,LC28,length,
2027,,thor,echelon,LC28,exteriorHeightIn,
2027,,thor,echelon,LC28,exteriorWidthIn,
2027,,thor,echelon,LC28,interiorHeightIn,
2027,,thor,echelon,LC28,sleeps,
2027,,thor,echelon,LC28,dryWeightLbs,
2027,,thor,echelon,LC28,hitchLbs,
2027,,thor,echelon,LC28,fuelCapacityGal,
2027,,thor,echelon,LC28,freshWater,
2027,,thor,echelon,LC28,grayWater,
2027,,thor,echelon,LC28,blackWater,
2027,,thor,echelon,LC28,propaneLbs,
2027,,thor,echelon,LC28,propaneGal,
2027,,thor,echelon,LC28,waterHeaterGal,
2027,,thor,echelon,LC28,cargoLbs,
2027,,thor,echelon,LC28,garageLengthFt,
2027,,thor,echelon,LC28,garageWidthFt,
2027,,thor,echelon,LC28,garageHeightIn,
2027,,thor,echelon,LC28,garageCapacityLbs,
2027,,thor,echelon,LC28,rampPatioLbs,
2027,,thor,echelon,LC28,fuelStationGal,
2027,,thor,echelon,LC28,axles,
2027,,thor,echelon,LC28,tireSize,
2027,,thor,echelon,LC28,slideouts,
2027,,thor,echelon,LF31,uvwLbs,
2027,,thor,echelon,LF31,length,
2027,,thor,echelon,LF31,exteriorHeightIn,
2027,,thor,echelon,LF31,exteriorWidthIn,
2027,,thor,echelon,LF31,interiorHeightIn,
2027,,thor,echelon,LF31,sleeps,
2027,,thor,echelon,LF31,dryWeightLbs,
2027,,thor,echelon,LF31,hitchLbs,
2027,,thor,echelon,LF31,fuelCapacityGal,
2027,,thor,echelon,LF31,freshWater,
2027,,thor,echelon,LF31,grayWater,
2027,,thor,echelon,LF31,blackWater,
2027,,thor,echelon,LF31,propaneLbs,
2027,,thor,echelon,LF31,propaneGal,
2027,,thor,echelon,LF31,waterHeaterGal,
2027,,thor,echelon,LF31,cargoLbs,
2027,,thor,echelon,LF31,garageLengthFt,
2027,,thor,echelon,LF31,garageWidthFt,
2027,,thor,echelon,LF31,garageHeightIn,
2027,,thor,echelon,LF31,garageCapacityLbs,
2027,,thor,echelon,LF31,rampPatioLbs,
2027,,thor,echelon,LF31,fuelStationGal,
2027,,thor,echelon,LF31,axles,
2027,,thor,echelon,LF31,tireSize,
2027,,thor,echelon,LF31,slideouts,
2027,,thor,echelon,LX19,uvwLbs,
2027,,thor,echelon,LX19,length,
2027,,thor,echelon,LX19,exteriorHeightIn,
2027,,thor,echelon,LX19,exteriorWidthIn,
2027,,thor,echelon,LX19,interiorHeightIn,
2027,,thor,echelon,LX19,sleeps,
2027,,thor,echelon,LX19,dryWeightLbs,
2027,,thor,echelon,LX19,hitchLbs,
2027,,thor,echelon,LX19,fuelCapacityGal,
2027,,thor,echelon,LX19,freshWater,
2027,,thor,echelon,LX19,grayWater,
2027,,thor,echelon,LX19,blackWater,
2027,,thor,echelon,LX19,propaneLbs,
2027,,thor,echelon,LX19,propaneGal,
2027,,thor,echelon,LX19,waterHeaterGal,
2027,,thor,echelon,LX19,cargoLbs,
2027,,thor,echelon,LX19,garageLengthFt,
2027,,thor,echelon,LX19,garageWidthFt,
2027,,thor,echelon,LX19,garageHeightIn,
2027,,thor,echelon,LX19,garageCapacityLbs,
2027,,thor,echelon,LX19,rampPatioLbs,
2027,,thor,echelon,LX19,fuelStationGal,
2027,,thor,echelon,LX19,axles,
2027,,thor,echelon,LX19,tireSize,
2027,,thor,echelon,LX19,slideouts,
2027,,thor,echelon,LZ22,uvwLbs,
2027,,thor,echelon,LZ22,length,
2027,,thor,echelon,LZ22,exteriorHeightIn,
2027,,thor,echelon,LZ22,exteriorWidthIn,
2027,,thor,echelon,LZ22,interiorHeightIn,
2027,,thor,echelon,LZ22,sleeps,
2027,,thor,echelon,LZ22,dryWeightLbs,
2027,,thor,echelon,LZ22,hitchLbs,
2027,,thor,echelon,LZ22,fuelCapacityGal,
2027,,thor,echelon,LZ22,freshWater,
2027,,thor,echelon,LZ22,grayWater,
2027,,thor,echelon,LZ22,blackWater,
2027,,thor,echelon,LZ22,propaneLbs,
2027,,thor,echelon,LZ22,propaneGal,
2027,,thor,echelon,LZ22,waterHeaterGal,
2027,,thor,echelon,LZ22,cargoLbs,
2027,,thor,echelon,LZ22,garageLengthFt,
2027,,thor,echelon,LZ22,garageWidthFt,
2027,,thor,echelon,LZ22,garageHeightIn,
2027,,thor,echelon,LZ22,garageCapacityLbs,
2027,,thor,echelon,LZ22,rampPatioLbs,
2027,,thor,echelon,LZ22,fuelStationGal,
2027,,thor,echelon,LZ22,axles,
2027,,thor,echelon,LZ22,tireSize,
2027,,thor,echelon,LZ22,slideouts,
2027,,thor,echelon,LZ25,uvwLbs,
2027,,thor,echelon,LZ25,length,
2027,,thor,echelon,LZ25,exteriorHeightIn,
2027,,thor,echelon,LZ25,exteriorWidthIn,
2027,,thor,echelon,LZ25,interiorHeightIn,
2027,,thor,echelon,LZ25,sleeps,
2027,,thor,echelon,LZ25,dryWeightLbs,
2027,,thor,echelon,LZ25,hitchLbs,
2027,,thor,echelon,LZ25,fuelCapacityGal,
2027,,thor,echelon,LZ25,freshWater,
2027,,thor,echelon,LZ25,grayWater,
2027,,thor,echelon,LZ25,blackWater,
2027,,thor,echelon,LZ25,propaneLbs,
2027,,thor,echelon,LZ25,propaneGal,
2027,,thor,echelon,LZ25,waterHeaterGal,
2027,,thor,echelon,LZ25,cargoLbs,
2027,,thor,echelon,LZ25,garageLengthFt,
2027,,thor,echelon,LZ25,garageWidthFt,
2027,,thor,echelon,LZ25,garageHeightIn,
2027,,thor,echelon,LZ25,garageCapacityLbs,
2027,,thor,echelon,LZ25,rampPatioLbs,
2027,,thor,echelon,LZ25,fuelStationGal,
2027,,thor,echelon,LZ25,axles,
2027,,thor,echelon,LZ25,tireSize,
2027,,thor,echelon,LZ25,slideouts,
2027,,thor,echelon,LZ28,uvwLbs,
2027,,thor,echelon,LZ28,length,
2027,,thor,echelon,LZ28,exteriorHeightIn,
2027,,thor,echelon,LZ28,exteriorWidthIn,
2027,,thor,echelon,LZ28,interiorHeightIn,
2027,,thor,echelon,LZ28,sleeps,
2027,,thor,echelon,LZ28,dryWeightLbs,
2027,,thor,echelon,LZ28,hitchLbs,
2027,,thor,echelon,LZ28,fuelCapacityGal,
2027,,thor,echelon,LZ28,freshWater,
2027,,thor,echelon,LZ28,grayWater,
2027,,thor,echelon,LZ28,blackWater,
2027,,thor,echelon,LZ28,propaneLbs,
2027,,thor,echelon,LZ28,propaneGal,
2027,,thor,echelon,LZ28,waterHeaterGal,
2027,,thor,echelon,LZ28,cargoLbs,
2027,,thor,echelon,LZ28,garageLengthFt,
2027,,thor,echelon,LZ28,garageWidthFt,
2027,,thor,echelon,LZ28,garageHeightIn,
2027,,thor,echelon,LZ28,garageCapacityLbs,
2027,,thor,echelon,LZ28,rampPatioLbs,
2027,,thor,echelon,LZ28,fuelStationGal,
2027,,thor,echelon,LZ28,axles,
2027,,thor,echelon,LZ28,tireSize,
2027,,thor,echelon,LZ28,slideouts,
2027,,thor,four winds sprinter,24LT,uvwLbs,
2027,,thor,four winds sprinter,24LT,length,
2027,,thor,four winds sprinter,24LT,exteriorHeightIn,
2027,,thor,four winds sprinter,24LT,exteriorWidthIn,
2027,,thor,four winds sprinter,24LT,interiorHeightIn,
2027,,thor,four winds sprinter,24LT,sleeps,
2027,,thor,four winds sprinter,24LT,dryWeightLbs,
2027,,thor,four winds sprinter,24LT,hitchLbs,
2027,,thor,four winds sprinter,24LT,fuelCapacityGal,
2027,,thor,four winds sprinter,24LT,freshWater,
2027,,thor,four winds sprinter,24LT,grayWater,
2027,,thor,four winds sprinter,24LT,blackWater,
2027,,thor,four winds sprinter,24LT,propaneLbs,
2027,,thor,four winds sprinter,24LT,propaneGal,
2027,,thor,four winds sprinter,24LT,waterHeaterGal,
2027,,thor,four winds sprinter,24LT,cargoLbs,
2027,,thor,four winds sprinter,24LT,garageLengthFt,
2027,,thor,four winds sprinter,24LT,garageWidthFt,
2027,,thor,four winds sprinter,24LT,garageHeightIn,
2027,,thor,four winds sprinter,24LT,garageCapacityLbs,
2027,,thor,four winds sprinter,24LT,rampPatioLbs,
2027,,thor,four winds sprinter,24LT,fuelStationGal,
2027,,thor,four winds sprinter,24LT,axles,
2027,,thor,four winds sprinter,24LT,tireSize,
2027,,thor,four winds sprinter,24LT,slideouts,
2027,,thor,four winds sprinter,24LV,uvwLbs,
2027,,thor,four winds sprinter,24LV,length,
2027,,thor,four winds sprinter,24LV,exteriorHeightIn,
2027,,thor,four winds sprinter,24LV,exteriorWidthIn,
2027,,thor,four winds sprinter,24LV,interiorHeightIn,
2027,,thor,four winds sprinter,24LV,sleeps,
2027,,thor,four winds sprinter,24LV,dryWeightLbs,
2027,,thor,four winds sprinter,24LV,hitchLbs,
2027,,thor,four winds sprinter,24LV,fuelCapacityGal,
2027,,thor,four winds sprinter,24LV,freshWater,
2027,,thor,four winds sprinter,24LV,grayWater,
2027,,thor,four winds sprinter,24LV,blackWater,
2027,,thor,four winds sprinter,24LV,propaneLbs,
2027,,thor,four winds sprinter,24LV,propaneGal,
2027,,thor,four winds sprinter,24LV,waterHeaterGal,
2027,,thor,four winds sprinter,24LV,cargoLbs,
2027,,thor,four winds sprinter,24LV,garageLengthFt,
2027,,thor,four winds sprinter,24LV,garageWidthFt,
2027,,thor,four winds sprinter,24LV,garageHeightIn,
2027,,thor,four winds sprinter,24LV,garageCapacityLbs,
2027,,thor,four winds sprinter,24LV,rampPatioLbs,
2027,,thor,four winds sprinter,24LV,fuelStationGal,
2027,,thor,four winds sprinter,24LV,axles,
2027,,thor,four winds sprinter,24LV,tireSize,
2027,,thor,four winds sprinter,24LV,slideouts,
,2022-2026,thor,four winds,25Z,sleeps,
,2022-2026,thor,four winds,25Z,dryWeightLbs,
,2022-2026,thor,four winds,25Z,fuelCapacityGal,
,2022-2026,thor,four winds,25Z,propaneLbs,
,2022-2026,thor,four winds,25Z,propaneGal,
,2022-2026,thor,four winds,25Z,waterHeaterGal,
,2022-2026,thor,four winds,25Z,cargoLbs,
,2022-2026,thor,four winds,25Z,garageLengthFt,
,2022-2026,thor,four winds,25Z,garageWidthFt,
,2022-2026,thor,four winds,25Z,garageHeightIn,
,2022-2026,thor,four winds,25Z,garageCapacityLbs,
,2022-2026,thor,four winds,25Z,rampPatioLbs,
,2022-2026,thor,four winds,25Z,fuelStationGal,
,2022-2026,thor,four winds,25Z,axles,
,2022-2026,thor,four winds,25Z,tireSize,
,2022-2026,thor,four winds,25Z,slideouts,
,2022-2026,thor,four winds,28A,sleeps,
,2022-2026,thor,four winds,28A,dryWeightLbs,
,2022-2026,thor,four winds,28A,fuelCapacityGal,
,2022-2026,thor,four winds,28A,propaneLbs,
,2022-2026,thor,four winds,28A,propaneGal,
,2022-2026,thor,four winds,28A,waterHeaterGal,
,2022-2026,thor,four winds,28A,cargoLbs,
,2022-2026,thor,four winds,28A,garageLengthFt,
,2022-2026,thor,four winds,28A,garageWidthFt,
,2022-2026,thor,four winds,28A,garageHeightIn,
,2022-2026,thor,four winds,28A,garageCapacityLbs,
,2022-2026,thor,four winds,28A,rampPatioLbs,
,2022-2026,thor,four winds,28A,fuelStationGal,
,2022-2026,thor,four winds,28A,axles,
,2022-2026,thor,four winds,28A,tireSize,
,2022-2026,thor,four winds,28A,slideouts,
,2022-2026,thor,four winds,28Z,sleeps,
,2022-2026,thor,four winds,28Z,dryWeightLbs,
,2022-2026,thor,four winds,28Z,fuelCapacityGal,
,2022-2026,thor,four winds,28Z,propaneLbs,
,2022-2026,thor,four winds,28Z,propaneGal,
,2022-2026,thor,four winds,28Z,waterHeaterGal,
,2022-2026,thor,four winds,28Z,cargoLbs,
,2022-2026,thor,four winds,28Z,garageLengthFt,
,2022-2026,thor,four winds,28Z,garageWidthFt,
,2022-2026,thor,four winds,28Z,garageHeightIn,
,2022-2026,thor,four winds,28Z,garageCapacityLbs,
,2022-2026,thor,four winds,28Z,rampPatioLbs,
,2022-2026,thor,four winds,28Z,fuelStationGal,
,2022-2026,thor,four winds,28Z,axles,
,2022-2026,thor,four winds,28Z,tireSize,
,2022-2026,thor,four winds,28Z,slideouts,
,2026-2027,thor,four winds,28Z,uvwLbs,
,2026-2027,thor,four winds,28Z,length,
,2026-2027,thor,four winds,28Z,exteriorHeightIn,
,2026-2027,thor,four winds,28Z,exteriorWidthIn,
,2026-2027,thor,four winds,28Z,interiorHeightIn,
,2026-2027,thor,four winds,28Z,sleeps,
,2026-2027,thor,four winds,28Z,dryWeightLbs,
,2026-2027,thor,four winds,28Z,hitchLbs,
,2026-2027,thor,four winds,28Z,fuelCapacityGal,
,2026-2027,thor,four winds,28Z,freshWater,
,2026-2027,thor,four winds,28Z,grayWater,
,2026-2027,thor,four winds,28Z,blackWater,
,2026-2027,thor,four winds,28Z,propaneLbs,
,2026-2027,thor,four winds,28Z,propaneGal,
,2026-2027,thor,four winds,28Z,waterHeaterGal,
,2026-2027,thor,four winds,28Z,cargoLbs,
,2026-2027,thor,four winds,28Z,garageLengthFt,
,2026-2027,thor,four winds,28Z,garageWidthFt,
,2026-2027,thor,four winds,28Z,garageHeightIn,
,2026-2027,thor,four winds,28Z,garageCapacityLbs,
,2026-2027,thor,four winds,28Z,rampPatioLbs,
,2026-2027,thor,four winds,28Z,fuelStationGal,
,2026-2027,thor,four winds,28Z,axles,
,2026-2027,thor,four winds,28Z,tireSize,
,2026-2027,thor,four winds,28Z,slideouts,
,2026-2027,thor,four winds,29K,uvwLbs,
,2026-2027,thor,four winds,29K,length,
,2026-2027,thor,four winds,29K,exteriorHeightIn,
,2026-2027,thor,four winds,29K,exteriorWidthIn,
,2026-2027,thor,four winds,29K,interiorHeightIn,
,2026-2027,thor,four winds,29K,sleeps,
,2026-2027,thor,four winds,29K,dryWeightLbs,
,2026-2027,thor,four winds,29K,hitchLbs,
,2026-2027,thor,four winds,29K,fuelCapacityGal,
,2026-2027,thor,four winds,29K,freshWater,
,2026-2027,thor,four winds,29K,grayWater,
,2026-2027,thor,four winds,29K,blackWater,
,2026-2027,thor,four winds,29K,propaneLbs,
,2026-2027,thor,four winds,29K,propaneGal,
,2026-2027,thor,four winds,29K,waterHeaterGal,
,2026-2027,thor,four winds,29K,cargoLbs,
,2026-2027,thor,four winds,29K,garageLengthFt,
,2026-2027,thor,four winds,29K,garageWidthFt,
,2026-2027,thor,four winds,29K,garageHeightIn,
,2026-2027,thor,four winds,29K,garageCapacityLbs,
,2026-2027,thor,four winds,29K,rampPatioLbs,
,2026-2027,thor,four winds,29K,fuelStationGal,
,2026-2027,thor,four winds,29K,axles,
,2026-2027,thor,four winds,29K,tireSize,
,2026-2027,thor,four winds,29K,slideouts,
,2026-2027,thor,four winds,31E,uvwLbs,
,2026-2027,thor,four winds,31E,length,
,2026-2027,thor,four winds,31E,exteriorHeightIn,
,2026-2027,thor,four winds,31E,exteriorWidthIn,
,2026-2027,thor,four winds,31E,interiorHeightIn,
,2026-2027,thor,four winds,31E,sleeps,
,2026-2027,thor,four winds,31E,dryWeightLbs,
,2026-2027,thor,four winds,31E,hitchLbs,
,2026-2027,thor,four winds,31E,fuelCapacityGal,
,2026-2027,thor,four winds,31E,freshWater,
,2026-2027,thor,four winds,31E,grayWater,
,2026-2027,thor,four winds,31E,blackWater,
,2026-2027,thor,four winds,31E,propaneLbs,
,2026-2027,thor,four winds,31E,propaneGal,
,2026-2027,thor,four winds,31E,waterHeaterGal,
,2026-2027,thor,four winds,31E,cargoLbs,
,2026-2027,thor,four winds,31E,garageLengthFt,
,2026-2027,thor,four winds,31E,garageWidthFt,
,2026-2027,thor,four winds,31E,garageHeightIn,
,2026-2027,thor,four winds,31E,garageCapacityLbs,
,2026-2027,thor,four winds,31E,rampPatioLbs,
,2026-2027,thor,four winds,31E,fuelStationGal,
,2026-2027,thor,four winds,31E,axles,
,2026-2027,thor,four winds,31E,tireSize,
,2026-2027,thor,four winds,31E,slideouts,
,2026-2027,thor,four winds,31H,uvwLbs,
,2026-2027,thor,four winds,31H,length,
,2026-2027,thor,four winds,31H,exteriorHeightIn,
,2026-2027,thor,four winds,31H,exteriorWidthIn,
,2026-2027,thor,four winds,31H,interiorHeightIn,
,2026-2027,thor,four winds,31H,sleeps,
,2026-2027,thor,four winds,31H,dryWeightLbs,
,2026-2027,thor,four winds,31H,hitchLbs,
,2026-2027,thor,four winds,31H,fuelCapacityGal,
,2026-2027,thor,four winds,31H,freshWater,
,2026-2027,thor,four winds,31H,grayWater,
,2026-2027,thor,four winds,31H,blackWater,
,2026-2027,thor,four winds,31H,propaneLbs,
,2026-2027,thor,four winds,31H,propaneGal,
,2026-2027,thor,four winds,31H,waterHeaterGal,
,2026-2027,thor,four winds,31H,cargoLbs,
,2026-2027,thor,four winds,31H,garageLengthFt,
,2026-2027,thor,four winds,31H,garageWidthFt,
,2026-2027,thor,four winds,31H,garageHeightIn,
,2026-2027,thor,four winds,31H,garageCapacityLbs,
,2026-2027,thor,four winds,31H,rampPatioLbs,
,2026-2027,thor,four winds,31H,fuelStationGal,
,2026-2027,thor,four winds,31H,axles,
,2026-2027,thor,four winds,31H,tireSize,
,2026-2027,thor,four winds,31H,slideouts,
2025,,thor,freedom traveler,A24,uvwLbs,
2025,,thor,freedom traveler,A24,exteriorHeightIn,
2025,,thor,freedom traveler,A24,exteriorWidthIn,
2025,,thor,freedom traveler,A24,interiorHeightIn,
2025,,thor,freedom traveler,A24,dryWeightLbs,
2025,,thor,freedom traveler,A24,fuelCapacityGal,
2025,,thor,freedom traveler,A24,propaneLbs,
2025,,thor,freedom traveler,A24,propaneGal,
2025,,thor,freedom traveler,A24,waterHeaterGal,
2025,,thor,freedom traveler,A24,cargoLbs,
2025,,thor,freedom traveler,A24,garageLengthFt,
2025,,thor,freedom traveler,A24,garageWidthFt,
2025,,thor,freedom traveler,A24,garageHeightIn,
2025,,thor,freedom traveler,A24,garageCapacityLbs,
2025,,thor,freedom traveler,A24,rampPatioLbs,
2025,,thor,freedom traveler,A24,fuelStationGal,
2025,,thor,freedom traveler,A24,axles,
2025,,thor,freedom traveler,A24,tireSize,
2027,,thor,gemini trip,22MT,uvwLbs,
2027,,thor,gemini trip,22MT,length,
2027,,thor,gemini trip,22MT,exteriorHeightIn,
2027,,thor,gemini trip,22MT,exteriorWidthIn,
2027,,thor,gemini trip,22MT,interiorHeightIn,
2027,,thor,gemini trip,22MT,sleeps,
2027,,thor,gemini trip,22MT,dryWeightLbs,
2027,,thor,gemini trip,22MT,hitchLbs,
2027,,thor,gemini trip,22MT,fuelCapacityGal,
2027,,thor,gemini trip,22MT,freshWater,
2027,,thor,gemini trip,22MT,grayWater,
2027,,thor,gemini trip,22MT,blackWater,
2027,,thor,gemini trip,22MT,propaneLbs,
2027,,thor,gemini trip,22MT,propaneGal,
2027,,thor,gemini trip,22MT,waterHeaterGal,
2027,,thor,gemini trip,22MT,cargoLbs,
2027,,thor,gemini trip,22MT,garageLengthFt,
2027,,thor,gemini trip,22MT,garageWidthFt,
2027,,thor,gemini trip,22MT,garageHeightIn,
2027,,thor,gemini trip,22MT,garageCapacityLbs,
2027,,thor,gemini trip,22MT,rampPatioLbs,
2027,,thor,gemini trip,22MT,fuelStationGal,
2027,,thor,gemini trip,22MT,axles,
2027,,thor,gemini trip,22MT,tireSize,
2027,,thor,gemini trip,22MT,slideouts,
2027,,thor,gemini,23TW,uvwLbs,
2027,,thor,gemini,23TW,length,
2027,,thor,gemini,23TW,exteriorHeightIn,
2027,,thor,gemini,23TW,exteriorWidthIn,
2027,,thor,gemini,23TW,interiorHeightIn,
2027,,thor,gemini,23TW,sleeps,
2027,,thor,gemini,23TW,dryWeightLbs,
2027,,thor,gemini,23TW,hitchLbs,
2027,,thor,gemini,23TW,fuelCapacityGal,
2027,,thor,gemini,23TW,freshWater,
2027,,thor,gemini,23TW,grayWater,
2027,,thor,gemini,23TW,blackWater,
2027,,thor,gemini,23TW,propaneLbs,
2027,,thor,gemini,23TW,propaneGal,
2027,,thor,gemini,23TW,waterHeaterGal,
2027,,thor,gemini,23TW,cargoLbs,
2027,,thor,gemini,23TW,garageLengthFt,
2027,,thor,gemini,23TW,garageWidthFt,
2027,,thor,gemini,23TW,garageHeightIn,
2027,,thor,gemini,23TW,garageCapacityLbs,
2027,,thor,gemini,23TW,rampPatioLbs,
2027,,thor,gemini,23TW,fuelStationGal,
2027,,thor,gemini,23TW,axles,
2027,,thor,gemini,23TW,tireSize,
2027,,thor,gemini,23TW,slideouts,
2027,,thor,gemini,24JG,uvwLbs,
2027,,thor,gemini,24JG,length,
2027,,thor,gemini,24JG,exteriorHeightIn,
2027,,thor,gemini,24JG,exteriorWidthIn,
2027,,thor,gemini,24JG,interiorHeightIn,
2027,,thor,gemini,24JG,sleeps,
2027,,thor,gemini,24JG,dryWeightLbs,
2027,,thor,gemini,24JG,hitchLbs,
2027,,thor,gemini,24JG,fuelCapacityGal,
2027,,thor,gemini,24JG,freshWater,
2027,,thor,gemini,24JG,grayWater,
2027,,thor,gemini,24JG,blackWater,
2027,,thor,gemini,24JG,propaneLbs,
2027,,thor,gemini,24JG,propaneGal,
2027,,thor,gemini,24JG,waterHeaterGal,
2027,,thor,gemini,24JG,cargoLbs,
2027,,thor,gemini,24JG,garageLengthFt,
2027,,thor,gemini,24JG,garageWidthFt,
2027,,thor,gemini,24JG,garageHeightIn,
2027,,thor,gemini,24JG,garageCapacityLbs,
2027,,thor,gemini,24JG,rampPatioLbs,
2027,,thor,gemini,24JG,fuelStationGal,
2027,,thor,gemini,24JG,axles,
2027,,thor,gemini,24JG,tireSize,
2027,,thor,gemini,24JG,slideouts,
2027,,thor,gemini,24KB,uvwLbs,
2027,,thor,gemini,24KB,length,
2027,,thor,gemini,24KB,exteriorHeightIn,
2027,,thor,gemini,24KB,exteriorWidthIn,
2027,,thor,gemini,24KB,interiorHeightIn,
2027,,thor,gemini,24KB,sleeps,
2027,,thor,gemini,24KB,dryWeightLbs,
2027,,thor,gemini,24KB,hitchLbs,
2027,,thor,gemini,24KB,fuelCapacityGal,
2027,,thor,gemini,24KB,freshWater,
2027,,thor,gemini,24KB,grayWater,
2027,,thor,gemini,24KB,blackWater,
2027,,thor,gemini,24KB,propaneLbs,
2027,,thor,gemini,24KB,propaneGal,
2027,,thor,gemini,24KB,waterHeaterGal,
2027,,thor,gemini,24KB,cargoLbs,
2027,,thor,gemini,24KB,garageLengthFt,
2027,,thor,gemini,24KB,garageWidthFt,
2027,,thor,gemini,24KB,garageHeightIn,
2027,,thor,gemini,24KB,garageCapacityLbs,
2027,,thor,gemini,24KB,rampPatioLbs,
2027,,thor,gemini,24KB,fuelStationGal,
2027,,thor,gemini,24KB,axles,
2027,,thor,gemini,24KB,tireSize,
2027,,thor,gemini,24KB,slideouts,
,2025-2027,thor,hurricane,29L,uvwLbs,
,2025-2027,thor,hurricane,29L,length,
,2025-2027,thor,hurricane,29L,exteriorHeightIn,
,2025-2027,thor,hurricane,29L,exteriorWidthIn,
,2025-2027,thor,hurricane,29L,interiorHeightIn,
,2025-2027,thor,hurricane,29L,sleeps,
,2025-2027,thor,hurricane,29L,dryWeightLbs,
,2025-2027,thor,hurricane,29L,hitchLbs,
,2025-2027,thor,hurricane,29L,fuelCapacityGal,
,2025-2027,thor,hurricane,29L,freshWater,
,2025-2027,thor,hurricane,29L,grayWater,
,2025-2027,thor,hurricane,29L,blackWater,
,2025-2027,thor,hurricane,29L,propaneLbs,
,2025-2027,thor,hurricane,29L,propaneGal,
,2025-2027,thor,hurricane,29L,waterHeaterGal,
,2025-2027,thor,hurricane,29L,cargoLbs,
,2025-2027,thor,hurricane,29L,garageLengthFt,
,2025-2027,thor,hurricane,29L,garageWidthFt,
,2025-2027,thor,hurricane,29L,garageHeightIn,
,2025-2027,thor,hurricane,29L,garageCapacityLbs,
,2025-2027,thor,hurricane,29L,rampPatioLbs,
,2025-2027,thor,hurricane,29L,fuelStationGal,
,2025-2027,thor,hurricane,29L,axles,
,2025-2027,thor,hurricane,29L,tireSize,
,2025-2027,thor,hurricane,29L,slideouts,
2027,,thor,hurricane,35A,uvwLbs,
2027,,thor,hurricane,35A,length,
2027,,thor,hurricane,35A,exteriorHeightIn,
2027,,thor,hurricane,35A,exteriorWidthIn,
2027,,thor,hurricane,35A,interiorHeightIn,
2027,,thor,hurricane,35A,sleeps,
2027,,thor,hurricane,35A,dryWeightLbs,
2027,,thor,hurricane,35A,hitchLbs,
2027,,thor,hurricane,35A,fuelCapacityGal,
2027,,thor,hurricane,35A,freshWater,
2027,,thor,hurricane,35A,grayWater,
2027,,thor,hurricane,35A,blackWater,
2027,,thor,hurricane,35A,propaneLbs,
2027,,thor,hurricane,35A,propaneGal,
2027,,thor,hurricane,35A,waterHeaterGal,
2027,,thor,hurricane,35A,cargoLbs,
2027,,thor,hurricane,35A,garageLengthFt,
2027,,thor,hurricane,35A,garageWidthFt,
2027,,thor,hurricane,35A,garageHeightIn,
2027,,thor,hurricane,35A,garageCapacityLbs,
2027,,thor,hurricane,35A,rampPatioLbs,
2027,,thor,hurricane,35A,fuelStationGal,
2027,,thor,hurricane,35A,axles,
2027,,thor,hurricane,35A,tireSize,
2027,,thor,hurricane,35A,slideouts,
,2025-2026,thor,hurricane,35G,uvwLbs,
,2025-2026,thor,hurricane,35G,length,
,2025-2026,thor,hurricane,35G,exteriorHeightIn,
,2025-2026,thor,hurricane,35G,exteriorWidthIn,
,2025-2026,thor,hurricane,35G,interiorHeightIn,
,2025-2026,thor,hurricane,35G,sleeps,
,2025-2026,thor,hurricane,35G,dryWeightLbs,
,2025-2026,thor,hurricane,35G,hitchLbs,
,2025-2026,thor,hurricane,35G,fuelCapacityGal,
,2025-2026,thor,hurricane,35G,freshWater,
,2025-2026,thor,hurricane,35G,grayWater,
,2025-2026,thor,hurricane,35G,blackWater,
,2025-2026,thor,hurricane,35G,propaneLbs,
,2025-2026,thor,hurricane,35G,propaneGal,
,2025-2026,thor,hurricane,35G,waterHeaterGal,
,2025-2026,thor,hurricane,35G,cargoLbs,
,2025-2026,thor,hurricane,35G,garageLengthFt,
,2025-2026,thor,hurricane,35G,garageWidthFt,
,2025-2026,thor,hurricane,35G,garageHeightIn,
,2025-2026,thor,hurricane,35G,garageCapacityLbs,
,2025-2026,thor,hurricane,35G,rampPatioLbs,
,2025-2026,thor,hurricane,35G,fuelStationGal,
,2025-2026,thor,hurricane,35G,axles,
,2025-2026,thor,hurricane,35G,tireSize,
,2025-2026,thor,hurricane,35G,slideouts,
,2025-2027,thor,hurricane,35J,uvwLbs,
,2025-2027,thor,hurricane,35J,length,
,2025-2027,thor,hurricane,35J,exteriorHeightIn,
,2025-2027,thor,hurricane,35J,exteriorWidthIn,
,2025-2027,thor,hurricane,35J,interiorHeightIn,
,2025-2027,thor,hurricane,35J,sleeps,
,2025-2027,thor,hurricane,35J,dryWeightLbs,
,2025-2027,thor,hurricane,35J,hitchLbs,
,2025-2027,thor,hurricane,35J,fuelCapacityGal,
,2025-2027,thor,hurricane,35J,freshWater,
,2025-2027,thor,hurricane,35J,grayWater,
,2025-2027,thor,hurricane,35J,blackWater,
,2025-2027,thor,hurricane,35J,propaneLbs,
,2025-2027,thor,hurricane,35J,propaneGal,
,2025-2027,thor,hurricane,35J,waterHeaterGal,
,2025-2027,thor,hurricane,35J,cargoLbs,
,2025-2027,thor,hurricane,35J,garageLengthFt,
,2025-2027,thor,hurricane,35J,garageWidthFt,
,2025-2027,thor,hurricane,35J,garageHeightIn,
,2025-2027,thor,hurricane,35J,garageCapacityLbs,
,2025-2027,thor,hurricane,35J,rampPatioLbs,
,2025-2027,thor,hurricane,35J,fuelStationGal,
,2025-2027,thor,hurricane,35J,axles,
,2025-2027,thor,hurricane,35J,tireSize,
,2025-2027,thor,hurricane,35J,slideouts,
,2025-2026,thor,hurricane,35R,uvwLbs,
,2025-2026,thor,hurricane,35R,length,
,2025-2026,thor,hurricane,35R,exteriorHeightIn,
,2025-2026,thor,hurricane,35R,exteriorWidthIn,
,2025-2026,thor,hurricane,35R,interiorHeightIn,
,2025-2026,thor,hurricane,35R,sleeps,
,2025-2026,thor,hurricane,35R,dryWeightLbs,
,2025-2026,thor,hurricane,35R,hitchLbs,
,2025-2026,thor,hurricane,35R,fuelCapacityGal,
,2025-2026,thor,hurricane,35R,freshWater,
,2025-2026,thor,hurricane,35R,grayWater,
,2025-2026,thor,hurricane,35R,blackWater,
,2025-2026,thor,hurricane,35R,propaneLbs,
,2025-2026,thor,hurricane,35R,propaneGal,
,2025-2026,thor,hurricane,35R,waterHeaterGal,
,2025-2026,thor,hurricane,35R,cargoLbs,
,2025-2026,thor,hurricane,35R,garageLengthFt,
,2025-2026,thor,hurricane,35R,garageWidthFt,
,2025-2026,thor,hurricane,35R,garageHeightIn,
,2025-2026,thor,hurricane,35R,garageCapacityLbs,
,2025-2026,thor,hurricane,35R,rampPatioLbs,
,2025-2026,thor,hurricane,35R,fuelStationGal,
,2025-2026,thor,hurricane,35R,axles,
,2025-2026,thor,hurricane,35R,tireSize,
,2025-2026,thor,hurricane,35R,slideouts,
,2026-2027,thor,hurricane,36H,uvwLbs,
,2026-2027,thor,hurricane,36H,length,
,2026-2027,thor,hurricane,36H,exteriorHeightIn,
,2026-2027,thor,hurricane,36H,exteriorWidthIn,
,2026-2027,thor,hurricane,36H,interiorHeightIn,
,2026-2027,thor,hurricane,36H,sleeps,
,2026-2027,thor,hurricane,36H,dryWeightLbs,
,2026-2027,thor,hurricane,36H,hitchLbs,
,2026-2027,thor,hurricane,36H,fuelCapacityGal,
,2026-2027,thor,hurricane,36H,freshWater,
,2026-2027,thor,hurricane,36H,grayWater,
,2026-2027,thor,hurricane,36H,blackWater,
,2026-2027,thor,hurricane,36H,propaneLbs,
,2026-2027,thor,hurricane,36H,propaneGal,
,2026-2027,thor,hurricane,36H,waterHeaterGal,
,2026-2027,thor,hurricane,36H,cargoLbs,
,2026-2027,thor,hurricane,36H,garageLengthFt,
,2026-2027,thor,hurricane,36H,garageWidthFt,
,2026-2027,thor,hurricane,36H,garageHeightIn,
,2026-2027,thor,hurricane,36H,garageCapacityLbs,
,2026-2027,thor,hurricane,36H,rampPatioLbs,
,2026-2027,thor,hurricane,36H,fuelStationGal,
,2026-2027,thor,hurricane,36H,axles,
,2026-2027,thor,hurricane,36H,tireSize,
,2026-2027,thor,hurricane,36H,slideouts,
2027,,thor,inception hd,34XG,uvwLbs,
2027,,thor,inception hd,34XG,length,
2027,,thor,inception hd,34XG,exteriorHeightIn,
2027,,thor,inception hd,34XG,exteriorWidthIn,
2027,,thor,inception hd,34XG,interiorHeightIn,
2027,,thor,inception hd,34XG,sleeps,
2027,,thor,inception hd,34XG,dryWeightLbs,
2027,,thor,inception hd,34XG,hitchLbs,
2027,,thor,inception hd,34XG,fuelCapacityGal,
2027,,thor,inception hd,34XG,freshWater,
2027,,thor,inception hd,34XG,grayWater,
2027,,thor,inception hd,34XG,blackWater,
2027,,thor,inception hd,34XG,propaneLbs,
2027,,thor,inception hd,34XG,propaneGal,
2027,,thor,inception hd,34XG,waterHeaterGal,
2027,,thor,inception hd,34XG,cargoLbs,
2027,,thor,inception hd,34XG,garageLengthFt,
2027,,thor,inception hd,34XG,garageWidthFt,
2027,,thor,inception hd,34XG,garageHeightIn,
2027,,thor,inception hd,34XG,garageCapacityLbs,
2027,,thor,inception hd,34XG,rampPatioLbs,
2027,,thor,inception hd,34XG,fuelStationGal,
2027,,thor,inception hd,34XG,axles,
2027,,thor,inception hd,34XG,tireSize,
2027,,thor,inception hd,34XG,slideouts,
2027,,thor,inception hd,38DX,uvwLbs,
2027,,thor,inception hd,38DX,length,
2027,,thor,inception hd,38DX,exteriorHeightIn,
2027,,thor,inception hd,38DX,exteriorWidthIn,
2027,,thor,inception hd,38DX,interiorHeightIn,
2027,,thor,inception hd,38DX,sleeps,
2027,,thor,inception hd,38DX,dryWeightLbs,
2027,,thor,inception hd,38DX,hitchLbs,
2027,,thor,inception hd,38DX,fuelCapacityGal,
2027,,thor,inception hd,38DX,freshWater,
2027,,thor,inception hd,38DX,grayWater,
2027,,thor,inception hd,38DX,blackWater,
2027,,thor,inception hd,38DX,propaneLbs,
2027,,thor,inception hd,38DX,propaneGal,
2027,,thor,inception hd,38DX,waterHeaterGal,
2027,,thor,inception hd,38DX,cargoLbs,
2027,,thor,inception hd,38DX,garageLengthFt,
2027,,thor,inception hd,38DX,garageWidthFt,
2027,,thor,inception hd,38DX,garageHeightIn,
2027,,thor,inception hd,38DX,garageCapacityLbs,
2027,,thor,inception hd,38DX,rampPatioLbs,
2027,,thor,inception hd,38DX,fuelStationGal,
2027,,thor,inception hd,38DX,axles,
2027,,thor,inception hd,38DX,tireSize,
2027,,thor,inception hd,38DX,slideouts,
2027,,thor,inception hd,38FX,uvwLbs,
2027,,thor,inception hd,38FX,length,
2027,,thor,inception hd,38FX,exteriorHeightIn,
2027,,thor,inception hd,38FX,exteriorWidthIn,
2027,,thor,inception hd,38FX,interiorHeightIn,
2027,,thor,inception hd,38FX,sleeps,
2027,,thor,inception hd,38FX,dryWeightLbs,
2027,,thor,inception hd,38FX,hitchLbs,
2027,,thor,inception hd,38FX,fuelCapacityGal,
2027,,thor,inception hd,38FX,freshWater,
2027,,thor,inception hd,38FX,grayWater,
2027,,thor,inception hd,38FX,blackWater,
2027,,thor,inception hd,38FX,propaneLbs,
2027,,thor,inception hd,38FX,propaneGal,
2027,,thor,inception hd,38FX,waterHeaterGal,
2027,,thor,inception hd,38FX,cargoLbs,
2027,,thor,inception hd,38FX,garageLengthFt,
2027,,thor,inception hd,38FX,garageWidthFt,
2027,,thor,inception hd,38FX,garageHeightIn,
2027,,thor,inception hd,38FX,garageCapacityLbs,
2027,,thor,inception hd,38FX,rampPatioLbs,
2027,,thor,inception hd,38FX,fuelStationGal,
2027,,thor,inception hd,38FX,axles,
2027,,thor,inception hd,38FX,tireSize,
2027,,thor,inception hd,38FX,slideouts,
2027,,thor,inception hd,38XL,uvwLbs,
2027,,thor,inception hd,38XL,length,
2027,,thor,inception hd,38XL,exteriorHeightIn,
2027,,thor,inception hd,38XL,exteriorWidthIn,
2027,,thor,inception hd,38XL,interiorHeightIn,
2027,,thor,inception hd,38XL,sleeps,
2027,,thor,inception hd,38XL,dryWeightLbs,
2027,,thor,inception hd,38XL,hitchLbs,
2027,,thor,inception hd,38XL,fuelCapacityGal,
2027,,thor,inception hd,38XL,freshWater,
2027,,thor,inception hd,38XL,grayWater,
2027,,thor,inception hd,38XL,blackWater,
2027,,thor,inception hd,38XL,propaneLbs,
2027,,thor,inception hd,38XL,propaneGal,
2027,,thor,inception hd,38XL,waterHeaterGal,
2027,,thor,inception hd,38XL,cargoLbs,
2027,,thor,inception hd,38XL,garageLengthFt,
2027,,thor,inception hd,38XL,garageWidthFt,
2027,,thor,inception hd,38XL,garageHeightIn,
2027,,thor,inception hd,38XL,garageCapacityLbs,
2027,,thor,inception hd,38XL,rampPatioLbs,
2027,,thor,inception hd,38XL,fuelStationGal,
2027,,thor,inception hd,38XL,axles,
2027,,thor,inception hd,38XL,tireSize,
2027,,thor,inception hd,38XL,slideouts,
2027,,thor,inception,34XG,uvwLbs,
2027,,thor,inception,34XG,length,
2027,,thor,inception,34XG,exteriorHeightIn,
2027,,thor,inception,34XG,exteriorWidthIn,
2027,,thor,inception,34XG,interiorHeightIn,
2027,,thor,inception,34XG,sleeps,
2027,,thor,inception,34XG,dryWeightLbs,
2027,,thor,inception,34XG,hitchLbs,
2027,,thor,inception,34XG,fuelCapacityGal,
2027,,thor,inception,34XG,freshWater,
2027,,thor,inception,34XG,grayWater,
2027,,thor,inception,34XG,blackWater,
2027,,thor,inception,34XG,propaneLbs,
2027,,thor,inception,34XG,propaneGal,
2027,,thor,inception,34XG,waterHeaterGal,
2027,,thor,inception,34XG,cargoLbs,
2027,,thor,inception,34XG,garageLengthFt,
2027,,thor,inception,34XG,garageWidthFt,
2027,,thor,inception,34XG,garageHeightIn,
2027,,thor,inception,34XG,garageCapacityLbs,
2027,,thor,inception,34XG,rampPatioLbs,
2027,,thor,inception,34XG,fuelStationGal,
2027,,thor,inception,34XG,axles,
2027,,thor,inception,34XG,tireSize,
2027,,thor,inception,34XG,slideouts,
2027,,thor,inception,38DX,uvwLbs,
2027,,thor,inception,38DX,length,
2027,,thor,inception,38DX,exteriorHeightIn,
2027,,thor,inception,38DX,exteriorWidthIn,
2027,,thor,inception,38DX,interiorHeightIn,
2027,,thor,inception,38DX,sleeps,
2027,,thor,inception,38DX,dryWeightLbs,
2027,,thor,inception,38DX,hitchLbs,
2027,,thor,inception,38DX,fuelCapacityGal,
2027,,thor,inception,38DX,freshWater,
2027,,thor,inception,38DX,grayWater,
2027,,thor,inception,38DX,blackWater,
2027,,thor,inception,38DX,propaneLbs,
2027,,thor,inception,38DX,propaneGal,
2027,,thor,inception,38DX,waterHeaterGal,
2027,,thor,inception,38DX,cargoLbs,
2027,,thor,inception,38DX,garageLengthFt,
2027,,thor,inception,38DX,garageWidthFt,
2027,,thor,inception,38DX,garageHeightIn,
2027,,thor,inception,38DX,garageCapacityLbs,
2027,,thor,inception,38DX,rampPatioLbs,
2027,,thor,inception,38DX,fuelStationGal,
2027,,thor,inception,38DX,axles,
2027,,thor,inception,38DX,tireSize,
2027,,thor,inception,38DX,slideouts,
2027,,thor,inception,38FX,uvwLbs,
2027,,thor,inception,38FX,length,
2027,,thor,inception,38FX,exteriorHeightIn,
2027,,thor,inception,38FX,exteriorWidthIn,
2027,,thor,inception,38FX,interiorHeightIn,
2027,,thor,inception,38FX,sleeps,
2027,,thor,inception,38FX,dryWeightLbs,
2027,,thor,inception,38FX,hitchLbs,
2027,,thor,inception,38FX,fuelCapacityGal,
2027,,thor,inception,38FX,freshWater,
2027,,thor,inception,38FX,grayWater,
2027,,thor,inception,38FX,blackWater,
2027,,thor,inception,38FX,propaneLbs,
2027,,thor,inception,38FX,propaneGal,
2027,,thor,inception,38FX,waterHeaterGal,
2027,,thor,inception,38FX,cargoLbs,
2027,,thor,inception,38FX,garageLengthFt,
2027,,thor,inception,38FX,garageWidthFt,
2027,,thor,inception,38FX,garageHeightIn,
2027,,thor,inception,38FX,garageCapacityLbs,
2027,,thor,inception,38FX,rampPatioLbs,
2027,,thor,inception,38FX,fuelStationGal,
2027,,thor,inception,38FX,axles,
2027,,thor,inception,38FX,tireSize,
2027,,thor,inception,38FX,slideouts,
2027,,thor,inception,38XL,uvwLbs,
2027,,thor,inception,38XL,length,
2027,,thor,inception,38XL,exteriorHeightIn,
2027,,thor,inception,38XL,exteriorWidthIn,
2027,,thor,inception,38XL,interiorHeightIn,
2027,,thor,inception,38XL,sleeps,
2027,,thor,inception,38XL,dryWeightLbs,
2027,,thor,inception,38XL,hitchLbs,
2027,,thor,inception,38XL,fuelCapacityGal,
2027,,thor,inception,38XL,freshWater,
2027,,thor,inception,38XL,grayWater,
2027,,thor,inception,38XL,blackWater,
2027,,thor,inception,38XL,propaneLbs,
2027,,thor,inception,38XL,propaneGal,
2027,,thor,inception,38XL,waterHeaterGal,
2027,,thor,inception,38XL,cargoLbs,
2027,,thor,inception,38XL,garageLengthFt,
2027,,thor,inception,38XL,garageWidthFt,
2027,,thor,inception,38XL,garageHeightIn,
2027,,thor,inception,38XL,garageCapacityLbs,
2027,,thor,inception,38XL,rampPatioLbs,
2027,,thor,inception,38XL,fuelStationGal,
2027,,thor,inception,38XL,axles,
2027,,thor,inception,38XL,tireSize,
2027,,thor,inception,38XL,slideouts,
2027,,thor,indigo,AA35,uvwLbs,
2027,,thor,indigo,AA35,length,
2027,,thor,indigo,AA35,exteriorHeightIn,
2027,,thor,indigo,AA35,exteriorWidthIn,
2027,,thor,indigo,AA35,interiorHeightIn,
2027,,thor,indigo,AA35,sleeps,
2027,,thor,indigo,AA35,dryWeightLbs,
2027,,thor,indigo,AA35,hitchLbs,
2027,,thor,indigo,AA35,fuelCapacityGal,
2027,,thor,indigo,AA35,freshWater,
2027,,thor,indigo,AA35,grayWater,
2027,,thor,indigo,AA35,blackWater,
2027,,thor,indigo,AA35,propaneLbs,
2027,,thor,indigo,AA35,propaneGal,
2027,,thor,indigo,AA35,waterHeaterGal,
2027,,thor,indigo,AA35,cargoLbs,
2027,,thor,indigo,AA35,garageLengthFt,
2027,,thor,indigo,AA35,garageWidthFt,
2027,,thor,indigo,AA35,garageHeightIn,
2027,,thor,indigo,AA35,garageCapacityLbs,
2027,,thor,indigo,AA35,rampPatioLbs,
2027,,thor,indigo,AA35,fuelStationGal,
2027,,thor,indigo,AA35,axles,
2027,,thor,indigo,AA35,tireSize,
2027,,thor,indigo,AA35,slideouts,
2027,,thor,indigo,HH36,uvwLbs,
2027,,thor,indigo,HH36,length,
2027,,thor,indigo,HH36,exteriorHeightIn,
2027,,thor,indigo,HH36,exteriorWidthIn,
2027,,thor,indigo,HH36,interiorHeightIn,
2027,,thor,indigo,HH36,sleeps,
2027,,thor,indigo,HH36,dryWeightLbs,
2027,,thor,indigo,HH36,hitchLbs,
2027,,thor,indigo,HH36,fuelCapacityGal,
2027,,thor,indigo,HH36,freshWater,
2027,,thor,indigo,HH36,grayWater,
2027,,thor,indigo,HH36,blackWater,
2027,,thor,indigo,HH36,propaneLbs,
2027,,thor,indigo,HH36,propaneGal,
2027,,thor,indigo,HH36,waterHeaterGal,
2027,,thor,indigo,HH36,cargoLbs,
2027,,thor,indigo,HH36,garageLengthFt,
2027,,thor,indigo,HH36,garageWidthFt,
2027,,thor,indigo,HH36,garageHeightIn,
2027,,thor,indigo,HH36,garageCapacityLbs,
2027,,thor,indigo,HH36,rampPatioLbs,
2027,,thor,indigo,HH36,fuelStationGal,
2027,,thor,indigo,HH36,axles,
2027,,thor,indigo,HH36,tireSize,
2027,,thor,indigo,HH36,slideouts,
2027,,thor,indigo,MM30,uvwLbs,
2027,,thor,indigo,MM30,length,
2027,,thor,indigo,MM30,exteriorHeightIn,
2027,,thor,indigo,MM30,exteriorWidthIn,
2027,,thor,indigo,MM30,interiorHeightIn,
2027,,thor,indigo,MM30,sleeps,
2027,,thor,indigo,MM30,dryWeightLbs,
2027,,thor,indigo,MM30,hitchLbs,
2027,,thor,indigo,MM30,fuelCapacityGal,
2027,,thor,indigo,MM30,freshWater,
2027,,thor,indigo,MM30,grayWater,
2027,,thor,indigo,MM30,blackWater,
2027,,thor,indigo,MM30,propaneLbs,
2027,,thor,indigo,MM30,propaneGal,
2027,,thor,indigo,MM30,waterHeaterGal,
2027,,thor,indigo,MM30,cargoLbs,
2027,,thor,indigo,MM30,garageLengthFt,
2027,,thor,indigo,MM30,garageWidthFt,
2027,,thor,indigo,MM30,garageHeightIn,
2027,,thor,indigo,MM30,garageCapacityLbs,
2027,,thor,indigo,MM30,rampPatioLbs,
2027,,thor,indigo,MM30,fuelStationGal,
2027,,thor,indigo,MM30,axles,
2027,,thor,indigo,MM30,tireSize,
2027,,thor,indigo,MM30,slideouts,
2027,,thor,luminate,AA35,uvwLbs,
2027,,thor,luminate,AA35,length,
2027,,thor,luminate,AA35,exteriorHeightIn,
2027,,thor,luminate,AA35,exteriorWidthIn,
2027,,thor,luminate,AA35,interiorHeightIn,
2027,,thor,luminate,AA35,sleeps,
2027,,thor,luminate,AA35,dryWeightLbs,
2027,,thor,luminate,AA35,hitchLbs,
2027,,thor,luminate,AA35,fuelCapacityGal,
2027,,thor,luminate,AA35,freshWater,
2027,,thor,luminate,AA35,grayWater,
2027,,thor,luminate,AA35,blackWater,
2027,,thor,luminate,AA35,propaneLbs,
2027,,thor,luminate,AA35,propaneGal,
2027,,thor,luminate,AA35,waterHeaterGal,
2027,,thor,luminate,AA35,cargoLbs,
2027,,thor,luminate,AA35,garageLengthFt,
2027,,thor,luminate,AA35,garageWidthFt,
2027,,thor,luminate,AA35,garageHeightIn,
2027,,thor,luminate,AA35,garageCapacityLbs,
2027,,thor,luminate,AA35,rampPatioLbs,
2027,,thor,luminate,AA35,fuelStationGal,
2027,,thor,luminate,AA35,axles,
2027,,thor,luminate,AA35,tireSize,
2027,,thor,luminate,AA35,slideouts,
2027,,thor,luminate,HH36,uvwLbs,
2027,,thor,luminate,HH36,length,
2027,,thor,luminate,HH36,exteriorHeightIn,
2027,,thor,luminate,HH36,exteriorWidthIn,
2027,,thor,luminate,HH36,interiorHeightIn,
2027,,thor,luminate,HH36,sleeps,
2027,,thor,luminate,HH36,dryWeightLbs,
2027,,thor,luminate,HH36,hitchLbs,
2027,,thor,luminate,HH36,fuelCapacityGal,
2027,,thor,luminate,HH36,freshWater,
2027,,thor,luminate,HH36,grayWater,
2027,,thor,luminate,HH36,blackWater,
2027,,thor,luminate,HH36,propaneLbs,
2027,,thor,luminate,HH36,propaneGal,
2027,,thor,luminate,HH36,waterHeaterGal,
2027,,thor,luminate,HH36,cargoLbs,
2027,,thor,luminate,HH36,garageLengthFt,
2027,,thor,luminate,HH36,garageWidthFt,
2027,,thor,luminate,HH36,garageHeightIn,
2027,,thor,luminate,HH36,garageCapacityLbs,
2027,,thor,luminate,HH36,rampPatioLbs,
2027,,thor,luminate,HH36,fuelStationGal,
2027,,thor,luminate,HH36,axles,
2027,,thor,luminate,HH36,tireSize,
2027,,thor,luminate,HH36,slideouts,
2027,,thor,luminate,MM30,uvwLbs,
2027,,thor,luminate,MM30,length,
2027,,thor,luminate,MM30,exteriorHeightIn,
2027,,thor,luminate,MM30,exteriorWidthIn,
2027,,thor,luminate,MM30,interiorHeightIn,
2027,,thor,luminate,MM30,sleeps,
2027,,thor,luminate,MM30,dryWeightLbs,
2027,,thor,luminate,MM30,hitchLbs,
2027,,thor,luminate,MM30,fuelCapacityGal,
2027,,thor,luminate,MM30,freshWater,
2027,,thor,luminate,MM30,grayWater,
2027,,thor,luminate,MM30,blackWater,
2027,,thor,luminate,MM30,propaneLbs,
2027,,thor,luminate,MM30,propaneGal,
2027,,thor,luminate,MM30,waterHeaterGal,
2027,,thor,luminate,MM30,cargoLbs,
2027,,thor,luminate,MM30,garageLengthFt,
2027,,thor,luminate,MM30,garageWidthFt,
2027,,thor,luminate,MM30,garageHeightIn,
2027,,thor,luminate,MM30,garageCapacityLbs,
2027,,thor,luminate,MM30,rampPatioLbs,
2027,,thor,luminate,MM30,fuelStationGal,
2027,,thor,luminate,MM30,axles,
2027,,thor,luminate,MM30,tireSize,
2027,,thor,luminate,MM30,slideouts,
2027,,thor,magnitude,L35,uvwLbs,
2027,,thor,magnitude,L35,length,
2027,,thor,magnitude,L35,exteriorHeightIn,
2027,,thor,magnitude,L35,exteriorWidthIn,
2027,,thor,magnitude,L35,interiorHeightIn,
2027,,thor,magnitude,L35,sleeps,
2027,,thor,magnitude,L35,dryWeightLbs,
2027,,thor,magnitude,L35,hitchLbs,
2027,,thor,magnitude,L35,fuelCapacityGal,
2027,,thor,magnitude,L35,freshWater,
2027,,thor,magnitude,L35,grayWater,
2027,,thor,magnitude,L35,blackWater,
2027,,thor,magnitude,L35,propaneLbs,
2027,,thor,magnitude,L35,propaneGal,
2027,,thor,magnitude,L35,waterHeaterGal,
2027,,thor,magnitude,L35,cargoLbs,
2027,,thor,magnitude,L35,garageLengthFt,
2027,,thor,magnitude,L35,garageWidthFt,
2027,,thor,magnitude,L35,garageHeightIn,
2027,,thor,magnitude,L35,garageCapacityLbs,
2027,,thor,magnitude,L35,rampPatioLbs,
2027,,thor,magnitude,L35,fuelStationGal,
2027,,thor,magnitude,L35,axles,
2027,,thor,magnitude,L35,tireSize,
2027,,thor,magnitude,L35,slideouts,
2027,,thor,magnitude,R36,uvwLbs,
2027,,thor,magnitude,R36,length,
2027,,thor,magnitude,R36,exteriorHeightIn,
2027,,thor,magnitude,R36,exteriorWidthIn,
2027,,thor,magnitude,R36,interiorHeightIn,
2027,,thor,magnitude,R36,sleeps,
2027,,thor,magnitude,R36,dryWeightLbs,
2027,,thor,magnitude,R36,hitchLbs,
2027,,thor,magnitude,R36,fuelCapacityGal,
2027,,thor,magnitude,R36,freshWater,
2027,,thor,magnitude,R36,grayWater,
2027,,thor,magnitude,R36,blackWater,
2027,,thor,magnitude,R36,propaneLbs,
2027,,thor,magnitude,R36,propaneGal,
2027,,thor,magnitude,R36,waterHeaterGal,
2027,,thor,magnitude,R36,cargoLbs,
2027,,thor,magnitude,R36,garageLengthFt,
2027,,thor,magnitude,R36,garageWidthFt,
2027,,thor,magnitude,R36,garageHeightIn,
2027,,thor,magnitude,R36,garageCapacityLbs,
2027,,thor,magnitude,R36,rampPatioLbs,
2027,,thor,magnitude,R36,fuelStationGal,
2027,,thor,magnitude,R36,axles,
2027,,thor,magnitude,R36,tireSize,
2027,,thor,magnitude,R36,slideouts,
2027,,thor,magnitude,X32,uvwLbs,
2027,,thor,magnitude,X32,length,
2027,,thor,magnitude,X32,exteriorHeightIn,
2027,,thor,magnitude,X32,exteriorWidthIn,
2027,,thor,magnitude,X32,interiorHeightIn,
2027,,thor,magnitude,X32,sleeps,
2027,,thor,magnitude,X32,dryWeightLbs,
2027,,thor,magnitude,X32,hitchLbs,
2027,,thor,magnitude,X32,fuelCapacityGal,
2027,,thor,magnitude,X32,freshWater,
2027,,thor,magnitude,X32,grayWater,
2027,,thor,magnitude,X32,blackWater,
2027,,thor,magnitude,X32,propaneLbs,
2027,,thor,magnitude,X32,propaneGal,
2027,,thor,magnitude,X32,waterHeaterGal,
2027,,thor,magnitude,X32,cargoLbs,
2027,,thor,magnitude,X32,garageLengthFt,
2027,,thor,magnitude,X32,garageWidthFt,
2027,,thor,magnitude,X32,garageHeightIn,
2027,,thor,magnitude,X32,garageCapacityLbs,
2027,,thor,magnitude,X32,rampPatioLbs,
2027,,thor,magnitude,X32,fuelStationGal,
2027,,thor,magnitude,X32,axles,
2027,,thor,magnitude,X32,tireSize,
2027,,thor,magnitude,X32,slideouts,
2027,,thor,magnitude,Z30,uvwLbs,
2027,,thor,magnitude,Z30,length,
2027,,thor,magnitude,Z30,exteriorHeightIn,
2027,,thor,magnitude,Z30,exteriorWidthIn,
2027,,thor,magnitude,Z30,interiorHeightIn,
2027,,thor,magnitude,Z30,sleeps,
2027,,thor,magnitude,Z30,dryWeightLbs,
2027,,thor,magnitude,Z30,hitchLbs,
2027,,thor,magnitude,Z30,fuelCapacityGal,
2027,,thor,magnitude,Z30,freshWater,
2027,,thor,magnitude,Z30,grayWater,
2027,,thor,magnitude,Z30,blackWater,
2027,,thor,magnitude,Z30,propaneLbs,
2027,,thor,magnitude,Z30,propaneGal,
2027,,thor,magnitude,Z30,waterHeaterGal,
2027,,thor,magnitude,Z30,cargoLbs,
2027,,thor,magnitude,Z30,garageLengthFt,
2027,,thor,magnitude,Z30,garageWidthFt,
2027,,thor,magnitude,Z30,garageHeightIn,
2027,,thor,magnitude,Z30,garageCapacityLbs,
2027,,thor,magnitude,Z30,rampPatioLbs,
2027,,thor,magnitude,Z30,fuelStationGal,
2027,,thor,magnitude,Z30,axles,
2027,,thor,magnitude,Z30,tireSize,
2027,,thor,magnitude,Z30,slideouts,
2027,,thor,omni,L35,uvwLbs,
2027,,thor,omni,L35,length,
2027,,thor,omni,L35,exteriorHeightIn,
2027,,thor,omni,L35,exteriorWidthIn,
2027,,thor,omni,L35,interiorHeightIn,
2027,,thor,omni,L35,sleeps,
2027,,thor,omni,L35,dryWeightLbs,
2027,,thor,omni,L35,hitchLbs,
2027,,thor,omni,L35,fuelCapacityGal,
2027,,thor,omni,L35,freshWater,
2027,,thor,omni,L35,grayWater,
2027,,thor,omni,L35,blackWater,
2027,,thor,omni,L35,propaneLbs,
2027,,thor,omni,L35,propaneGal,
2027,,thor,omni,L35,waterHeaterGal,
2027,,thor,omni,L35,cargoLbs,
2027,,thor,omni,L35,garageLengthFt,
2027,,thor,omni,L35,garageWidthFt,
2027,,thor,omni,L35,garageHeightIn,
2027,,thor,omni,L35,garageCapacityLbs,
2027,,thor,omni,L35,rampPatioLbs,
2027,,thor,omni,L35,fuelStationGal,
2027,,thor,omni,L35,axles,
2027,,thor,omni,L35,tireSize,
2027,,thor,omni,L35,slideouts,
2027,,thor,omni,R36,uvwLbs,
2027,,thor,omni,R36,length,
2027,,thor,omni,R36,exteriorHeightIn,
2027,,thor,omni,R36,exteriorWidthIn,
2027,,thor,omni,R36,interiorHeightIn,
2027,,thor,omni,R36,sleeps,
2027,,thor,omni,R36,dryWeightLbs,
2027,,thor,omni,R36,hitchLbs,
2027,,thor,omni,R36,fuelCapacityGal,
2027,,thor,omni,R36,freshWater,
2027,,thor,omni,R36,grayWater,
2027,,thor,omni,R36,blackWater,
2027,,thor,omni,R36,propaneLbs,
2027,,thor,omni,R36,propaneGal,
2027,,thor,omni,R36,waterHeaterGal,
2027,,thor,omni,R36,cargoLbs,
2027,,thor,omni,R36,garageLengthFt,
2027,,thor,omni,R36,garageWidthFt,
2027,,thor,omni,R36,garageHeightIn,
2027,,thor,omni,R36,garageCapacityLbs,
2027,,thor,omni,R36,rampPatioLbs,
2027,,thor,omni,R36,fuelStationGal,
2027,,thor,omni,R36,axles,
2027,,thor,omni,R36,tireSize,
2027,,thor,omni,R36,slideouts,
2027,,thor,omni,X32,uvwLbs,
2027,,thor,omni,X32,length,
2027,,thor,omni,X32,exteriorHeightIn,
2027,,thor,omni,X32,exteriorWidthIn,
2027,,thor,omni,X32,interiorHeightIn,
2027,,thor,omni,X32,sleeps,
2027,,thor,omni,X32,dryWeightLbs,
2027,,thor,omni,X32,hitchLbs,
2027,,thor,omni,X32,fuelCapacityGal,
2027,,thor,omni,X32,freshWater,
2027,,thor,omni,X32,grayWater,
2027,,thor,omni,X32,blackWater,
2027,,thor,omni,X32,propaneLbs,
2027,,thor,omni,X32,propaneGal,
2027,,thor,omni,X32,waterHeaterGal,
2027,,thor,omni,X32,cargoLbs,
2027,,thor,omni,X32,garageLengthFt,
2027,,thor,omni,X32,garageWidthFt,
2027,,thor,omni,X32,garageHeightIn,
2027,,thor,omni,X32,garageCapacityLbs,
2027,,thor,omni,X32,rampPatioLbs,
2027,,thor,omni,X32,fuelStationGal,
2027,,thor,omni,X32,axles,
2027,,thor,omni,X32,tireSize,
2027,,thor,omni,X32,slideouts,
2027,,thor,omni,Z30,uvwLbs,
2027,,thor,omni,Z30,length,
2027,,thor,omni,Z30,exteriorHeightIn,
2027,,thor,omni,Z30,exteriorWidthIn,
2027,,thor,omni,Z30,interiorHeightIn,
2027,,thor,omni,Z30,sleeps,
2027,,thor,omni,Z30,dryWeightLbs,
2027,,thor,omni,Z30,hitchLbs,
2027,,thor,omni,Z30,fuelCapacityGal,
2027,,thor,omni,Z30,freshWater,
2027,,thor,omni,Z30,grayWater,
2027,,thor,omni,Z30,blackWater,
2027,,thor,omni,Z30,propaneLbs,
2027,,thor,omni,Z30,propaneGal,
2027,,thor,omni,Z30,waterHeaterGal,
2027,,thor,omni,Z30,cargoLbs,
2027,,thor,omni,Z30,garageLengthFt,
2027,,thor,omni,Z30,garageWidthFt,
2027,,thor,omni,Z30,garageHeightIn,
2027,,thor,omni,Z30,garageCapacityLbs,
2027,,thor,omni,Z30,rampPatioLbs,
2027,,thor,omni,Z30,fuelStationGal,
2027,,thor,omni,Z30,axles,
2027,,thor,omni,Z30,tireSize,
2027,,thor,omni,Z30,slideouts,
2027,,thor,outlaw class a,38K,uvwLbs,
2027,,thor,outlaw class a,38K,length,
2027,,thor,outlaw class a,38K,exteriorHeightIn,
2027,,thor,outlaw class a,38K,exteriorWidthIn,
2027,,thor,outlaw class a,38K,interiorHeightIn,
2027,,thor,outlaw class a,38K,sleeps,
2027,,thor,outlaw class a,38K,dryWeightLbs,
2027,,thor,outlaw class a,38K,hitchLbs,
2027,,thor,outlaw class a,38K,fuelCapacityGal,
2027,,thor,outlaw class a,38K,freshWater,
2027,,thor,outlaw class a,38K,grayWater,
2027,,thor,outlaw class a,38K,blackWater,
2027,,thor,outlaw class a,38K,propaneLbs,
2027,,thor,outlaw class a,38K,propaneGal,
2027,,thor,outlaw class a,38K,waterHeaterGal,
2027,,thor,outlaw class a,38K,cargoLbs,
2027,,thor,outlaw class a,38K,garageLengthFt,
2027,,thor,outlaw class a,38K,garageWidthFt,
2027,,thor,outlaw class a,38K,garageHeightIn,
2027,,thor,outlaw class a,38K,garageCapacityLbs,
2027,,thor,outlaw class a,38K,rampPatioLbs,
2027,,thor,outlaw class a,38K,fuelStationGal,
2027,,thor,outlaw class a,38K,axles,
2027,,thor,outlaw class a,38K,tireSize,
2027,,thor,outlaw class a,38K,slideouts,
2027,,thor,outlaw class a,38M,uvwLbs,
2027,,thor,outlaw class a,38M,length,
2027,,thor,outlaw class a,38M,exteriorHeightIn,
2027,,thor,outlaw class a,38M,exteriorWidthIn,
2027,,thor,outlaw class a,38M,interiorHeightIn,
2027,,thor,outlaw class a,38M,sleeps,
2027,,thor,outlaw class a,38M,dryWeightLbs,
2027,,thor,outlaw class a,38M,hitchLbs,
2027,,thor,outlaw class a,38M,fuelCapacityGal,
2027,,thor,outlaw class a,38M,freshWater,
2027,,thor,outlaw class a,38M,grayWater,
2027,,thor,outlaw class a,38M,blackWater,
2027,,thor,outlaw class a,38M,propaneLbs,
2027,,thor,outlaw class a,38M,propaneGal,
2027,,thor,outlaw class a,38M,waterHeaterGal,
2027,,thor,outlaw class a,38M,cargoLbs,
2027,,thor,outlaw class a,38M,garageLengthFt,
2027,,thor,outlaw class a,38M,garageWidthFt,
2027,,thor,outlaw class a,38M,garageHeightIn,
2027,,thor,outlaw class a,38M,garageCapacityLbs,
2027,,thor,outlaw class a,38M,rampPatioLbs,
2027,,thor,outlaw class a,38M,fuelStationGal,
2027,,thor,outlaw class a,38M,axles,
2027,,thor,outlaw class a,38M,tireSize,
2027,,thor,outlaw class a,38M,slideouts,
2027,,thor,outlaw class c,29J,uvwLbs,
2027,,thor,outlaw class c,29J,length,
2027,,thor,outlaw class c,29J,exteriorHeightIn,
2027,,thor,outlaw class c,29J,exteriorWidthIn,
2027,,thor,outlaw class c,29J,interiorHeightIn,
2027,,thor,outlaw class c,29J,sleeps,
2027,,thor,outlaw class c,29J,dryWeightLbs,
2027,,thor,outlaw class c,29J,hitchLbs,
2027,,thor,outlaw class c,29J,fuelCapacityGal,
2027,,thor,outlaw class c,29J,freshWater,
2027,,thor,outlaw class c,29J,grayWater,
2027,,thor,outlaw class c,29J,blackWater,
2027,,thor,outlaw class c,29J,propaneLbs,
2027,,thor,outlaw class c,29J,propaneGal,
2027,,thor,outlaw class c,29J,waterHeaterGal,
2027,,thor,outlaw class c,29J,cargoLbs,
2027,,thor,outlaw class c,29J,garageLengthFt,
2027,,thor,outlaw class c,29J,garageWidthFt,
2027,,thor,outlaw class c,29J,garageHeightIn,
2027,,thor,outlaw class c,29J,garageCapacityLbs,
2027,,thor,outlaw class c,29J,rampPatioLbs,
2027,,thor,outlaw class c,29J,fuelStationGal,
2027,,thor,outlaw class c,29J,axles,
2027,,thor,outlaw class c,29J,tireSize,
2027,,thor,outlaw class c,29J,slideouts,
2027,,thor,outlaw class c,29T,uvwLbs,
2027,,thor,outlaw class c,29T,length,
2027,,thor,outlaw class c,29T,exteriorHeightIn,
2027,,thor,outlaw class c,29T,exteriorWidthIn,
2027,,thor,outlaw class c,29T,interiorHeightIn,
2027,,thor,outlaw class c,29T,sleeps,
2027,,thor,outlaw class c,29T,dryWeightLbs,
2027,,thor,outlaw class c,29T,hitchLbs,
2027,,thor,outlaw class c,29T,fuelCapacityGal,
2027,,thor,outlaw class c,29T,freshWater,
2027,,thor,outlaw class c,29T,grayWater,
2027,,thor,outlaw class c,29T,blackWater,
2027,,thor,outlaw class c,29T,propaneLbs,
2027,,thor,outlaw class c,29T,propaneGal,
2027,,thor,outlaw class c,29T,waterHeaterGal,
2027,,thor,outlaw class c,29T,cargoLbs,
2027,,thor,outlaw class c,29T,garageLengthFt,
2027,,thor,outlaw class c,29T,garageWidthFt,
2027,,thor,outlaw class c,29T,garageHeightIn,
2027,,thor,outlaw class c,29T,garageCapacityLbs,
2027,,thor,outlaw class c,29T,rampPatioLbs,
2027,,thor,outlaw class c,29T,fuelStationGal,
2027,,thor,outlaw class c,29T,axles,
2027,,thor,outlaw class c,29T,tireSize,
2027,,thor,outlaw class c,29T,slideouts,
,2024-2026,thor,palazzo gt,33.5,uvwLbs,
,2024-2026,thor,palazzo gt,33.5,length,
,2024-2026,thor,palazzo gt,33.5,exteriorHeightIn,
,2024-2026,thor,palazzo gt,33.5,exteriorWidthIn,
,2024-2026,thor,palazzo gt,33.5,interiorHeightIn,
,2024-2026,thor,palazzo gt,33.5,sleeps,
,2024-2026,thor,palazzo gt,33.5,dryWeightLbs,
,2024-2026,thor,palazzo gt,33.5,hitchLbs,
,2024-2026,thor,palazzo gt,33.5,fuelCapacityGal,
,2024-2026,thor,palazzo gt,33.5,freshWater,
,2024-2026,thor,palazzo gt,33.5,grayWater,
,2024-2026,thor,palazzo gt,33.5,blackWater,
,2024-2026,thor,palazzo gt,33.5,propaneLbs,
,2024-2026,thor,palazzo gt,33.5,propaneGal,
,2024-2026,thor,palazzo gt,33.5,waterHeaterGal,
,2024-2026,thor,palazzo gt,33.5,cargoLbs,
,2024-2026,thor,palazzo gt,33.5,garageLengthFt,
,2024-2026,thor,palazzo gt,33.5,garageWidthFt,
,2024-2026,thor,palazzo gt,33.5,garageHeightIn,
,2024-2026,thor,palazzo gt,33.5,garageCapacityLbs,
,2024-2026,thor,palazzo gt,33.5,rampPatioLbs,
,2024-2026,thor,palazzo gt,33.5,fuelStationGal,
,2024-2026,thor,palazzo gt,33.5,axles,
,2024-2026,thor,palazzo gt,33.5,tireSize,
,2024-2026,thor,palazzo gt,33.5,slideouts,
,2024-2026,thor,palazzo gt,33.6,uvwLbs,
,2024-2026,thor,palazzo gt,33.6,length,
,2024-2026,thor,palazzo gt,33.6,exteriorHeightIn,
,2024-2026,thor,palazzo gt,33.6,exteriorWidthIn,
,2024-2026,thor,palazzo gt,33.6,interiorHeightIn,
,2024-2026,thor,palazzo gt,33.6,sleeps,
,2024-2026,thor,palazzo gt,33.6,dryWeightLbs,
,2024-2026,thor,palazzo gt,33.6,hitchLbs,
,2024-2026,thor,palazzo gt,33.6,fuelCapacityGal,
,2024-2026,thor,palazzo gt,33.6,freshWater,
,2024-2026,thor,palazzo gt,33.6,grayWater,
,2024-2026,thor,palazzo gt,33.6,blackWater,
,2024-2026,thor,palazzo gt,33.6,propaneLbs,
,2024-2026,thor,palazzo gt,33.6,propaneGal,
,2024-2026,thor,palazzo gt,33.6,waterHeaterGal,
,2024-2026,thor,palazzo gt,33.6,cargoLbs,
,2024-2026,thor,palazzo gt,33.6,garageLengthFt,
,2024-2026,thor,palazzo gt,33.6,garageWidthFt,
,2024-2026,thor,palazzo gt,33.6,garageHeightIn,
,2024-2026,thor,palazzo gt,33.6,garageCapacityLbs,
,2024-2026,thor,palazzo gt,33.6,rampPatioLbs,
,2024-2026,thor,palazzo gt,33.6,fuelStationGal,
,2024-2026,thor,palazzo gt,33.6,axles,
,2024-2026,thor,palazzo gt,33.6,tireSize,
,2024-2026,thor,palazzo gt,33.6,slideouts,
,2024-2026,thor,palazzo gt,37.4,uvwLbs,
,2024-2026,thor,palazzo gt,37.4,length,
,2024-2026,thor,palazzo gt,37.4,exteriorHeightIn,
,2024-2026,thor,palazzo gt,37.4,exteriorWidthIn,
,2024-2026,thor,palazzo gt,37.4,interiorHeightIn,
,2024-2026,thor,palazzo gt,37.4,sleeps,
,2024-2026,thor,palazzo gt,37.4,dryWeightLbs,
,2024-2026,thor,palazzo gt,37.4,hitchLbs,
,2024-2026,thor,palazzo gt,37.4,fuelCapacityGal,
,2024-2026,thor,palazzo gt,37.4,freshWater,
,2024-2026,thor,palazzo gt,37.4,grayWater,
,2024-2026,thor,palazzo gt,37.4,blackWater,
,2024-2026,thor,palazzo gt,37.4,propaneLbs,
,2024-2026,thor,palazzo gt,37.4,propaneGal,
,2024-2026,thor,palazzo gt,37.4,waterHeaterGal,
,2024-2026,thor,palazzo gt,37.4,cargoLbs,
,2024-2026,thor,palazzo gt,37.4,garageLengthFt,
,2024-2026,thor,palazzo gt,37.4,garageWidthFt,
,2024-2026,thor,palazzo gt,37.4,garageHeightIn,
,2024-2026,thor,palazzo gt,37.4,garageCapacityLbs,
,2024-2026,thor,palazzo gt,37.4,rampPatioLbs,
,2024-2026,thor,palazzo gt,37.4,fuelStationGal,
,2024-2026,thor,palazzo gt,37.4,axles,
,2024-2026,thor,palazzo gt,37.4,tireSize,
,2024-2026,thor,palazzo gt,37.4,slideouts,
,2024-2026,thor,palazzo gt,37.5,uvwLbs,
,2024-2026,thor,palazzo gt,37.5,length,
,2024-2026,thor,palazzo gt,37.5,exteriorHeightIn,
,2024-2026,thor,palazzo gt,37.5,exteriorWidthIn,
,2024-2026,thor,palazzo gt,37.5,interiorHeightIn,
,2024-2026,thor,palazzo gt,37.5,sleeps,
,2024-2026,thor,palazzo gt,37.5,dryWeightLbs,
,2024-2026,thor,palazzo gt,37.5,hitchLbs,
,2024-2026,thor,palazzo gt,37.5,fuelCapacityGal,
,2024-2026,thor,palazzo gt,37.5,freshWater,
,2024-2026,thor,palazzo gt,37.5,grayWater,
,2024-2026,thor,palazzo gt,37.5,blackWater,
,2024-2026,thor,palazzo gt,37.5,propaneLbs,
,2024-2026,thor,palazzo gt,37.5,propaneGal,
,2024-2026,thor,palazzo gt,37.5,waterHeaterGal,
,2024-2026,thor,palazzo gt,37.5,cargoLbs,
,2024-2026,thor,palazzo gt,37.5,garageLengthFt,
,2024-2026,thor,palazzo gt,37.5,garageWidthFt,
,2024-2026,thor,palazzo gt,37.5,garageHeightIn,
,2024-2026,thor,palazzo gt,37.5,garageCapacityLbs,
,2024-2026,thor,palazzo gt,37.5,rampPatioLbs,
,2024-2026,thor,palazzo gt,37.5,fuelStationGal,
,2024-2026,thor,palazzo gt,37.5,axles,
,2024-2026,thor,palazzo gt,37.5,tireSize,
,2024-2026,thor,palazzo gt,37.5,slideouts,
2027,,thor,palazzo,33.5,uvwLbs,
2027,,thor,palazzo,33.5,length,
2027,,thor,palazzo,33.5,exteriorHeightIn,
2027,,thor,palazzo,33.5,exteriorWidthIn,
2027,,thor,palazzo,33.5,interiorHeightIn,
2027,,thor,palazzo,33.5,sleeps,
2027,,thor,palazzo,33.5,dryWeightLbs,
2027,,thor,palazzo,33.5,hitchLbs,
2027,,thor,palazzo,33.5,fuelCapacityGal,
2027,,thor,palazzo,33.5,freshWater,
2027,,thor,palazzo,33.5,grayWater,
2027,,thor,palazzo,33.5,blackWater,
2027,,thor,palazzo,33.5,propaneLbs,
2027,,thor,palazzo,33.5,propaneGal,
2027,,thor,palazzo,33.5,waterHeaterGal,
2027,,thor,palazzo,33.5,cargoLbs,
2027,,thor,palazzo,33.5,garageLengthFt,
2027,,thor,palazzo,33.5,garageWidthFt,
2027,,thor,palazzo,33.5,garageHeightIn,
2027,,thor,palazzo,33.5,garageCapacityLbs,
2027,,thor,palazzo,33.5,rampPatioLbs,
2027,,thor,palazzo,33.5,fuelStationGal,
2027,,thor,palazzo,33.5,axles,
2027,,thor,palazzo,33.5,tireSize,
2027,,thor,palazzo,33.5,slideouts,
2027,,thor,palazzo,33.6,uvwLbs,
2027,,thor,palazzo,33.6,length,
2027,,thor,palazzo,33.6,exteriorHeightIn,
2027,,thor,palazzo,33.6,exteriorWidthIn,
2027,,thor,palazzo,33.6,interiorHeightIn,
2027,,thor,palazzo,33.6,sleeps,
2027,,thor,palazzo,33.6,dryWeightLbs,
2027,,thor,palazzo,33.6,hitchLbs,
2027,,thor,palazzo,33.6,fuelCapacityGal,
2027,,thor,palazzo,33.6,freshWater,
2027,,thor,palazzo,33.6,grayWater,
2027,,thor,palazzo,33.6,blackWater,
2027,,thor,palazzo,33.6,propaneLbs,
2027,,thor,palazzo,33.6,propaneGal,
2027,,thor,palazzo,33.6,waterHeaterGal,
2027,,thor,palazzo,33.6,cargoLbs,
2027,,thor,palazzo,33.6,garageLengthFt,
2027,,thor,palazzo,33.6,garageWidthFt,
2027,,thor,palazzo,33.6,garageHeightIn,
2027,,thor,palazzo,33.6,garageCapacityLbs,
2027,,thor,palazzo,33.6,rampPatioLbs,
2027,,thor,palazzo,33.6,fuelStationGal,
2027,,thor,palazzo,33.6,axles,
2027,,thor,palazzo,33.6,tireSize,
2027,,thor,palazzo,33.6,slideouts,
2027,,thor,palazzo,37.4,uvwLbs,
2027,,thor,palazzo,37.4,length,
2027,,thor,palazzo,37.4,exteriorHeightIn,
2027,,thor,palazzo,37.4,exteriorWidthIn,
2027,,thor,palazzo,37.4,interiorHeightIn,
2027,,thor,palazzo,37.4,sleeps,
2027,,thor,palazzo,37.4,dryWeightLbs,
2027,,thor,palazzo,37.4,hitchLbs,
2027,,thor,palazzo,37.4,fuelCapacityGal,
2027,,thor,palazzo,37.4,freshWater,
2027,,thor,palazzo,37.4,grayWater,
2027,,thor,palazzo,37.4,blackWater,
2027,,thor,palazzo,37.4,propaneLbs,
2027,,thor,palazzo,37.4,propaneGal,
2027,,thor,palazzo,37.4,waterHeaterGal,
2027,,thor,palazzo,37.4,cargoLbs,
2027,,thor,palazzo,37.4,garageLengthFt,
2027,,thor,palazzo,37.4,garageWidthFt,
2027,,thor,palazzo,37.4,garageHeightIn,
2027,,thor,palazzo,37.4,garageCapacityLbs,
2027,,thor,palazzo,37.4,rampPatioLbs,
2027,,thor,palazzo,37.4,fuelStationGal,
2027,,thor,palazzo,37.4,axles,
2027,,thor,palazzo,37.4,tireSize,
2027,,thor,palazzo,37.4,slideouts,
2027,,thor,palazzo,37.5,uvwLbs,
2027,,thor,palazzo,37.5,length,
2027,,thor,palazzo,37.5,exteriorHeightIn,
2027,,thor,palazzo,37.5,exteriorWidthIn,
2027,,thor,palazzo,37.5,interiorHeightIn,
2027,,thor,palazzo,37.5,sleeps,
2027,,thor,palazzo,37.5,dryWeightLbs,
2027,,thor,palazzo,37.5,hitchLbs,
2027,,thor,palazzo,37.5,fuelCapacityGal,
2027,,thor,palazzo,37.5,freshWater,
2027,,thor,palazzo,37.5,grayWater,
2027,,thor,palazzo,37.5,blackWater,
2027,,thor,palazzo,37.5,propaneLbs,
2027,,thor,palazzo,37.5,propaneGal,
2027,,thor,palazzo,37.5,waterHeaterGal,
2027,,thor,palazzo,37.5,cargoLbs,
2027,,thor,palazzo,37.5,garageLengthFt,
2027,,thor,palazzo,37.5,garageWidthFt,
2027,,thor,palazzo,37.5,garageHeightIn,
2027,,thor,palazzo,37.5,garageCapacityLbs,
2027,,thor,palazzo,37.5,rampPatioLbs,
2027,,thor,palazzo,37.5,fuelStationGal,
2027,,thor,palazzo,37.5,axles,
2027,,thor,palazzo,37.5,tireSize,
2027,,thor,palazzo,37.5,slideouts,
2027,,thor,palladium,1920,uvwLbs,
2027,,thor,palladium,1920,length,
2027,,thor,palladium,1920,exteriorHeightIn,
2027,,thor,palladium,1920,exteriorWidthIn,
2027,,thor,palladium,1920,interiorHeightIn,
2027,,thor,palladium,1920,sleeps,
2027,,thor,palladium,1920,dryWeightLbs,
2027,,thor,palladium,1920,hitchLbs,
2027,,thor,palladium,1920,fuelCapacityGal,
2027,,thor,palladium,1920,freshWater,
2027,,thor,palladium,1920,grayWater,
2027,,thor,palladium,1920,blackWater,
2027,,thor,palladium,1920,propaneLbs,
2027,,thor,palladium,1920,propaneGal,
2027,,thor,palladium,1920,waterHeaterGal,
2027,,thor,palladium,1920,cargoLbs,
2027,,thor,palladium,1920,garageLengthFt,
2027,,thor,palladium,1920,garageWidthFt,
2027,,thor,palladium,1920,garageHeightIn,
2027,,thor,palladium,1920,garageCapacityLbs,
2027,,thor,palladium,1920,rampPatioLbs,
2027,,thor,palladium,1920,fuelStationGal,
2027,,thor,palladium,1920,axles,
2027,,thor,palladium,1920,tireSize,
2027,,thor,palladium,1920,slideouts,
2027,,thor,palladium,1930,uvwLbs,
2027,,thor,palladium,1930,length,
2027,,thor,palladium,1930,exteriorHeightIn,
2027,,thor,palladium,1930,exteriorWidthIn,
2027,,thor,palladium,1930,interiorHeightIn,
2027,,thor,palladium,1930,sleeps,
2027,,thor,palladium,1930,dryWeightLbs,
2027,,thor,palladium,1930,hitchLbs,
2027,,thor,palladium,1930,fuelCapacityGal,
2027,,thor,palladium,1930,freshWater,
2027,,thor,palladium,1930,grayWater,
2027,,thor,palladium,1930,blackWater,
2027,,thor,palladium,1930,propaneLbs,
2027,,thor,palladium,1930,propaneGal,
2027,,thor,palladium,1930,waterHeaterGal,
2027,,thor,palladium,1930,cargoLbs,
2027,,thor,palladium,1930,garageLengthFt,
2027,,thor,palladium,1930,garageWidthFt,
2027,,thor,palladium,1930,garageHeightIn,
2027,,thor,palladium,1930,garageCapacityLbs,
2027,,thor,palladium,1930,rampPatioLbs,
2027,,thor,palladium,1930,fuelStationGal,
2027,,thor,palladium,1930,axles,
2027,,thor,palladium,1930,tireSize,
2027,,thor,palladium,1930,slideouts,
2027,,thor,pasadena sv,34XG,uvwLbs,
2027,,thor,pasadena sv,34XG,length,
2027,,thor,pasadena sv,34XG,exteriorHeightIn,
2027,,thor,pasadena sv,34XG,exteriorWidthIn,
2027,,thor,pasadena sv,34XG,interiorHeightIn,
2027,,thor,pasadena sv,34XG,sleeps,
2027,,thor,pasadena sv,34XG,dryWeightLbs,
2027,,thor,pasadena sv,34XG,hitchLbs,
2027,,thor,pasadena sv,34XG,fuelCapacityGal,
2027,,thor,pasadena sv,34XG,freshWater,
2027,,thor,pasadena sv,34XG,grayWater,
2027,,thor,pasadena sv,34XG,blackWater,
2027,,thor,pasadena sv,34XG,propaneLbs,
2027,,thor,pasadena sv,34XG,propaneGal,
2027,,thor,pasadena sv,34XG,waterHeaterGal,
2027,,thor,pasadena sv,34XG,cargoLbs,
2027,,thor,pasadena sv,34XG,garageLengthFt,
2027,,thor,pasadena sv,34XG,garageWidthFt,
2027,,thor,pasadena sv,34XG,garageHeightIn,
2027,,thor,pasadena sv,34XG,garageCapacityLbs,
2027,,thor,pasadena sv,34XG,rampPatioLbs,
2027,,thor,pasadena sv,34XG,fuelStationGal,
2027,,thor,pasadena sv,34XG,axles,
2027,,thor,pasadena sv,34XG,tireSize,
2027,,thor,pasadena sv,34XG,slideouts,
2027,,thor,pasadena sv,38DX,uvwLbs,
2027,,thor,pasadena sv,38DX,length,
2027,,thor,pasadena sv,38DX,exteriorHeightIn,
2027,,thor,pasadena sv,38DX,exteriorWidthIn,
2027,,thor,pasadena sv,38DX,interiorHeightIn,
2027,,thor,pasadena sv,38DX,sleeps,
2027,,thor,pasadena sv,38DX,dryWeightLbs,
2027,,thor,pasadena sv,38DX,hitchLbs,
2027,,thor,pasadena sv,38DX,fuelCapacityGal,
2027,,thor,pasadena sv,38DX,freshWater,
2027,,thor,pasadena sv,38DX,grayWater,
2027,,thor,pasadena sv,38DX,blackWater,
2027,,thor,pasadena sv,38DX,propaneLbs,
2027,,thor,pasadena sv,38DX,propaneGal,
2027,,thor,pasadena sv,38DX,waterHeaterGal,
2027,,thor,pasadena sv,38DX,cargoLbs,
2027,,thor,pasadena sv,38DX,garageLengthFt,
2027,,thor,pasadena sv,38DX,garageWidthFt,
2027,,thor,pasadena sv,38DX,garageHeightIn,
2027,,thor,pasadena sv,38DX,garageCapacityLbs,
2027,,thor,pasadena sv,38DX,rampPatioLbs,
2027,,thor,pasadena sv,38DX,fuelStationGal,
2027,,thor,pasadena sv,38DX,axles,
2027,,thor,pasadena sv,38DX,tireSize,
2027,,thor,pasadena sv,38DX,slideouts,
2027,,thor,pasadena sv,38FX,uvwLbs,
2027,,thor,pasadena sv,38FX,length,
2027,,thor,pasadena sv,38FX,exteriorHeightIn,
2027,,thor,pasadena sv,38FX,exteriorWidthIn,
2027,,thor,pasadena sv,38FX,interiorHeightIn,
2027,,thor,pasadena sv,38FX,sleeps,
2027,,thor,pasadena sv,38FX,dryWeightLbs,
2027,,thor,pasadena sv,38FX,hitchLbs,
2027,,thor,pasadena sv,38FX,fuelCapacityGal,
2027,,thor,pasadena sv,38FX,freshWater,
2027,,thor,pasadena sv,38FX,grayWater,
2027,,thor,pasadena sv,38FX,blackWater,
2027,,thor,pasadena sv,38FX,propaneLbs,
2027,,thor,pasadena sv,38FX,propaneGal,
2027,,thor,pasadena sv,38FX,waterHeaterGal,
2027,,thor,pasadena sv,38FX,cargoLbs,
2027,,thor,pasadena sv,38FX,garageLengthFt,
2027,,thor,pasadena sv,38FX,garageWidthFt,
2027,,thor,pasadena sv,38FX,garageHeightIn,
2027,,thor,pasadena sv,38FX,garageCapacityLbs,
2027,,thor,pasadena sv,38FX,rampPatioLbs,
2027,,thor,pasadena sv,38FX,fuelStationGal,
2027,,thor,pasadena sv,38FX,axles,
2027,,thor,pasadena sv,38FX,tireSize,
2027,,thor,pasadena sv,38FX,slideouts,
2027,,thor,pasadena sv,38XL,uvwLbs,
2027,,thor,pasadena sv,38XL,length,
2027,,thor,pasadena sv,38XL,exteriorHeightIn,
2027,,thor,pasadena sv,38XL,exteriorWidthIn,
2027,,thor,pasadena sv,38XL,interiorHeightIn,
2027,,thor,pasadena sv,38XL,sleeps,
2027,,thor,pasadena sv,38XL,dryWeightLbs,
2027,,thor,pasadena sv,38XL,hitchLbs,
2027,,thor,pasadena sv,38XL,fuelCapacityGal,
2027,,thor,pasadena sv,38XL,freshWater,
2027,,thor,pasadena sv,38XL,grayWater,
2027,,thor,pasadena sv,38XL,blackWater,
2027,,thor,pasadena sv,38XL,propaneLbs,
2027,,thor,pasadena sv,38XL,propaneGal,
2027,,thor,pasadena sv,38XL,waterHeaterGal,
2027,,thor,pasadena sv,38XL,cargoLbs,
2027,,thor,pasadena sv,38XL,garageLengthFt,
2027,,thor,pasadena sv,38XL,garageWidthFt,
2027,,thor,pasadena sv,38XL,garageHeightIn,
2027,,thor,pasadena sv,38XL,garageCapacityLbs,
2027,,thor,pasadena sv,38XL,rampPatioLbs,
2027,,thor,pasadena sv,38XL,fuelStationGal,
2027,,thor,pasadena sv,38XL,axles,
2027,,thor,pasadena sv,38XL,tireSize,
2027,,thor,pasadena sv,38XL,slideouts,
2027,,thor,pasadena,34XG,uvwLbs,
2027,,thor,pasadena,34XG,length,
2027,,thor,pasadena,34XG,exteriorHeightIn,
2027,,thor,pasadena,34XG,exteriorWidthIn,
2027,,thor,pasadena,34XG,interiorHeightIn,
2027,,thor,pasadena,34XG,sleeps,
2027,,thor,pasadena,34XG,dryWeightLbs,
2027,,thor,pasadena,34XG,hitchLbs,
2027,,thor,pasadena,34XG,fuelCapacityGal,
2027,,thor,pasadena,34XG,freshWater,
2027,,thor,pasadena,34XG,grayWater,
2027,,thor,pasadena,34XG,blackWater,
2027,,thor,pasadena,34XG,propaneLbs,
2027,,thor,pasadena,34XG,propaneGal,
2027,,thor,pasadena,34XG,waterHeaterGal,
2027,,thor,pasadena,34XG,cargoLbs,
2027,,thor,pasadena,34XG,garageLengthFt,
2027,,thor,pasadena,34XG,garageWidthFt,
2027,,thor,pasadena,34XG,garageHeightIn,
2027,,thor,pasadena,34XG,garageCapacityLbs,
2027,,thor,pasadena,34XG,rampPatioLbs,
2027,,thor,pasadena,34XG,fuelStationGal,
2027,,thor,pasadena,34XG,axles,
2027,,thor,pasadena,34XG,tireSize,
2027,,thor,pasadena,34XG,slideouts,
2027,,thor,pasadena,38DX,uvwLbs,
2027,,thor,pasadena,38DX,length,
2027,,thor,pasadena,38DX,exteriorHeightIn,
2027,,thor,pasadena,38DX,exteriorWidthIn,
2027,,thor,pasadena,38DX,interiorHeightIn,
2027,,thor,pasadena,38DX,sleeps,
2027,,thor,pasadena,38DX,dryWeightLbs,
2027,,thor,pasadena,38DX,hitchLbs,
2027,,thor,pasadena,38DX,fuelCapacityGal,
2027,,thor,pasadena,38DX,freshWater,
2027,,thor,pasadena,38DX,grayWater,
2027,,thor,pasadena,38DX,blackWater,
2027,,thor,pasadena,38DX,propaneLbs,
2027,,thor,pasadena,38DX,propaneGal,
2027,,thor,pasadena,38DX,waterHeaterGal,
2027,,thor,pasadena,38DX,cargoLbs,
2027,,thor,pasadena,38DX,garageLengthFt,
2027,,thor,pasadena,38DX,garageWidthFt,
2027,,thor,pasadena,38DX,garageHeightIn,
2027,,thor,pasadena,38DX,garageCapacityLbs,
2027,,thor,pasadena,38DX,rampPatioLbs,
2027,,thor,pasadena,38DX,fuelStationGal,
2027,,thor,pasadena,38DX,axles,
2027,,thor,pasadena,38DX,tireSize,
2027,,thor,pasadena,38DX,slideouts,
2027,,thor,pasadena,38FX,uvwLbs,
2027,,thor,pasadena,38FX,length,
2027,,thor,pasadena,38FX,exteriorHeightIn,
2027,,thor,pasadena,38FX,exteriorWidthIn,
2027,,thor,pasadena,38FX,interiorHeightIn,
2027,,thor,pasadena,38FX,sleeps,
2027,,thor,pasadena,38FX,dryWeightLbs,
2027,,thor,pasadena,38FX,hitchLbs,
2027,,thor,pasadena,38FX,fuelCapacityGal,
2027,,thor,pasadena,38FX,freshWater,
2027,,thor,pasadena,38FX,grayWater,
2027,,thor,pasadena,38FX,blackWater,
2027,,thor,pasadena,38FX,propaneLbs,
2027,,thor,pasadena,38FX,propaneGal,
2027,,thor,pasadena,38FX,waterHeaterGal,
2027,,thor,pasadena,38FX,cargoLbs,
2027,,thor,pasadena,38FX,garageLengthFt,
2027,,thor,pasadena,38FX,garageWidthFt,
2027,,thor,pasadena,38FX,garageHeightIn,
2027,,thor,pasadena,38FX,garageCapacityLbs,
2027,,thor,pasadena,38FX,rampPatioLbs,
2027,,thor,pasadena,38FX,fuelStationGal,
2027,,thor,pasadena,38FX,axles,
2027,,thor,pasadena,38FX,tireSize,
2027,,thor,pasadena,38FX,slideouts,
2027,,thor,pasadena,38XL,uvwLbs,
2027,,thor,pasadena,38XL,length,
2027,,thor,pasadena,38XL,exteriorHeightIn,
2027,,thor,pasadena,38XL,exteriorWidthIn,
2027,,thor,pasadena,38XL,interiorHeightIn,
2027,,thor,pasadena,38XL,sleeps,
2027,,thor,pasadena,38XL,dryWeightLbs,
2027,,thor,pasadena,38XL,hitchLbs,
2027,,thor,pasadena,38XL,fuelCapacityGal,
2027,,thor,pasadena,38XL,freshWater,
2027,,thor,pasadena,38XL,grayWater,
2027,,thor,pasadena,38XL,blackWater,
2027,,thor,pasadena,38XL,propaneLbs,
2027,,thor,pasadena,38XL,propaneGal,
2027,,thor,pasadena,38XL,waterHeaterGal,
2027,,thor,pasadena,38XL,cargoLbs,
2027,,thor,pasadena,38XL,garageLengthFt,
2027,,thor,pasadena,38XL,garageWidthFt,
2027,,thor,pasadena,38XL,garageHeightIn,
2027,,thor,pasadena,38XL,garageCapacityLbs,
2027,,thor,pasadena,38XL,rampPatioLbs,
2027,,thor,pasadena,38XL,fuelStationGal,
2027,,thor,pasadena,38XL,axles,
2027,,thor,pasadena,38XL,tireSize,
2027,,thor,pasadena,38XL,slideouts,
,2026-2027,thor,quantum,HS31,uvwLbs,
,2026-2027,thor,quantum,HS31,length,
,2026-2027,thor,quantum,HS31,exteriorHeightIn,
,2026-2027,thor,quantum,HS31,exteriorWidthIn,
,2026-2027,thor,quantum,HS31,interiorHeightIn,
,2026-2027,thor,quantum,HS31,sleeps,
,2026-2027,thor,quantum,HS31,dryWeightLbs,
,2026-2027,thor,quantum,HS31,hitchLbs,
,2026-2027,thor,quantum,HS31,fuelCapacityGal,
,2026-2027,thor,quantum,HS31,freshWater,
,2026-2027,thor,quantum,HS31,grayWater,
,2026-2027,thor,quantum,HS31,blackWater,
,2026-2027,thor,quantum,HS31,propaneLbs,
,2026-2027,thor,quantum,HS31,propaneGal,
,2026-2027,thor,quantum,HS31,waterHeaterGal,
,2026-2027,thor,quantum,HS31,cargoLbs,
,2026-2027,thor,quantum,HS31,garageLengthFt,
,2026-2027,thor,quantum,HS31,garageWidthFt,
,2026-2027,thor,quantum,HS31,garageHeightIn,
,2026-2027,thor,quantum,HS31,garageCapacityLbs,
,2026-2027,thor,quantum,HS31,rampPatioLbs,
,2026-2027,thor,quantum,HS31,fuelStationGal,
,2026-2027,thor,quantum,HS31,axles,
,2026-2027,thor,quantum,HS31,tireSize,
,2026-2027,thor,quantum,HS31,slideouts,
,2026-2027,thor,quantum,KW29,uvwLbs,
,2026-2027,thor,quantum,KW29,length,
,2026-2027,thor,quantum,KW29,exteriorHeightIn,
,2026-2027,thor,quantum,KW29,exteriorWidthIn,
,2026-2027,thor,quantum,KW29,interiorHeightIn,
,2026-2027,thor,quantum,KW29,sleeps,
,2026-2027,thor,quantum,KW29,dryWeightLbs,
,2026-2027,thor,quantum,KW29,hitchLbs,
,2026-2027,thor,quantum,KW29,fuelCapacityGal,
,2026-2027,thor,quantum,KW29,freshWater,
,2026-2027,thor,quantum,KW29,grayWater,
,2026-2027,thor,quantum,KW29,blackWater,
,2026-2027,thor,quantum,KW29,propaneLbs,
,2026-2027,thor,quantum,KW29,propaneGal,
,2026-2027,thor,quantum,KW29,waterHeaterGal,
,2026-2027,thor,quantum,KW29,cargoLbs,
,2026-2027,thor,quantum,KW29,garageLengthFt,
,2026-2027,thor,quantum,KW29,garageWidthFt,
,2026-2027,thor,quantum,KW29,garageHeightIn,
,2026-2027,thor,quantum,KW29,garageCapacityLbs,
,2026-2027,thor,quantum,KW29,rampPatioLbs,
,2026-2027,thor,quantum,KW29,fuelStationGal,
,2026-2027,thor,quantum,KW29,axles,
,2026-2027,thor,quantum,KW29,tireSize,
,2026-2027,thor,quantum,KW29,slideouts,
,2026-2027,thor,quantum,LC19,uvwLbs,
,2026-2027,thor,quantum,LC19,length,
,2026-2027,thor,quantum,LC19,exteriorHeightIn,
,2026-2027,thor,quantum,LC19,exteriorWidthIn,
,2026-2027,thor,quantum,LC19,interiorHeightIn,
,2026-2027,thor,quantum,LC19,sleeps,
,2026-2027,thor,quantum,LC19,dryWeightLbs,
,2026-2027,thor,quantum,LC19,hitchLbs,
,2026-2027,thor,quantum,LC19,fuelCapacityGal,
,2026-2027,thor,quantum,LC19,freshWater,
,2026-2027,thor,quantum,LC19,grayWater,
,2026-2027,thor,quantum,LC19,blackWater,
,2026-2027,thor,quantum,LC19,propaneLbs,
,2026-2027,thor,quantum,LC19,propaneGal,
,2026-2027,thor,quantum,LC19,waterHeaterGal,
,2026-2027,thor,quantum,LC19,cargoLbs,
,2026-2027,thor,quantum,LC19,garageLengthFt,
,2026-2027,thor,quantum,LC19,garageWidthFt,
,2026-2027,thor,quantum,LC19,garageHeightIn,
,2026-2027,thor,quantum,LC19,garageCapacityLbs,
,2026-2027,thor,quantum,LC19,rampPatioLbs,
,2026-2027,thor,quantum,LC19,fuelStationGal,
,2026-2027,thor,quantum,LC19,axles,
,2026-2027,thor,quantum,LC19,tireSize,
,2026-2027,thor,quantum,LC19,slideouts,
,2026-2027,thor,quantum,LC28,uvwLbs,
,2026-2027,thor,quantum,LC28,length,
,2026-2027,thor,quantum,LC28,exteriorHeightIn,
,2026-2027,thor,quantum,LC28,exteriorWidthIn,
,2026-2027,thor,quantum,LC28,interiorHeightIn,
,2026-2027,thor,quantum,LC28,sleeps,
,2026-2027,thor,quantum,LC28,dryWeightLbs,
,2026-2027,thor,quantum,LC28,hitchLbs,
,2026-2027,thor,quantum,LC28,fuelCapacityGal,
,2026-2027,thor,quantum,LC28,freshWater,
,2026-2027,thor,quantum,LC28,grayWater,
,2026-2027,thor,quantum,LC28,blackWater,
,2026-2027,thor,quantum,LC28,propaneLbs,
,2026-2027,thor,quantum,LC28,propaneGal,
,2026-2027,thor,quantum,LC28,waterHeaterGal,
,2026-2027,thor,quantum,LC28,cargoLbs,
,2026-2027,thor,quantum,LC28,garageLengthFt,
,2026-2027,thor,quantum,LC28,garageWidthFt,
,2026-2027,thor,quantum,LC28,garageHeightIn,
,2026-2027,thor,quantum,LC28,garageCapacityLbs,
,2026-2027,thor,quantum,LC28,rampPatioLbs,
,2026-2027,thor,quantum,LC28,fuelStationGal,
,2026-2027,thor,quantum,LC28,axles,
,2026-2027,thor,quantum,LC28,tireSize,
,2026-2027,thor,quantum,LC28,slideouts,
,2026-2027,thor,quantum,LF31,uvwLbs,
,2026-2027,thor,quantum,LF31,length,
,2026-2027,thor,quantum,LF31,exteriorHeightIn,
,2026-2027,thor,quantum,LF31,exteriorWidthIn,
,2026-2027,thor,quantum,LF31,interiorHeightIn,
,2026-2027,thor,quantum,LF31,sleeps,
,2026-2027,thor,quantum,LF31,dryWeightLbs,
,2026-2027,thor,quantum,LF31,hitchLbs,
,2026-2027,thor,quantum,LF31,fuelCapacityGal,
,2026-2027,thor,quantum,LF31,freshWater,
,2026-2027,thor,quantum,LF31,grayWater,
,2026-2027,thor,quantum,LF31,blackWater,
,2026-2027,thor,quantum,LF31,propaneLbs,
,2026-2027,thor,quantum,LF31,propaneGal,
,2026-2027,thor,quantum,LF31,waterHeaterGal,
,2026-2027,thor,quantum,LF31,cargoLbs,
,2026-2027,thor,quantum,LF31,garageLengthFt,
,2026-2027,thor,quantum,LF31,garageWidthFt,
,2026-2027,thor,quantum,LF31,garageHeightIn,
,2026-2027,thor,quantum,LF31,garageCapacityLbs,
,2026-2027,thor,quantum,LF31,rampPatioLbs,
,2026-2027,thor,quantum,LF31,fuelStationGal,
,2026-2027,thor,quantum,LF31,axles,
,2026-2027,thor,quantum,LF31,tireSize,
,2026-2027,thor,quantum,LF31,slideouts,
2027,,thor,resonate,29D,uvwLbs,
2027,,thor,resonate,29D,length,
2027,,thor,resonate,29D,exteriorHeightIn,
2027,,thor,resonate,29D,exteriorWidthIn,
2027,,thor,resonate,29D,interiorHeightIn,
2027,,thor,resonate,29D,sleeps,
2027,,thor,resonate,29D,dryWeightLbs,
2027,,thor,resonate,29D,hitchLbs,
2027,,thor,resonate,29D,fuelCapacityGal,
2027,,thor,resonate,29D,freshWater,
2027,,thor,resonate,29D,grayWater,
2027,,thor,resonate,29D,blackWater,
2027,,thor,resonate,29D,propaneLbs,
2027,,thor,resonate,29D,propaneGal,
2027,,thor,resonate,29D,waterHeaterGal,
2027,,thor,resonate,29D,cargoLbs,
2027,,thor,resonate,29D,garageLengthFt,
2027,,thor,resonate,29D,garageWidthFt,
2027,,thor,resonate,29D,garageHeightIn,
2027,,thor,resonate,29D,garageCapacityLbs,
2027,,thor,resonate,29D,rampPatioLbs,
2027,,thor,resonate,29D,fuelStationGal,
2027,,thor,resonate,29D,axles,
2027,,thor,resonate,29D,tireSize,
2027,,thor,resonate,29D,slideouts,
2027,,thor,resonate,29G,uvwLbs,
2027,,thor,resonate,29G,length,
2027,,thor,resonate,29G,exteriorHeightIn,
2027,,thor,resonate,29G,exteriorWidthIn,
2027,,thor,resonate,29G,interiorHeightIn,
2027,,thor,resonate,29G,sleeps,
2027,,thor,resonate,29G,dryWeightLbs,
2027,,thor,resonate,29G,hitchLbs,
2027,,thor,resonate,29G,fuelCapacityGal,
2027,,thor,resonate,29G,freshWater,
2027,,thor,resonate,29G,grayWater,
2027,,thor,resonate,29G,blackWater,
2027,,thor,resonate,29G,propaneLbs,
2027,,thor,resonate,29G,propaneGal,
2027,,thor,resonate,29G,waterHeaterGal,
2027,,thor,resonate,29G,cargoLbs,
2027,,thor,resonate,29G,garageLengthFt,
2027,,thor,resonate,29G,garageWidthFt,
2027,,thor,resonate,29G,garageHeightIn,
2027,,thor,resonate,29G,garageCapacityLbs,
2027,,thor,resonate,29G,rampPatioLbs,
2027,,thor,resonate,29G,fuelStationGal,
2027,,thor,resonate,29G,axles,
2027,,thor,resonate,29G,tireSize,
2027,,thor,resonate,29G,slideouts,
2027,,thor,resonate,30C,uvwLbs,
2027,,thor,resonate,30C,length,
2027,,thor,resonate,30C,exteriorHeightIn,
2027,,thor,resonate,30C,exteriorWidthIn,
2027,,thor,resonate,30C,interiorHeightIn,
2027,,thor,resonate,30C,sleeps,
2027,,thor,resonate,30C,dryWeightLbs,
2027,,thor,resonate,30C,hitchLbs,
2027,,thor,resonate,30C,fuelCapacityGal,
2027,,thor,resonate,30C,freshWater,
2027,,thor,resonate,30C,grayWater,
2027,,thor,resonate,30C,blackWater,
2027,,thor,resonate,30C,propaneLbs,
2027,,thor,resonate,30C,propaneGal,
2027,,thor,resonate,30C,waterHeaterGal,
2027,,thor,resonate,30C,cargoLbs,
2027,,thor,resonate,30C,garageLengthFt,
2027,,thor,resonate,30C,garageWidthFt,
2027,,thor,resonate,30C,garageHeightIn,
2027,,thor,resonate,30C,garageCapacityLbs,
2027,,thor,resonate,30C,rampPatioLbs,
2027,,thor,resonate,30C,fuelStationGal,
2027,,thor,resonate,30C,axles,
2027,,thor,resonate,30C,tireSize,
2027,,thor,resonate,30C,slideouts,
2027,,thor,resonate,32B,uvwLbs,
2027,,thor,resonate,32B,length,
2027,,thor,resonate,32B,exteriorHeightIn,
2027,,thor,resonate,32B,exteriorWidthIn,
2027,,thor,resonate,32B,interiorHeightIn,
2027,,thor,resonate,32B,sleeps,
2027,,thor,resonate,32B,dryWeightLbs,
2027,,thor,resonate,32B,hitchLbs,
2027,,thor,resonate,32B,fuelCapacityGal,
2027,,thor,resonate,32B,freshWater,
2027,,thor,resonate,32B,grayWater,
2027,,thor,resonate,32B,blackWater,
2027,,thor,resonate,32B,propaneLbs,
2027,,thor,resonate,32B,propaneGal,
2027,,thor,resonate,32B,waterHeaterGal,
2027,,thor,resonate,32B,cargoLbs,
2027,,thor,resonate,32B,garageLengthFt,
2027,,thor,resonate,32B,garageWidthFt,
2027,,thor,resonate,32B,garageHeightIn,
2027,,thor,resonate,32B,garageCapacityLbs,
2027,,thor,resonate,32B,rampPatioLbs,
2027,,thor,resonate,32B,fuelStationGal,
2027,,thor,resonate,32B,axles,
2027,,thor,resonate,32B,tireSize,
2027,,thor,resonate,32B,slideouts,
2027,,thor,riviera,34SD,uvwLbs,
2027,,thor,riviera,34SD,length,
2027,,thor,riviera,34SD,exteriorHeightIn,
2027,,thor,riviera,34SD,exteriorWidthIn,
2027,,thor,riviera,34SD,interiorHeightIn,
2027,,thor,riviera,34SD,sleeps,
2027,,thor,riviera,34SD,dryWeightLbs,
2027,,thor,riviera,34SD,hitchLbs,
2027,,thor,riviera,34SD,fuelCapacityGal,
2027,,thor,riviera,34SD,freshWater,
2027,,thor,riviera,34SD,grayWater,
2027,,thor,riviera,34SD,blackWater,
2027,,thor,riviera,34SD,propaneLbs,
2027,,thor,riviera,34SD,propaneGal,
2027,,thor,riviera,34SD,waterHeaterGal,
2027,,thor,riviera,34SD,cargoLbs,
2027,,thor,riviera,34SD,garageLengthFt,
2027,,thor,riviera,34SD,garageWidthFt,
2027,,thor,riviera,34SD,garageHeightIn,
2027,,thor,riviera,34SD,garageCapacityLbs,
2027,,thor,riviera,34SD,rampPatioLbs,
2027,,thor,riviera,34SD,fuelStationGal,
2027,,thor,riviera,34SD,axles,
2027,,thor,riviera,34SD,tireSize,
2027,,thor,riviera,34SD,slideouts,
2027,,thor,riviera,38RB,uvwLbs,
2027,,thor,riviera,38RB,length,
2027,,thor,riviera,38RB,exteriorHeightIn,
2027,,thor,riviera,38RB,exteriorWidthIn,
2027,,thor,riviera,38RB,interiorHeightIn,
2027,,thor,riviera,38RB,sleeps,
2027,,thor,riviera,38RB,dryWeightLbs,
2027,,thor,riviera,38RB,hitchLbs,
2027,,thor,riviera,38RB,fuelCapacityGal,
2027,,thor,riviera,38RB,freshWater,
2027,,thor,riviera,38RB,grayWater,
2027,,thor,riviera,38RB,blackWater,
2027,,thor,riviera,38RB,propaneLbs,
2027,,thor,riviera,38RB,propaneGal,
2027,,thor,riviera,38RB,waterHeaterGal,
2027,,thor,riviera,38RB,cargoLbs,
2027,,thor,riviera,38RB,garageLengthFt,
2027,,thor,riviera,38RB,garageWidthFt,
2027,,thor,riviera,38RB,garageHeightIn,
2027,,thor,riviera,38RB,garageCapacityLbs,
2027,,thor,riviera,38RB,rampPatioLbs,
2027,,thor,riviera,38RB,fuelStationGal,
2027,,thor,riviera,38RB,axles,
2027,,thor,riviera,38RB,tireSize,
2027,,thor,riviera,38RB,slideouts,
2027,,thor,riviera,39BH,uvwLbs,
2027,,thor,riviera,39BH,length,
2027,,thor,riviera,39BH,exteriorHeightIn,
2027,,thor,riviera,39BH,exteriorWidthIn,
2027,,thor,riviera,39BH,interiorHeightIn,
2027,,thor,riviera,39BH,sleeps,
2027,,thor,riviera,39BH,dryWeightLbs,
2027,,thor,riviera,39BH,hitchLbs,
2027,,thor,riviera,39BH,fuelCapacityGal,
2027,,thor,riviera,39BH,freshWater,
2027,,thor,riviera,39BH,grayWater,
2027,,thor,riviera,39BH,blackWater,
2027,,thor,riviera,39BH,propaneLbs,
2027,,thor,riviera,39BH,propaneGal,
2027,,thor,riviera,39BH,waterHeaterGal,
2027,,thor,riviera,39BH,cargoLbs,
2027,,thor,riviera,39BH,garageLengthFt,
2027,,thor,riviera,39BH,garageWidthFt,
2027,,thor,riviera,39BH,garageHeightIn,
2027,,thor,riviera,39BH,garageCapacityLbs,
2027,,thor,riviera,39BH,rampPatioLbs,
2027,,thor,riviera,39BH,fuelStationGal,
2027,,thor,riviera,39BH,axles,
2027,,thor,riviera,39BH,tireSize,
2027,,thor,riviera,39BH,slideouts,
2027,,thor,rize,18M,uvwLbs,
2027,,thor,rize,18M,length,
2027,,thor,rize,18M,exteriorHeightIn,
2027,,thor,rize,18M,exteriorWidthIn,
2027,,thor,rize,18M,interiorHeightIn,
2027,,thor,rize,18M,sleeps,
2027,,thor,rize,18M,dryWeightLbs,
2027,,thor,rize,18M,hitchLbs,
2027,,thor,rize,18M,fuelCapacityGal,
2027,,thor,rize,18M,freshWater,
2027,,thor,rize,18M,grayWater,
2027,,thor,rize,18M,blackWater,
2027,,thor,rize,18M,propaneLbs,
2027,,thor,rize,18M,propaneGal,
2027,,thor,rize,18M,waterHeaterGal,
2027,,thor,rize,18M,cargoLbs,
2027,,thor,rize,18M,garageLengthFt,
2027,,thor,rize,18M,garageWidthFt,
2027,,thor,rize,18M,garageHeightIn,
2027,,thor,rize,18M,garageCapacityLbs,
2027,,thor,rize,18M,rampPatioLbs,
2027,,thor,rize,18M,fuelStationGal,
2027,,thor,rize,18M,axles,
2027,,thor,rize,18M,tireSize,
2027,,thor,rize,18M,slideouts,
2027,,thor,rize,18Z,uvwLbs,
2027,,thor,rize,18Z,length,
2027,,thor,rize,18Z,exteriorHeightIn,
2027,,thor,rize,18Z,exteriorWidthIn,
2027,,thor,rize,18Z,interiorHeightIn,
2027,,thor,rize,18Z,sleeps,
2027,,thor,rize,18Z,dryWeightLbs,
2027,,thor,rize,18Z,hitchLbs,
2027,,thor,rize,18Z,fuelCapacityGal,
2027,,thor,rize,18Z,freshWater,
2027,,thor,rize,18Z,grayWater,
2027,,thor,rize,18Z,blackWater,
2027,,thor,rize,18Z,propaneLbs,
2027,,thor,rize,18Z,propaneGal,
2027,,thor,rize,18Z,waterHeaterGal,
2027,,thor,rize,18Z,cargoLbs,
2027,,thor,rize,18Z,garageLengthFt,
2027,,thor,rize,18Z,garageWidthFt,
2027,,thor,rize,18Z,garageHeightIn,
2027,,thor,rize,18Z,garageCapacityLbs,
2027,,thor,rize,18Z,rampPatioLbs,
2027,,thor,rize,18Z,fuelStationGal,
2027,,thor,rize,18Z,axles,
2027,,thor,rize,18Z,tireSize,
2027,,thor,rize,18Z,slideouts,
2027,,thor,sanctuary,19A,uvwLbs,
2027,,thor,sanctuary,19A,length,
2027,,thor,sanctuary,19A,exteriorHeightIn,
2027,,thor,sanctuary,19A,exteriorWidthIn,
2027,,thor,sanctuary,19A,interiorHeightIn,
2027,,thor,sanctuary,19A,sleeps,
2027,,thor,sanctuary,19A,dryWeightLbs,
2027,,thor,sanctuary,19A,hitchLbs,
2027,,thor,sanctuary,19A,fuelCapacityGal,
2027,,thor,sanctuary,19A,freshWater,
2027,,thor,sanctuary,19A,grayWater,
2027,,thor,sanctuary,19A,blackWater,
2027,,thor,sanctuary,19A,propaneLbs,
2027,,thor,sanctuary,19A,propaneGal,
2027,,thor,sanctuary,19A,waterHeaterGal,
2027,,thor,sanctuary,19A,cargoLbs,
2027,,thor,sanctuary,19A,garageLengthFt,
2027,,thor,sanctuary,19A,garageWidthFt,
2027,,thor,sanctuary,19A,garageHeightIn,
2027,,thor,sanctuary,19A,garageCapacityLbs,
2027,,thor,sanctuary,19A,rampPatioLbs,
2027,,thor,sanctuary,19A,fuelStationGal,
2027,,thor,sanctuary,19A,axles,
2027,,thor,sanctuary,19A,tireSize,
2027,,thor,sanctuary,19A,slideouts,
2027,,thor,sanctuary,19M,uvwLbs,
2027,,thor,sanctuary,19M,length,
2027,,thor,sanctuary,19M,exteriorHeightIn,
2027,,thor,sanctuary,19M,exteriorWidthIn,
2027,,thor,sanctuary,19M,interiorHeightIn,
2027,,thor,sanctuary,19M,sleeps,
2027,,thor,sanctuary,19M,dryWeightLbs,
2027,,thor,sanctuary,19M,hitchLbs,
2027,,thor,sanctuary,19M,fuelCapacityGal,
2027,,thor,sanctuary,19M,freshWater,
2027,,thor,sanctuary,19M,grayWater,
2027,,thor,sanctuary,19M,blackWater,
2027,,thor,sanctuary,19M,propaneLbs,
2027,,thor,sanctuary,19M,propaneGal,
2027,,thor,sanctuary,19M,waterHeaterGal,
2027,,thor,sanctuary,19M,cargoLbs,
2027,,thor,sanctuary,19M,garageLengthFt,
2027,,thor,sanctuary,19M,garageWidthFt,
2027,,thor,sanctuary,19M,garageHeightIn,
2027,,thor,sanctuary,19M,garageCapacityLbs,
2027,,thor,sanctuary,19M,rampPatioLbs,
2027,,thor,sanctuary,19M,fuelStationGal,
2027,,thor,sanctuary,19M,axles,
2027,,thor,sanctuary,19M,tireSize,
2027,,thor,sanctuary,19M,slideouts,
2027,,thor,sanctuary,19P,uvwLbs,
2027,,thor,sanctuary,19P,length,
2027,,thor,sanctuary,19P,exteriorHeightIn,
2027,,thor,sanctuary,19P,exteriorWidthIn,
2027,,thor,sanctuary,19P,interiorHeightIn,
2027,,thor,sanctuary,19P,sleeps,
2027,,thor,sanctuary,19P,dryWeightLbs,
2027,,thor,sanctuary,19P,hitchLbs,
2027,,thor,sanctuary,19P,fuelCapacityGal,
2027,,thor,sanctuary,19P,freshWater,
2027,,thor,sanctuary,19P,grayWater,
2027,,thor,sanctuary,19P,blackWater,
2027,,thor,sanctuary,19P,propaneLbs,
2027,,thor,sanctuary,19P,propaneGal,
2027,,thor,sanctuary,19P,waterHeaterGal,
2027,,thor,sanctuary,19P,cargoLbs,
2027,,thor,sanctuary,19P,garageLengthFt,
2027,,thor,sanctuary,19P,garageWidthFt,
2027,,thor,sanctuary,19P,garageHeightIn,
2027,,thor,sanctuary,19P,garageCapacityLbs,
2027,,thor,sanctuary,19P,rampPatioLbs,
2027,,thor,sanctuary,19P,fuelStationGal,
2027,,thor,sanctuary,19P,axles,
2027,,thor,sanctuary,19P,tireSize,
2027,,thor,sanctuary,19P,slideouts,
2027,,thor,sanctuary,24A,uvwLbs,
2027,,thor,sanctuary,24A,length,
2027,,thor,sanctuary,24A,exteriorHeightIn,
2027,,thor,sanctuary,24A,exteriorWidthIn,
2027,,thor,sanctuary,24A,interiorHeightIn,
2027,,thor,sanctuary,24A,sleeps,
2027,,thor,sanctuary,24A,dryWeightLbs,
2027,,thor,sanctuary,24A,hitchLbs,
2027,,thor,sanctuary,24A,fuelCapacityGal,
2027,,thor,sanctuary,24A,freshWater,
2027,,thor,sanctuary,24A,grayWater,
2027,,thor,sanctuary,24A,blackWater,
2027,,thor,sanctuary,24A,propaneLbs,
2027,,thor,sanctuary,24A,propaneGal,
2027,,thor,sanctuary,24A,waterHeaterGal,
2027,,thor,sanctuary,24A,cargoLbs,
2027,,thor,sanctuary,24A,garageLengthFt,
2027,,thor,sanctuary,24A,garageWidthFt,
2027,,thor,sanctuary,24A,garageHeightIn,
2027,,thor,sanctuary,24A,garageCapacityLbs,
2027,,thor,sanctuary,24A,rampPatioLbs,
2027,,thor,sanctuary,24A,fuelStationGal,
2027,,thor,sanctuary,24A,axles,
2027,,thor,sanctuary,24A,tireSize,
2027,,thor,sanctuary,24A,slideouts,
2027,,thor,scope,18M,uvwLbs,
2027,,thor,scope,18M,length,
2027,,thor,scope,18M,exteriorHeightIn,
2027,,thor,scope,18M,exteriorWidthIn,
2027,,thor,scope,18M,interiorHeightIn,
2027,,thor,scope,18M,sleeps,
2027,,thor,scope,18M,dryWeightLbs,
2027,,thor,scope,18M,hitchLbs,
2027,,thor,scope,18M,fuelCapacityGal,
2027,,thor,scope,18M,freshWater,
2027,,thor,scope,18M,grayWater,
2027,,thor,scope,18M,blackWater,
2027,,thor,scope,18M,propaneLbs,
2027,,thor,scope,18M,propaneGal,
2027,,thor,scope,18M,waterHeaterGal,
2027,,thor,scope,18M,cargoLbs,
2027,,thor,scope,18M,garageLengthFt,
2027,,thor,scope,18M,garageWidthFt,
2027,,thor,scope,18M,garageHeightIn,
2027,,thor,scope,18M,garageCapacityLbs,
2027,,thor,scope,18M,rampPatioLbs,
2027,,thor,scope,18M,fuelStationGal,
2027,,thor,scope,18M,axles,
2027,,thor,scope,18M,tireSize,
2027,,thor,scope,18M,slideouts,
2027,,thor,scope,18Z,uvwLbs,
2027,,thor,scope,18Z,length,
2027,,thor,scope,18Z,exteriorHeightIn,
2027,,thor,scope,18Z,exteriorWidthIn,
2027,,thor,scope,18Z,interiorHeightIn,
2027,,thor,scope,18Z,sleeps,
2027,,thor,scope,18Z,dryWeightLbs,
2027,,thor,scope,18Z,hitchLbs,
2027,,thor,scope,18Z,fuelCapacityGal,
2027,,thor,scope,18Z,freshWater,
2027,,thor,scope,18Z,grayWater,
2027,,thor,scope,18Z,blackWater,
2027,,thor,scope,18Z,propaneLbs,
2027,,thor,scope,18Z,propaneGal,
2027,,thor,scope,18Z,waterHeaterGal,
2027,,thor,scope,18Z,cargoLbs,
2027,,thor,scope,18Z,garageLengthFt,
2027,,thor,scope,18Z,garageWidthFt,
2027,,thor,scope,18Z,garageHeightIn,
2027,,thor,scope,18Z,garageCapacityLbs,
2027,,thor,scope,18Z,rampPatioLbs,
2027,,thor,scope,18Z,fuelStationGal,
2027,,thor,scope,18Z,axles,
2027,,thor,scope,18Z,tireSize,
2027,,thor,scope,18Z,slideouts,
2027,,thor,sequence,20L,uvwLbs,
2027,,thor,sequence,20L,length,
2027,,thor,sequence,20L,exteriorHeightIn,
2027,,thor,sequence,20L,exteriorWidthIn,
2027,,thor,sequence,20L,interiorHeightIn,
2027,,thor,sequence,20L,sleeps,
2027,,thor,sequence,20L,dryWeightLbs,
2027,,thor,sequence,20L,hitchLbs,
2027,,thor,sequence,20L,fuelCapacityGal,
2027,,thor,sequence,20L,freshWater,
2027,,thor,sequence,20L,grayWater,
2027,,thor,sequence,20L,blackWater,
2027,,thor,sequence,20L,propaneLbs,
2027,,thor,sequence,20L,propaneGal,
2027,,thor,sequence,20L,waterHeaterGal,
2027,,thor,sequence,20L,cargoLbs,
2027,,thor,sequence,20L,garageLengthFt,
2027,,thor,sequence,20L,garageWidthFt,
2027,,thor,sequence,20L,garageHeightIn,
2027,,thor,sequence,20L,garageCapacityLbs,
2027,,thor,sequence,20L,rampPatioLbs,
2027,,thor,sequence,20L,fuelStationGal,
2027,,thor,sequence,20L,axles,
2027,,thor,sequence,20L,tireSize,
2027,,thor,sequence,20L,slideouts,
2027,,thor,sequence,20U,uvwLbs,
2027,,thor,sequence,20U,length,
2027,,thor,sequence,20U,exteriorHeightIn,
2027,,thor,sequence,20U,exteriorWidthIn,
2027,,thor,sequence,20U,interiorHeightIn,
2027,,thor,sequence,20U,sleeps,
2027,,thor,sequence,20U,dryWeightLbs,
2027,,thor,sequence,20U,hitchLbs,
2027,,thor,sequence,20U,fuelCapacityGal,
2027,,thor,sequence,20U,freshWater,
2027,,thor,sequence,20U,grayWater,
2027,,thor,sequence,20U,blackWater,
2027,,thor,sequence,20U,propaneLbs,
2027,,thor,sequence,20U,propaneGal,
2027,,thor,sequence,20U,waterHeaterGal,
2027,,thor,sequence,20U,cargoLbs,
2027,,thor,sequence,20U,garageLengthFt,
2027,,thor,sequence,20U,garageWidthFt,
2027,,thor,sequence,20U,garageHeightIn,
2027,,thor,sequence,20U,garageCapacityLbs,
2027,,thor,sequence,20U,rampPatioLbs,
2027,,thor,sequence,20U,fuelStationGal,
2027,,thor,sequence,20U,axles,
2027,,thor,sequence,20U,tireSize,
2027,,thor,sequence,20U,slideouts,
2027,,thor,sequence,20Y,uvwLbs,
2027,,thor,sequence,20Y,length,
2027,,thor,sequence,20Y,exteriorHeightIn,
2027,,thor,sequence,20Y,exteriorWidthIn,
2027,,thor,sequence,20Y,interiorHeightIn,
2027,,thor,sequence,20Y,sleeps,
2027,,thor,sequence,20Y,dryWeightLbs,
2027,,thor,sequence,20Y,hitchLbs,
2027,,thor,sequence,20Y,fuelCapacityGal,
2027,,thor,sequence,20Y,freshWater,
2027,,thor,sequence,20Y,grayWater,
2027,,thor,sequence,20Y,blackWater,
2027,,thor,sequence,20Y,propaneLbs,
2027,,thor,sequence,20Y,propaneGal,
2027,,thor,sequence,20Y,waterHeaterGal,
2027,,thor,sequence,20Y,cargoLbs,
2027,,thor,sequence,20Y,garageLengthFt,
2027,,thor,sequence,20Y,garageWidthFt,
2027,,thor,sequence,20Y,garageHeightIn,
2027,,thor,sequence,20Y,garageCapacityLbs,
2027,,thor,sequence,20Y,rampPatioLbs,
2027,,thor,sequence,20Y,fuelStationGal,
2027,,thor,sequence,20Y,axles,
2027,,thor,sequence,20Y,tireSize,
2027,,thor,sequence,20Y,slideouts,
2027,,thor,talavera,1920,uvwLbs,
2027,,thor,talavera,1920,length,
2027,,thor,talavera,1920,exteriorHeightIn,
2027,,thor,talavera,1920,exteriorWidthIn,
2027,,thor,talavera,1920,interiorHeightIn,
2027,,thor,talavera,1920,sleeps,
2027,,thor,talavera,1920,dryWeightLbs,
2027,,thor,talavera,1920,hitchLbs,
2027,,thor,talavera,1920,fuelCapacityGal,
2027,,thor,talavera,1920,freshWater,
2027,,thor,talavera,1920,grayWater,
2027,,thor,talavera,1920,blackWater,
2027,,thor,talavera,1920,propaneLbs,
2027,,thor,talavera,1920,propaneGal,
2027,,thor,talavera,1920,waterHeaterGal,
2027,,thor,talavera,1920,cargoLbs,
2027,,thor,talavera,1920,garageLengthFt,
2027,,thor,talavera,1920,garageWidthFt,
2027,,thor,talavera,1920,garageHeightIn,
2027,,thor,talavera,1920,garageCapacityLbs,
2027,,thor,talavera,1920,rampPatioLbs,
2027,,thor,talavera,1920,fuelStationGal,
2027,,thor,talavera,1920,axles,
2027,,thor,talavera,1920,tireSize,
2027,,thor,talavera,1920,slideouts,
2027,,thor,talavera,1930,uvwLbs,
2027,,thor,talavera,1930,length,
2027,,thor,talavera,1930,exteriorHeightIn,
2027,,thor,talavera,1930,exteriorWidthIn,
2027,,thor,talavera,1930,interiorHeightIn,
2027,,thor,talavera,1930,sleeps,
2027,,thor,talavera,1930,dryWeightLbs,
2027,,thor,talavera,1930,hitchLbs,
2027,,thor,talavera,1930,fuelCapacityGal,
2027,,thor,talavera,1930,freshWater,
2027,,thor,talavera,1930,grayWater,
2027,,thor,talavera,1930,blackWater,
2027,,thor,talavera,1930,propaneLbs,
2027,,thor,talavera,1930,propaneGal,
2027,,thor,talavera,1930,waterHeaterGal,
2027,,thor,talavera,1930,cargoLbs,
2027,,thor,talavera,1930,garageLengthFt,
2027,,thor,talavera,1930,garageWidthFt,
2027,,thor,talavera,1930,garageHeightIn,
2027,,thor,talavera,1930,garageCapacityLbs,
2027,,thor,talavera,1930,rampPatioLbs,
2027,,thor,talavera,1930,fuelStationGal,
2027,,thor,talavera,1930,axles,
2027,,thor,talavera,1930,tireSize,
2027,,thor,talavera,1930,slideouts,
2027,,thor,tellaro,20L,uvwLbs,
2027,,thor,tellaro,20L,length,
2027,,thor,tellaro,20L,exteriorHeightIn,
2027,,thor,tellaro,20L,exteriorWidthIn,
2027,,thor,tellaro,20L,interiorHeightIn,
2027,,thor,tellaro,20L,sleeps,
2027,,thor,tellaro,20L,dryWeightLbs,
2027,,thor,tellaro,20L,hitchLbs,
2027,,thor,tellaro,20L,fuelCapacityGal,
2027,,thor,tellaro,20L,freshWater,
2027,,thor,tellaro,20L,grayWater,
2027,,thor,tellaro,20L,blackWater,
2027,,thor,tellaro,20L,propaneLbs,
2027,,thor,tellaro,20L,propaneGal,
2027,,thor,tellaro,20L,waterHeaterGal,
2027,,thor,tellaro,20L,cargoLbs,
2027,,thor,tellaro,20L,garageLengthFt,
2027,,thor,tellaro,20L,garageWidthFt,
2027,,thor,tellaro,20L,garageHeightIn,
2027,,thor,tellaro,20L,garageCapacityLbs,
2027,,thor,tellaro,20L,rampPatioLbs,
2027,,thor,tellaro,20L,fuelStationGal,
2027,,thor,tellaro,20L,axles,
2027,,thor,tellaro,20L,tireSize,
2027,,thor,tellaro,20L,slideouts,
2027,,thor,tellaro,20U,uvwLbs,
2027,,thor,tellaro,20U,length,
2027,,thor,tellaro,20U,exteriorHeightIn,
2027,,thor,tellaro,20U,exteriorWidthIn,
2027,,thor,tellaro,20U,interiorHeightIn,
2027,,thor,tellaro,20U,sleeps,
2027,,thor,tellaro,20U,dryWeightLbs,
2027,,thor,tellaro,20U,hitchLbs,
2027,,thor,tellaro,20U,fuelCapacityGal,
2027,,thor,tellaro,20U,freshWater,
2027,,thor,tellaro,20U,grayWater,
2027,,thor,tellaro,20U,blackWater,
2027,,thor,tellaro,20U,propaneLbs,
2027,,thor,tellaro,20U,propaneGal,
2027,,thor,tellaro,20U,waterHeaterGal,
2027,,thor,tellaro,20U,cargoLbs,
2027,,thor,tellaro,20U,garageLengthFt,
2027,,thor,tellaro,20U,garageWidthFt,
2027,,thor,tellaro,20U,garageHeightIn,
2027,,thor,tellaro,20U,garageCapacityLbs,
2027,,thor,tellaro,20U,rampPatioLbs,
2027,,thor,tellaro,20U,fuelStationGal,
2027,,thor,tellaro,20U,axles,
2027,,thor,tellaro,20U,tireSize,
2027,,thor,tellaro,20U,slideouts,
2027,,thor,tellaro,20Y,uvwLbs,
2027,,thor,tellaro,20Y,length,
2027,,thor,tellaro,20Y,exteriorHeightIn,
2027,,thor,tellaro,20Y,exteriorWidthIn,
2027,,thor,tellaro,20Y,interiorHeightIn,
2027,,thor,tellaro,20Y,sleeps,
2027,,thor,tellaro,20Y,dryWeightLbs,
2027,,thor,tellaro,20Y,hitchLbs,
2027,,thor,tellaro,20Y,fuelCapacityGal,
2027,,thor,tellaro,20Y,freshWater,
2027,,thor,tellaro,20Y,grayWater,
2027,,thor,tellaro,20Y,blackWater,
2027,,thor,tellaro,20Y,propaneLbs,
2027,,thor,tellaro,20Y,propaneGal,
2027,,thor,tellaro,20Y,waterHeaterGal,
2027,,thor,tellaro,20Y,cargoLbs,
2027,,thor,tellaro,20Y,garageLengthFt,
2027,,thor,tellaro,20Y,garageWidthFt,
2027,,thor,tellaro,20Y,garageHeightIn,
2027,,thor,tellaro,20Y,garageCapacityLbs,
2027,,thor,tellaro,20Y,rampPatioLbs,
2027,,thor,tellaro,20Y,fuelStationGal,
2027,,thor,tellaro,20Y,axles,
2027,,thor,tellaro,20Y,tireSize,
2027,,thor,tellaro,20Y,slideouts,
2027,,thor,tranquility,19A,uvwLbs,
2027,,thor,tranquility,19A,length,
2027,,thor,tranquility,19A,exteriorHeightIn,
2027,,thor,tranquility,19A,exteriorWidthIn,
2027,,thor,tranquility,19A,interiorHeightIn,
2027,,thor,tranquility,19A,sleeps,
2027,,thor,tranquility,19A,dryWeightLbs,
2027,,thor,tranquility,19A,hitchLbs,
2027,,thor,tranquility,19A,fuelCapacityGal,
2027,,thor,tranquility,19A,freshWater,
2027,,thor,tranquility,19A,grayWater,
2027,,thor,tranquility,19A,blackWater,
2027,,thor,tranquility,19A,propaneLbs,
2027,,thor,tranquility,19A,propaneGal,
2027,,thor,tranquility,19A,waterHeaterGal,
2027,,thor,tranquility,19A,cargoLbs,
2027,,thor,tranquility,19A,garageLengthFt,
2027,,thor,tranquility,19A,garageWidthFt,
2027,,thor,tranquility,19A,garageHeightIn,
2027,,thor,tranquility,19A,garageCapacityLbs,
2027,,thor,tranquility,19A,rampPatioLbs,
2027,,thor,tranquility,19A,fuelStationGal,
2027,,thor,tranquility,19A,axles,
2027,,thor,tranquility,19A,tireSize,
2027,,thor,tranquility,19A,slideouts,
2027,,thor,tranquility,19M,uvwLbs,
2027,,thor,tranquility,19M,length,
2027,,thor,tranquility,19M,exteriorHeightIn,
2027,,thor,tranquility,19M,exteriorWidthIn,
2027,,thor,tranquility,19M,interiorHeightIn,
2027,,thor,tranquility,19M,sleeps,
2027,,thor,tranquility,19M,dryWeightLbs,
2027,,thor,tranquility,19M,hitchLbs,
2027,,thor,tranquility,19M,fuelCapacityGal,
2027,,thor,tranquility,19M,freshWater,
2027,,thor,tranquility,19M,grayWater,
2027,,thor,tranquility,19M,blackWater,
2027,,thor,tranquility,19M,propaneLbs,
2027,,thor,tranquility,19M,propaneGal,
2027,,thor,tranquility,19M,waterHeaterGal,
2027,,thor,tranquility,19M,cargoLbs,
2027,,thor,tranquility,19M,garageLengthFt,
2027,,thor,tranquility,19M,garageWidthFt,
2027,,thor,tranquility,19M,garageHeightIn,
2027,,thor,tranquility,19M,garageCapacityLbs,
2027,,thor,tranquility,19M,rampPatioLbs,
2027,,thor,tranquility,19M,fuelStationGal,
2027,,thor,tranquility,19M,axles,
2027,,thor,tranquility,19M,tireSize,
2027,,thor,tranquility,19M,slideouts,
2027,,thor,tranquility,19P,uvwLbs,
2027,,thor,tranquility,19P,length,
2027,,thor,tranquility,19P,exteriorHeightIn,
2027,,thor,tranquility,19P,exteriorWidthIn,
2027,,thor,tranquility,19P,interiorHeightIn,
2027,,thor,tranquility,19P,sleeps,
2027,,thor,tranquility,19P,dryWeightLbs,
2027,,thor,tranquility,19P,hitchLbs,
2027,,thor,tranquility,19P,fuelCapacityGal,
2027,,thor,tranquility,19P,freshWater,
2027,,thor,tranquility,19P,grayWater,
2027,,thor,tranquility,19P,blackWater,
2027,,thor,tranquility,19P,propaneLbs,
2027,,thor,tranquility,19P,propaneGal,
2027,,thor,tranquility,19P,waterHeaterGal,
2027,,thor,tranquility,19P,cargoLbs,
2027,,thor,tranquility,19P,garageLengthFt,
2027,,thor,tranquility,19P,garageWidthFt,
2027,,thor,tranquility,19P,garageHeightIn,
2027,,thor,tranquility,19P,garageCapacityLbs,
2027,,thor,tranquility,19P,rampPatioLbs,
2027,,thor,tranquility,19P,fuelStationGal,
2027,,thor,tranquility,19P,axles,
2027,,thor,tranquility,19P,tireSize,
2027,,thor,tranquility,19P,slideouts,
2027,,thor,tranquility,24A,uvwLbs,
2027,,thor,tranquility,24A,length,
2027,,thor,tranquility,24A,exteriorHeightIn,
2027,,thor,tranquility,24A,exteriorWidthIn,
2027,,thor,tranquility,24A,interiorHeightIn,
2027,,thor,tranquility,24A,sleeps,
2027,,thor,tranquility,24A,dryWeightLbs,
2027,,thor,tranquility,24A,hitchLbs,
2027,,thor,tranquility,24A,fuelCapacityGal,
2027,,thor,tranquility,24A,freshWater,
2027,,thor,tranquility,24A,grayWater,
2027,,thor,tranquility,24A,blackWater,
2027,,thor,tranquility,24A,propaneLbs,
2027,,thor,tranquility,24A,propaneGal,
2027,,thor,tranquility,24A,waterHeaterGal,
2027,,thor,tranquility,24A,cargoLbs,
2027,,thor,tranquility,24A,garageLengthFt,
2027,,thor,tranquility,24A,garageWidthFt,
2027,,thor,tranquility,24A,garageHeightIn,
2027,,thor,tranquility,24A,garageCapacityLbs,
2027,,thor,tranquility,24A,rampPatioLbs,
2027,,thor,tranquility,24A,fuelStationGal,
2027,,thor,tranquility,24A,axles,
2027,,thor,tranquility,24A,tireSize,
2027,,thor,tranquility,24A,slideouts,
,2020-2026,thor,vegas,24.1,sleeps,
,2020-2026,thor,vegas,24.1,dryWeightLbs,
,2020-2026,thor,vegas,24.1,fuelCapacityGal,
,2020-2026,thor,vegas,24.1,propaneLbs,
,2020-2026,thor,vegas,24.1,propaneGal,
,2020-2026,thor,vegas,24.1,waterHeaterGal,
,2020-2026,thor,vegas,24.1,cargoLbs,
,2020-2026,thor,vegas,24.1,garageLengthFt,
,2020-2026,thor,vegas,24.1,garageWidthFt,
,2020-2026,thor,vegas,24.1,garageHeightIn,
,2020-2026,thor,vegas,24.1,garageCapacityLbs,
,2020-2026,thor,vegas,24.1,rampPatioLbs,
,2020-2026,thor,vegas,24.1,fuelStationGal,
,2020-2026,thor,vegas,24.1,axles,
,2020-2026,thor,vegas,24.1,tireSize,
,2020-2026,thor,vegas,24.1,slideouts,
,2026-2027,thor,vegas,24.1,uvwLbs,
,2026-2027,thor,vegas,24.1,length,
,2026-2027,thor,vegas,24.1,exteriorHeightIn,
,2026-2027,thor,vegas,24.1,exteriorWidthIn,
,2026-2027,thor,vegas,24.1,interiorHeightIn,
,2026-2027,thor,vegas,24.1,sleeps,
,2026-2027,thor,vegas,24.1,dryWeightLbs,
,2026-2027,thor,vegas,24.1,hitchLbs,
,2026-2027,thor,vegas,24.1,fuelCapacityGal,
,2026-2027,thor,vegas,24.1,freshWater,
,2026-2027,thor,vegas,24.1,grayWater,
,2026-2027,thor,vegas,24.1,blackWater,
,2026-2027,thor,vegas,24.1,propaneLbs,
,2026-2027,thor,vegas,24.1,propaneGal,
,2026-2027,thor,vegas,24.1,waterHeaterGal,
,2026-2027,thor,vegas,24.1,cargoLbs,
,2026-2027,thor,vegas,24.1,garageLengthFt,
,2026-2027,thor,vegas,24.1,garageWidthFt,
,2026-2027,thor,vegas,24.1,garageHeightIn,
,2026-2027,thor,vegas,24.1,garageCapacityLbs,
,2026-2027,thor,vegas,24.1,rampPatioLbs,
,2026-2027,thor,vegas,24.1,fuelStationGal,
,2026-2027,thor,vegas,24.1,axles,
,2026-2027,thor,vegas,24.1,tireSize,
,2026-2027,thor,vegas,24.1,slideouts,
,2020-2026,thor,vegas,26.1,sleeps,
,2020-2026,thor,vegas,26.1,dryWeightLbs,
,2020-2026,thor,vegas,26.1,fuelCapacityGal,
,2020-2026,thor,vegas,26.1,propaneLbs,
,2020-2026,thor,vegas,26.1,propaneGal,
,2020-2026,thor,vegas,26.1,waterHeaterGal,
,2020-2026,thor,vegas,26.1,cargoLbs,
,2020-2026,thor,vegas,26.1,garageLengthFt,
,2020-2026,thor,vegas,26.1,garageWidthFt,
,2020-2026,thor,vegas,26.1,garageHeightIn,
,2020-2026,thor,vegas,26.1,garageCapacityLbs,
,2020-2026,thor,vegas,26.1,rampPatioLbs,
,2020-2026,thor,vegas,26.1,fuelStationGal,
,2020-2026,thor,vegas,26.1,axles,
,2020-2026,thor,vegas,26.1,tireSize,
,2020-2026,thor,vegas,26.1,slideouts,
,2026-2027,thor,vegas,26.1,uvwLbs,
,2026-2027,thor,vegas,26.1,length,
,2026-2027,thor,vegas,26.1,exteriorHeightIn,
,2026-2027,thor,vegas,26.1,exteriorWidthIn,
,2026-2027,thor,vegas,26.1,interiorHeightIn,
,2026-2027,thor,vegas,26.1,sleeps,
,2026-2027,thor,vegas,26.1,dryWeightLbs,
,2026-2027,thor,vegas,26.1,hitchLbs,
,2026-2027,thor,vegas,26.1,fuelCapacityGal,
,2026-2027,thor,vegas,26.1,freshWater,
,2026-2027,thor,vegas,26.1,grayWater,
,2026-2027,thor,vegas,26.1,blackWater,
,2026-2027,thor,vegas,26.1,propaneLbs,
,2026-2027,thor,vegas,26.1,propaneGal,
,2026-2027,thor,vegas,26.1,waterHeaterGal,
,2026-2027,thor,vegas,26.1,cargoLbs,
,2026-2027,thor,vegas,26.1,garageLengthFt,
,2026-2027,thor,vegas,26.1,garageWidthFt,
,2026-2027,thor,vegas,26.1,garageHeightIn,
,2026-2027,thor,vegas,26.1,garageCapacityLbs,
,2026-2027,thor,vegas,26.1,rampPatioLbs,
,2026-2027,thor,vegas,26.1,fuelStationGal,
,2026-2027,thor,vegas,26.1,axles,
,2026-2027,thor,vegas,26.1,tireSize,
,2026-2027,thor,vegas,26.1,slideouts,
,2020-2026,thor,vegas,26.2,sleeps,
,2020-2026,thor,vegas,26.2,dryWeightLbs,
,2020-2026,thor,vegas,26.2,fuelCapacityGal,
,2020-2026,thor,vegas,26.2,propaneLbs,
,2020-2026,thor,vegas,26.2,propaneGal,
,2020-2026,thor,vegas,26.2,waterHeaterGal,
,2020-2026,thor,vegas,26.2,cargoLbs,
,2020-2026,thor,vegas,26.2,garageLengthFt,
,2020-2026,thor,vegas,26.2,garageWidthFt,
,2020-2026,thor,vegas,26.2,garageHeightIn,
,2020-2026,thor,vegas,26.2,garageCapacityLbs,
,2020-2026,thor,vegas,26.2,rampPatioLbs,
,2020-2026,thor,vegas,26.2,fuelStationGal,
,2020-2026,thor,vegas,26.2,axles,
,2020-2026,thor,vegas,26.2,tireSize,
,2020-2026,thor,vegas,26.2,slideouts,
,2026-2027,thor,vegas,26.2,uvwLbs,
,2026-2027,thor,vegas,26.2,length,
,2026-2027,thor,vegas,26.2,exteriorHeightIn,
,2026-2027,thor,vegas,26.2,exteriorWidthIn,
,2026-2027,thor,vegas,26.2,interiorHeightIn,
,2026-2027,thor,vegas,26.2,sleeps,
,2026-2027,thor,vegas,26.2,dryWeightLbs,
,2026-2027,thor,vegas,26.2,hitchLbs,
,2026-2027,thor,vegas,26.2,fuelCapacityGal,
,2026-2027,thor,vegas,26.2,freshWater,
,2026-2027,thor,vegas,26.2,grayWater,
,2026-2027,thor,vegas,26.2,blackWater,
,2026-2027,thor,vegas,26.2,propaneLbs,
,2026-2027,thor,vegas,26.2,propaneGal,
,2026-2027,thor,vegas,26.2,waterHeaterGal,
,2026-2027,thor,vegas,26.2,cargoLbs,
,2026-2027,thor,vegas,26.2,garageLengthFt,
,2026-2027,thor,vegas,26.2,garageWidthFt,
,2026-2027,thor,vegas,26.2,garageHeightIn,
,2026-2027,thor,vegas,26.2,garageCapacityLbs,
,2026-2027,thor,vegas,26.2,rampPatioLbs,
,2026-2027,thor,vegas,26.2,fuelStationGal,
,2026-2027,thor,vegas,26.2,axles,
,2026-2027,thor,vegas,26.2,tireSize,
,2026-2027,thor,vegas,26.2,slideouts,
,2020-2026,thor,vegas,28.1,sleeps,
,2020-2026,thor,vegas,28.1,dryWeightLbs,
,2020-2026,thor,vegas,28.1,fuelCapacityGal,
,2020-2026,thor,vegas,28.1,propaneLbs,
,2020-2026,thor,vegas,28.1,propaneGal,
,2020-2026,thor,vegas,28.1,waterHeaterGal,
,2020-2026,thor,vegas,28.1,cargoLbs,
,2020-2026,thor,vegas,28.1,garageLengthFt,
,2020-2026,thor,vegas,28.1,garageWidthFt,
,2020-2026,thor,vegas,28.1,garageHeightIn,
,2020-2026,thor,vegas,28.1,garageCapacityLbs,
,2020-2026,thor,vegas,28.1,rampPatioLbs,
,2020-2026,thor,vegas,28.1,fuelStationGal,
,2020-2026,thor,vegas,28.1,axles,
,2020-2026,thor,vegas,28.1,tireSize,
,2020-2026,thor,vegas,28.1,slideouts,
,2026-2027,thor,vegas,28.1,uvwLbs,
,2026-2027,thor,vegas,28.1,length,
,2026-2027,thor,vegas,28.1,exteriorHeightIn,
,2026-2027,thor,vegas,28.1,exteriorWidthIn,
,2026-2027,thor,vegas,28.1,interiorHeightIn,
,2026-2027,thor,vegas,28.1,sleeps,
,2026-2027,thor,vegas,28.1,dryWeightLbs,
,2026-2027,thor,vegas,28.1,hitchLbs,
,2026-2027,thor,vegas,28.1,fuelCapacityGal,
,2026-2027,thor,vegas,28.1,freshWater,
,2026-2027,thor,vegas,28.1,grayWater,
,2026-2027,thor,vegas,28.1,blackWater,
,2026-2027,thor,vegas,28.1,propaneLbs,
,2026-2027,thor,vegas,28.1,propaneGal,
,2026-2027,thor,vegas,28.1,waterHeaterGal,
,2026-2027,thor,vegas,28.1,cargoLbs,
,2026-2027,thor,vegas,28.1,garageLengthFt,
,2026-2027,thor,vegas,28.1,garageWidthFt,
,2026-2027,thor,vegas,28.1,garageHeightIn,
,2026-2027,thor,vegas,28.1,garageCapacityLbs,
,2026-2027,thor,vegas,28.1,rampPatioLbs,
,2026-2027,thor,vegas,28.1,fuelStationGal,
,2026-2027,thor,vegas,28.1,axles,
,2026-2027,thor,vegas,28.1,tireSize,
,2026-2027,thor,vegas,28.1,slideouts,
,2025-2027,thor,windsport,29L,uvwLbs,
,2025-2027,thor,windsport,29L,length,
,2025-2027,thor,windsport,29L,exteriorHeightIn,
,2025-2027,thor,windsport,29L,exteriorWidthIn,
,2025-2027,thor,windsport,29L,interiorHeightIn,
,2025-2027,thor,windsport,29L,sleeps,
,2025-2027,thor,windsport,29L,dryWeightLbs,
,2025-2027,thor,windsport,29L,hitchLbs,
,2025-2027,thor,windsport,29L,fuelCapacityGal,
,2025-2027,thor,windsport,29L,freshWater,
,2025-2027,thor,windsport,29L,grayWater,
,2025-2027,thor,windsport,29L,blackWater,
,2025-2027,thor,windsport,29L,propaneLbs,
,2025-2027,thor,windsport,29L,propaneGal,
,2025-2027,thor,windsport,29L,waterHeaterGal,
,2025-2027,thor,windsport,29L,cargoLbs,
,2025-2027,thor,windsport,29L,garageLengthFt,
,2025-2027,thor,windsport,29L,garageWidthFt,
,2025-2027,thor,windsport,29L,garageHeightIn,
,2025-2027,thor,windsport,29L,garageCapacityLbs,
,2025-2027,thor,windsport,29L,rampPatioLbs,
,2025-2027,thor,windsport,29L,fuelStationGal,
,2025-2027,thor,windsport,29L,axles,
,2025-2027,thor,windsport,29L,tireSize,
,2025-2027,thor,windsport,29L,slideouts,
2027,,thor,windsport,35A,uvwLbs,
2027,,thor,windsport,35A,length,
2027,,thor,windsport,35A,exteriorHeightIn,
2027,,thor,windsport,35A,exteriorWidthIn,
2027,,thor,windsport,35A,interiorHeightIn,
2027,,thor,windsport,35A,sleeps,
2027,,thor,windsport,35A,dryWeightLbs,
2027,,thor,windsport,35A,hitchLbs,
2027,,thor,windsport,35A,fuelCapacityGal,
2027,,thor,windsport,35A,freshWater,
2027,,thor,windsport,35A,grayWater,
2027,,thor,windsport,35A,blackWater,
2027,,thor,windsport,35A,propaneLbs,
2027,,thor,windsport,35A,propaneGal,
2027,,thor,windsport,35A,waterHeaterGal,
2027,,thor,windsport,35A,cargoLbs,
2027,,thor,windsport,35A,garageLengthFt,
2027,,thor,windsport,35A,garageWidthFt,
2027,,thor,windsport,35A,garageHeightIn,
2027,,thor,windsport,35A,garageCapacityLbs,
2027,,thor,windsport,35A,rampPatioLbs,
2027,,thor,windsport,35A,fuelStationGal,
2027,,thor,windsport,35A,axles,
2027,,thor,windsport,35A,tireSize,
2027,,thor,windsport,35A,slideouts,
,2025-2026,thor,windsport,35G,uvwLbs,
,2025-2026,thor,windsport,35G,length,
,2025-2026,thor,windsport,35G,exteriorHeightIn,
,2025-2026,thor,windsport,35G,exteriorWidthIn,
,2025-2026,thor,windsport,35G,interiorHeightIn,
,2025-2026,thor,windsport,35G,sleeps,
,2025-2026,thor,windsport,35G,dryWeightLbs,
,2025-2026,thor,windsport,35G,hitchLbs,
,2025-2026,thor,windsport,35G,fuelCapacityGal,
,2025-2026,thor,windsport,35G,freshWater,
,2025-2026,thor,windsport,35G,grayWater,
,2025-2026,thor,windsport,35G,blackWater,
,2025-2026,thor,windsport,35G,propaneLbs,
,2025-2026,thor,windsport,35G,propaneGal,
,2025-2026,thor,windsport,35G,waterHeaterGal,
,2025-2026,thor,windsport,35G,cargoLbs,
,2025-2026,thor,windsport,35G,garageLengthFt,
,2025-2026,thor,windsport,35G,garageWidthFt,
,2025-2026,thor,windsport,35G,garageHeightIn,
,2025-2026,thor,windsport,35G,garageCapacityLbs,
,2025-2026,thor,windsport,35G,rampPatioLbs,
,2025-2026,thor,windsport,35G,fuelStationGal,
,2025-2026,thor,windsport,35G,axles,
,2025-2026,thor,windsport,35G,tireSize,
,2025-2026,thor,windsport,35G,slideouts,
,2025-2027,thor,windsport,35J,uvwLbs,
,2025-2027,thor,windsport,35J,length,
,2025-2027,thor,windsport,35J,exteriorHeightIn,
,2025-2027,thor,windsport,35J,exteriorWidthIn,
,2025-2027,thor,windsport,35J,interiorHeightIn,
,2025-2027,thor,windsport,35J,sleeps,
,2025-2027,thor,windsport,35J,dryWeightLbs,
,2025-2027,thor,windsport,35J,hitchLbs,
,2025-2027,thor,windsport,35J,fuelCapacityGal,
,2025-2027,thor,windsport,35J,freshWater,
,2025-2027,thor,windsport,35J,grayWater,
,2025-2027,thor,windsport,35J,blackWater,
,2025-2027,thor,windsport,35J,propaneLbs,
,2025-2027,thor,windsport,35J,propaneGal,
,2025-2027,thor,windsport,35J,waterHeaterGal,
,2025-2027,thor,windsport,35J,cargoLbs,
,2025-2027,thor,windsport,35J,garageLengthFt,
,2025-2027,thor,windsport,35J,garageWidthFt,
,2025-2027,thor,windsport,35J,garageHeightIn,
,2025-2027,thor,windsport,35J,garageCapacityLbs,
,2025-2027,thor,windsport,35J,rampPatioLbs,
,2025-2027,thor,windsport,35J,fuelStationGal,
,2025-2027,thor,windsport,35J,axles,
,2025-2027,thor,windsport,35J,tireSize,
,2025-2027,thor,windsport,35J,slideouts,
,2025-2026,thor,windsport,35R,uvwLbs,
,2025-2026,thor,windsport,35R,length,
,2025-2026,thor,windsport,35R,exteriorHeightIn,
,2025-2026,thor,windsport,35R,exteriorWidthIn,
,2025-2026,thor,windsport,35R,interiorHeightIn,
,2025-2026,thor,windsport,35R,sleeps,
,2025-2026,thor,windsport,35R,dryWeightLbs,
,2025-2026,thor,windsport,35R,hitchLbs,
,2025-2026,thor,windsport,35R,fuelCapacityGal,
,2025-2026,thor,windsport,35R,freshWater,
,2025-2026,thor,windsport,35R,grayWater,
,2025-2026,thor,windsport,35R,blackWater,
,2025-2026,thor,windsport,35R,propaneLbs,
,2025-2026,thor,windsport,35R,propaneGal,
,2025-2026,thor,windsport,35R,waterHeaterGal,
,2025-2026,thor,windsport,35R,cargoLbs,
,2025-2026,thor,windsport,35R,garageLengthFt,
,2025-2026,thor,windsport,35R,garageWidthFt,
,2025-2026,thor,windsport,35R,garageHeightIn,
,2025-2026,thor,windsport,35R,garageCapacityLbs,
,2025-2026,thor,windsport,35R,rampPatioLbs,
,2025-2026,thor,windsport,35R,fuelStationGal,
,2025-2026,thor,windsport,35R,axles,
,2025-2026,thor,windsport,35R,tireSize,
,2025-2026,thor,windsport,35R,slideouts,
2027,,thor,windsport,36H,uvwLbs,
2027,,thor,windsport,36H,length,
2027,,thor,windsport,36H,exteriorHeightIn,
2027,,thor,windsport,36H,exteriorWidthIn,
2027,,thor,windsport,36H,interiorHeightIn,
2027,,thor,windsport,36H,sleeps,
2027,,thor,windsport,36H,dryWeightLbs,
2027,,thor,windsport,36H,hitchLbs,
2027,,thor,windsport,36H,fuelCapacityGal,
2027,,thor,windsport,36H,freshWater,
2027,,thor,windsport,36H,grayWater,
2027,,thor,windsport,36H,blackWater,
2027,,thor,windsport,36H,propaneLbs,
2027,,thor,windsport,36H,propaneGal,
2027,,thor,windsport,36H,waterHeaterGal,
2027,,thor,windsport,36H,cargoLbs,
2027,,thor,windsport,36H,garageLengthFt,
2027,,thor,windsport,36H,garageWidthFt,
2027,,thor,windsport,36H,garageHeightIn,
2027,,thor,windsport,36H,garageCapacityLbs,
2027,,thor,windsport,36H,rampPatioLbs,
2027,,thor,windsport,36H,fuelStationGal,
2027,,thor,windsport,36H,axles,
2027,,thor,windsport,36H,tireSize,
2027,,thor,windsport,36H,slideouts,
2027,,tiffin bus,allegro bus,36AP,uvwLbs,
2027,,tiffin bus,allegro bus,36AP,length,
2027,,tiffin bus,allegro bus,36AP,exteriorHeightIn,
2027,,tiffin bus,allegro bus,36AP,exteriorWidthIn,
2027,,tiffin bus,allegro bus,36AP,interiorHeightIn,
2027,,tiffin bus,allegro bus,36AP,sleeps,
2027,,tiffin bus,allegro bus,36AP,dryWeightLbs,
2027,,tiffin bus,allegro bus,36AP,hitchLbs,
2027,,tiffin bus,allegro bus,36AP,fuelCapacityGal,
2027,,tiffin bus,allegro bus,36AP,freshWater,
2027,,tiffin bus,allegro bus,36AP,grayWater,
2027,,tiffin bus,allegro bus,36AP,blackWater,
2027,,tiffin bus,allegro bus,36AP,propaneLbs,
2027,,tiffin bus,allegro bus,36AP,propaneGal,
2027,,tiffin bus,allegro bus,36AP,waterHeaterGal,
2027,,tiffin bus,allegro bus,36AP,cargoLbs,
2027,,tiffin bus,allegro bus,36AP,garageLengthFt,
2027,,tiffin bus,allegro bus,36AP,garageWidthFt,
2027,,tiffin bus,allegro bus,36AP,garageHeightIn,
2027,,tiffin bus,allegro bus,36AP,garageCapacityLbs,
2027,,tiffin bus,allegro bus,36AP,rampPatioLbs,
2027,,tiffin bus,allegro bus,36AP,fuelStationGal,
2027,,tiffin bus,allegro bus,36AP,axles,
2027,,tiffin bus,allegro bus,36AP,tireSize,
2027,,tiffin bus,allegro bus,36AP,slideouts,
2027,,tiffin bus,allegro bus,40IP,uvwLbs,
2027,,tiffin bus,allegro bus,40IP,length,
2027,,tiffin bus,allegro bus,40IP,exteriorHeightIn,
2027,,tiffin bus,allegro bus,40IP,exteriorWidthIn,
2027,,tiffin bus,allegro bus,40IP,interiorHeightIn,
2027,,tiffin bus,allegro bus,40IP,sleeps,
2027,,tiffin bus,allegro bus,40IP,dryWeightLbs,
2027,,tiffin bus,allegro bus,40IP,hitchLbs,
2027,,tiffin bus,allegro bus,40IP,fuelCapacityGal,
2027,,tiffin bus,allegro bus,40IP,freshWater,
2027,,tiffin bus,allegro bus,40IP,grayWater,
2027,,tiffin bus,allegro bus,40IP,blackWater,
2027,,tiffin bus,allegro bus,40IP,propaneLbs,
2027,,tiffin bus,allegro bus,40IP,propaneGal,
2027,,tiffin bus,allegro bus,40IP,waterHeaterGal,
2027,,tiffin bus,allegro bus,40IP,cargoLbs,
2027,,tiffin bus,allegro bus,40IP,garageLengthFt,
2027,,tiffin bus,allegro bus,40IP,garageWidthFt,
2027,,tiffin bus,allegro bus,40IP,garageHeightIn,
2027,,tiffin bus,allegro bus,40IP,garageCapacityLbs,
2027,,tiffin bus,allegro bus,40IP,rampPatioLbs,
2027,,tiffin bus,allegro bus,40IP,fuelStationGal,
2027,,tiffin bus,allegro bus,40IP,axles,
2027,,tiffin bus,allegro bus,40IP,tireSize,
2027,,tiffin bus,allegro bus,40IP,slideouts,
2027,,tiffin bus,allegro bus,45BP,uvwLbs,
2027,,tiffin bus,allegro bus,45BP,length,
2027,,tiffin bus,allegro bus,45BP,exteriorHeightIn,
2027,,tiffin bus,allegro bus,45BP,exteriorWidthIn,
2027,,tiffin bus,allegro bus,45BP,interiorHeightIn,
2027,,tiffin bus,allegro bus,45BP,sleeps,
2027,,tiffin bus,allegro bus,45BP,dryWeightLbs,
2027,,tiffin bus,allegro bus,45BP,hitchLbs,
2027,,tiffin bus,allegro bus,45BP,fuelCapacityGal,
2027,,tiffin bus,allegro bus,45BP,freshWater,
2027,,tiffin bus,allegro bus,45BP,grayWater,
2027,,tiffin bus,allegro bus,45BP,blackWater,
2027,,tiffin bus,allegro bus,45BP,propaneLbs,
2027,,tiffin bus,allegro bus,45BP,propaneGal,
2027,,tiffin bus,allegro bus,45BP,waterHeaterGal,
2027,,tiffin bus,allegro bus,45BP,cargoLbs,
2027,,tiffin bus,allegro bus,45BP,garageLengthFt,
2027,,tiffin bus,allegro bus,45BP,garageWidthFt,
2027,,tiffin bus,allegro bus,45BP,garageHeightIn,
2027,,tiffin bus,allegro bus,45BP,garageCapacityLbs,
2027,,tiffin bus,allegro bus,45BP,rampPatioLbs,
2027,,tiffin bus,allegro bus,45BP,fuelStationGal,
2027,,tiffin bus,allegro bus,45BP,axles,
2027,,tiffin bus,allegro bus,45BP,tireSize,
2027,,tiffin bus,allegro bus,45BP,slideouts,
2027,,tiffin bus,allegro bus,45OPP,uvwLbs,
2027,,tiffin bus,allegro bus,45OPP,length,
2027,,tiffin bus,allegro bus,45OPP,exteriorHeightIn,
2027,,tiffin bus,allegro bus,45OPP,exteriorWidthIn,
2027,,tiffin bus,allegro bus,45OPP,interiorHeightIn,
2027,,tiffin bus,allegro bus,45OPP,sleeps,
2027,,tiffin bus,allegro bus,45OPP,dryWeightLbs,
2027,,tiffin bus,allegro bus,45OPP,hitchLbs,
2027,,tiffin bus,allegro bus,45OPP,fuelCapacityGal,
2027,,tiffin bus,allegro bus,45OPP,freshWater,
2027,,tiffin bus,allegro bus,45OPP,grayWater,
2027,,tiffin bus,allegro bus,45OPP,blackWater,
2027,,tiffin bus,allegro bus,45OPP,propaneLbs,
2027,,tiffin bus,allegro bus,45OPP,propaneGal,
2027,,tiffin bus,allegro bus,45OPP,waterHeaterGal,
2027,,tiffin bus,allegro bus,45OPP,cargoLbs,
2027,,tiffin bus,allegro bus,45OPP,garageLengthFt,
2027,,tiffin bus,allegro bus,45OPP,garageWidthFt,
2027,,tiffin bus,allegro bus,45OPP,garageHeightIn,
2027,,tiffin bus,allegro bus,45OPP,garageCapacityLbs,
2027,,tiffin bus,allegro bus,45OPP,rampPatioLbs,
2027,,tiffin bus,allegro bus,45OPP,fuelStationGal,
2027,,tiffin bus,allegro bus,45OPP,axles,
2027,,tiffin bus,allegro bus,45OPP,tireSize,
2027,,tiffin bus,allegro bus,45OPP,slideouts,
2027,,tiffin,allegro bay,34DB,uvwLbs,
2027,,tiffin,allegro bay,34DB,length,
2027,,tiffin,allegro bay,34DB,exteriorHeightIn,
2027,,tiffin,allegro bay,34DB,exteriorWidthIn,
2027,,tiffin,allegro bay,34DB,interiorHeightIn,
2027,,tiffin,allegro bay,34DB,sleeps,
2027,,tiffin,allegro bay,34DB,dryWeightLbs,
2027,,tiffin,allegro bay,34DB,hitchLbs,
2027,,tiffin,allegro bay,34DB,fuelCapacityGal,
2027,,tiffin,allegro bay,34DB,freshWater,
2027,,tiffin,allegro bay,34DB,grayWater,
2027,,tiffin,allegro bay,34DB,blackWater,
2027,,tiffin,allegro bay,34DB,propaneLbs,
2027,,tiffin,allegro bay,34DB,propaneGal,
2027,,tiffin,allegro bay,34DB,waterHeaterGal,
2027,,tiffin,allegro bay,34DB,cargoLbs,
2027,,tiffin,allegro bay,34DB,garageLengthFt,
2027,,tiffin,allegro bay,34DB,garageWidthFt,
2027,,tiffin,allegro bay,34DB,garageHeightIn,
2027,,tiffin,allegro bay,34DB,garageCapacityLbs,
2027,,tiffin,allegro bay,34DB,rampPatioLbs,
2027,,tiffin,allegro bay,34DB,fuelStationGal,
2027,,tiffin,allegro bay,34DB,axles,
2027,,tiffin,allegro bay,34DB,tireSize,
2027,,tiffin,allegro bay,34DB,slideouts,
2027,,tiffin,allegro bay,38AB,uvwLbs,
2027,,tiffin,allegro bay,38AB,length,
2027,,tiffin,allegro bay,38AB,exteriorHeightIn,
2027,,tiffin,allegro bay,38AB,exteriorWidthIn,
2027,,tiffin,allegro bay,38AB,interiorHeightIn,
2027,,tiffin,allegro bay,38AB,sleeps,
2027,,tiffin,allegro bay,38AB,dryWeightLbs,
2027,,tiffin,allegro bay,38AB,hitchLbs,
2027,,tiffin,allegro bay,38AB,fuelCapacityGal,
2027,,tiffin,allegro bay,38AB,freshWater,
2027,,tiffin,allegro bay,38AB,grayWater,
2027,,tiffin,allegro bay,38AB,blackWater,
2027,,tiffin,allegro bay,38AB,propaneLbs,
2027,,tiffin,allegro bay,38AB,propaneGal,
2027,,tiffin,allegro bay,38AB,waterHeaterGal,
2027,,tiffin,allegro bay,38AB,cargoLbs,
2027,,tiffin,allegro bay,38AB,garageLengthFt,
2027,,tiffin,allegro bay,38AB,garageWidthFt,
2027,,tiffin,allegro bay,38AB,garageHeightIn,
2027,,tiffin,allegro bay,38AB,garageCapacityLbs,
2027,,tiffin,allegro bay,38AB,rampPatioLbs,
2027,,tiffin,allegro bay,38AB,fuelStationGal,
2027,,tiffin,allegro bay,38AB,axles,
2027,,tiffin,allegro bay,38AB,tireSize,
2027,,tiffin,allegro bay,38AB,slideouts,
2027,,tiffin,allegro bay,38BB,uvwLbs,
2027,,tiffin,allegro bay,38BB,length,
2027,,tiffin,allegro bay,38BB,exteriorHeightIn,
2027,,tiffin,allegro bay,38BB,exteriorWidthIn,
2027,,tiffin,allegro bay,38BB,interiorHeightIn,
2027,,tiffin,allegro bay,38BB,sleeps,
2027,,tiffin,allegro bay,38BB,dryWeightLbs,
2027,,tiffin,allegro bay,38BB,hitchLbs,
2027,,tiffin,allegro bay,38BB,fuelCapacityGal,
2027,,tiffin,allegro bay,38BB,freshWater,
2027,,tiffin,allegro bay,38BB,grayWater,
2027,,tiffin,allegro bay,38BB,blackWater,
2027,,tiffin,allegro bay,38BB,propaneLbs,
2027,,tiffin,allegro bay,38BB,propaneGal,
2027,,tiffin,allegro bay,38BB,waterHeaterGal,
2027,,tiffin,allegro bay,38BB,cargoLbs,
2027,,tiffin,allegro bay,38BB,garageLengthFt,
2027,,tiffin,allegro bay,38BB,garageWidthFt,
2027,,tiffin,allegro bay,38BB,garageHeightIn,
2027,,tiffin,allegro bay,38BB,garageCapacityLbs,
2027,,tiffin,allegro bay,38BB,rampPatioLbs,
2027,,tiffin,allegro bay,38BB,fuelStationGal,
2027,,tiffin,allegro bay,38BB,axles,
2027,,tiffin,allegro bay,38BB,tireSize,
2027,,tiffin,allegro bay,38BB,slideouts,
2027,,tiffin,allegro bay,38EB,uvwLbs,
2027,,tiffin,allegro bay,38EB,length,
2027,,tiffin,allegro bay,38EB,exteriorHeightIn,
2027,,tiffin,allegro bay,38EB,exteriorWidthIn,
2027,,tiffin,allegro bay,38EB,interiorHeightIn,
2027,,tiffin,allegro bay,38EB,sleeps,
2027,,tiffin,allegro bay,38EB,dryWeightLbs,
2027,,tiffin,allegro bay,38EB,hitchLbs,
2027,,tiffin,allegro bay,38EB,fuelCapacityGal,
2027,,tiffin,allegro bay,38EB,freshWater,
2027,,tiffin,allegro bay,38EB,grayWater,
2027,,tiffin,allegro bay,38EB,blackWater,
2027,,tiffin,allegro bay,38EB,propaneLbs,
2027,,tiffin,allegro bay,38EB,propaneGal,
2027,,tiffin,allegro bay,38EB,waterHeaterGal,
2027,,tiffin,allegro bay,38EB,cargoLbs,
2027,,tiffin,allegro bay,38EB,garageLengthFt,
2027,,tiffin,allegro bay,38EB,garageWidthFt,
2027,,tiffin,allegro bay,38EB,garageHeightIn,
2027,,tiffin,allegro bay,38EB,garageCapacityLbs,
2027,,tiffin,allegro bay,38EB,rampPatioLbs,
2027,,tiffin,allegro bay,38EB,fuelStationGal,
2027,,tiffin,allegro bay,38EB,axles,
2027,,tiffin,allegro bay,38EB,tireSize,
2027,,tiffin,allegro bay,38EB,slideouts,
,2019-2027,tiffin,allegro bus,45OPP,sleeps,
,2019-2027,tiffin,allegro bus,45OPP,dryWeightLbs,
,2019-2027,tiffin,allegro bus,45OPP,fuelCapacityGal,
,2019-2027,tiffin,allegro bus,45OPP,propaneLbs,
,2019-2027,tiffin,allegro bus,45OPP,propaneGal,
,2019-2027,tiffin,allegro bus,45OPP,waterHeaterGal,
,2019-2027,tiffin,allegro bus,45OPP,cargoLbs,
,2019-2027,tiffin,allegro bus,45OPP,garageLengthFt,
,2019-2027,tiffin,allegro bus,45OPP,garageWidthFt,
,2019-2027,tiffin,allegro bus,45OPP,garageHeightIn,
,2019-2027,tiffin,allegro bus,45OPP,garageCapacityLbs,
,2019-2027,tiffin,allegro bus,45OPP,rampPatioLbs,
,2019-2027,tiffin,allegro bus,45OPP,fuelStationGal,
,2019-2027,tiffin,allegro bus,45OPP,axles,
,2019-2027,tiffin,allegro bus,45OPP,tireSize,
,2019-2027,tiffin,allegro bus,45OPP,slideouts,
,2025-2027,tiffin,allegro red,33AA,uvwLbs,
,2025-2027,tiffin,allegro red,33AA,length,
,2025-2027,tiffin,allegro red,33AA,exteriorHeightIn,
,2025-2027,tiffin,allegro red,33AA,exteriorWidthIn,
,2025-2027,tiffin,allegro red,33AA,interiorHeightIn,
,2025-2027,tiffin,allegro red,33AA,sleeps,
,2025-2027,tiffin,allegro red,33AA,dryWeightLbs,
,2025-2027,tiffin,allegro red,33AA,hitchLbs,
,2025-2027,tiffin,allegro red,33AA,fuelCapacityGal,
,2025-2027,tiffin,allegro red,33AA,freshWater,
,2025-2027,tiffin,allegro red,33AA,grayWater,
,2025-2027,tiffin,allegro red,33AA,blackWater,
,2025-2027,tiffin,allegro red,33AA,propaneLbs,
,2025-2027,tiffin,allegro red,33AA,propaneGal,
,2025-2027,tiffin,allegro red,33AA,waterHeaterGal,
,2025-2027,tiffin,allegro red,33AA,cargoLbs,
,2025-2027,tiffin,allegro red,33AA,garageLengthFt,
,2025-2027,tiffin,allegro red,33AA,garageWidthFt,
,2025-2027,tiffin,allegro red,33AA,garageHeightIn,
,2025-2027,tiffin,allegro red,33AA,garageCapacityLbs,
,2025-2027,tiffin,allegro red,33AA,rampPatioLbs,
,2025-2027,tiffin,allegro red,33AA,fuelStationGal,
,2025-2027,tiffin,allegro red,33AA,axles,
,2025-2027,tiffin,allegro red,33AA,tireSize,
,2025-2027,tiffin,allegro red,33AA,slideouts,
,2025-2027,tiffin,allegro red,37BA,uvwLbs,
,2025-2027,tiffin,allegro red,37BA,length,
,2025-2027,tiffin,allegro red,37BA,exteriorHeightIn,
,2025-2027,tiffin,allegro red,37BA,exteriorWidthIn,
,2025-2027,tiffin,allegro red,37BA,interiorHeightIn,
,2025-2027,tiffin,allegro red,37BA,sleeps,
,2025-2027,tiffin,allegro red,37BA,dryWeightLbs,
,2025-2027,tiffin,allegro red,37BA,hitchLbs,
,2025-2027,tiffin,allegro red,37BA,fuelCapacityGal,
,2025-2027,tiffin,allegro red,37BA,freshWater,
,2025-2027,tiffin,allegro red,37BA,grayWater,
,2025-2027,tiffin,allegro red,37BA,blackWater,
,2025-2027,tiffin,allegro red,37BA,propaneLbs,
,2025-2027,tiffin,allegro red,37BA,propaneGal,
,2025-2027,tiffin,allegro red,37BA,waterHeaterGal,
,2025-2027,tiffin,allegro red,37BA,cargoLbs,
,2025-2027,tiffin,allegro red,37BA,garageLengthFt,
,2025-2027,tiffin,allegro red,37BA,garageWidthFt,
,2025-2027,tiffin,allegro red,37BA,garageHeightIn,
,2025-2027,tiffin,allegro red,37BA,garageCapacityLbs,
,2025-2027,tiffin,allegro red,37BA,rampPatioLbs,
,2025-2027,tiffin,allegro red,37BA,fuelStationGal,
,2025-2027,tiffin,allegro red,37BA,axles,
,2025-2027,tiffin,allegro red,37BA,tireSize,
,2025-2027,tiffin,allegro red,37BA,slideouts,
,2025-2027,tiffin,allegro red,38KA,uvwLbs,
,2025-2027,tiffin,allegro red,38KA,length,
,2025-2027,tiffin,allegro red,38KA,exteriorHeightIn,
,2025-2027,tiffin,allegro red,38KA,exteriorWidthIn,
,2025-2027,tiffin,allegro red,38KA,interiorHeightIn,
,2025-2027,tiffin,allegro red,38KA,sleeps,
,2025-2027,tiffin,allegro red,38KA,dryWeightLbs,
,2025-2027,tiffin,allegro red,38KA,hitchLbs,
,2025-2027,tiffin,allegro red,38KA,fuelCapacityGal,
,2025-2027,tiffin,allegro red,38KA,freshWater,
,2025-2027,tiffin,allegro red,38KA,grayWater,
,2025-2027,tiffin,allegro red,38KA,blackWater,
,2025-2027,tiffin,allegro red,38KA,propaneLbs,
,2025-2027,tiffin,allegro red,38KA,propaneGal,
,2025-2027,tiffin,allegro red,38KA,waterHeaterGal,
,2025-2027,tiffin,allegro red,38KA,cargoLbs,
,2025-2027,tiffin,allegro red,38KA,garageLengthFt,
,2025-2027,tiffin,allegro red,38KA,garageWidthFt,
,2025-2027,tiffin,allegro red,38KA,garageHeightIn,
,2025-2027,tiffin,allegro red,38KA,garageCapacityLbs,
,2025-2027,tiffin,allegro red,38KA,rampPatioLbs,
,2025-2027,tiffin,allegro red,38KA,fuelStationGal,
,2025-2027,tiffin,allegro red,38KA,axles,
,2025-2027,tiffin,allegro red,38KA,tireSize,
,2025-2027,tiffin,allegro red,38KA,slideouts,
2027,,tiffin,open road,29NA,uvwLbs,
2027,,tiffin,open road,29NA,length,
2027,,tiffin,open road,29NA,exteriorHeightIn,
2027,,tiffin,open road,29NA,exteriorWidthIn,
2027,,tiffin,open road,29NA,interiorHeightIn,
2027,,tiffin,open road,29NA,sleeps,
2027,,tiffin,open road,29NA,dryWeightLbs,
2027,,tiffin,open road,29NA,hitchLbs,
2027,,tiffin,open road,29NA,fuelCapacityGal,
2027,,tiffin,open road,29NA,freshWater,
2027,,tiffin,open road,29NA,grayWater,
2027,,tiffin,open road,29NA,blackWater,
2027,,tiffin,open road,29NA,propaneLbs,
2027,,tiffin,open road,29NA,propaneGal,
2027,,tiffin,open road,29NA,waterHeaterGal,
2027,,tiffin,open road,29NA,cargoLbs,
2027,,tiffin,open road,29NA,garageLengthFt,
2027,,tiffin,open road,29NA,garageWidthFt,
2027,,tiffin,open road,29NA,garageHeightIn,
2027,,tiffin,open road,29NA,garageCapacityLbs,
2027,,tiffin,open road,29NA,rampPatioLbs,
2027,,tiffin,open road,29NA,fuelStationGal,
2027,,tiffin,open road,29NA,axles,
2027,,tiffin,open road,29NA,tireSize,
2027,,tiffin,open road,29NA,slideouts,
2025,,tiffin,open road,32FA,uvwLbs,
2025,,tiffin,open road,32FA,length,
2025,,tiffin,open road,32FA,exteriorHeightIn,
2025,,tiffin,open road,32FA,exteriorWidthIn,
2025,,tiffin,open road,32FA,interiorHeightIn,
2025,,tiffin,open road,32FA,sleeps,
2025,,tiffin,open road,32FA,dryWeightLbs,
2025,,tiffin,open road,32FA,hitchLbs,
2025,,tiffin,open road,32FA,fuelCapacityGal,
2025,,tiffin,open road,32FA,freshWater,
2025,,tiffin,open road,32FA,grayWater,
2025,,tiffin,open road,32FA,blackWater,
2025,,tiffin,open road,32FA,propaneLbs,
2025,,tiffin,open road,32FA,propaneGal,
2025,,tiffin,open road,32FA,waterHeaterGal,
2025,,tiffin,open road,32FA,cargoLbs,
2025,,tiffin,open road,32FA,garageLengthFt,
2025,,tiffin,open road,32FA,garageWidthFt,
2025,,tiffin,open road,32FA,garageHeightIn,
2025,,tiffin,open road,32FA,garageCapacityLbs,
2025,,tiffin,open road,32FA,rampPatioLbs,
2025,,tiffin,open road,32FA,fuelStationGal,
2025,,tiffin,open road,32FA,axles,
2025,,tiffin,open road,32FA,tireSize,
2025,,tiffin,open road,32FA,slideouts,
2025,,tiffin,open road,32SA,uvwLbs,
2025,,tiffin,open road,32SA,length,
2025,,tiffin,open road,32SA,exteriorHeightIn,
2025,,tiffin,open road,32SA,exteriorWidthIn,
2025,,tiffin,open road,32SA,interiorHeightIn,
2025,,tiffin,open road,32SA,sleeps,
2025,,tiffin,open road,32SA,dryWeightLbs,
2025,,tiffin,open road,32SA,hitchLbs,
2025,,tiffin,open road,32SA,fuelCapacityGal,
2025,,tiffin,open road,32SA,freshWater,
2025,,tiffin,open road,32SA,grayWater,
2025,,tiffin,open road,32SA,blackWater,
2025,,tiffin,open road,32SA,propaneLbs,
2025,,tiffin,open road,32SA,propaneGal,
2025,,tiffin,open road,32SA,waterHeaterGal,
2025,,tiffin,open road,32SA,cargoLbs,
2025,,tiffin,open road,32SA,garageLengthFt,
2025,,tiffin,open road,32SA,garageWidthFt,
2025,,tiffin,open road,32SA,garageHeightIn,
2025,,tiffin,open road,32SA,garageCapacityLbs,
2025,,tiffin,open road,32SA,rampPatioLbs,
2025,,tiffin,open road,32SA,fuelStationGal,
2025,,tiffin,open road,32SA,axles,
2025,,tiffin,open road,32SA,tireSize,
2025,,tiffin,open road,32SA,slideouts,
2025,,tiffin,open road,34PA,uvwLbs,
2025,,tiffin,open road,34PA,length,
2025,,tiffin,open road,34PA,exteriorHeightIn,
2025,,tiffin,open road,34PA,exteriorWidthIn,
2025,,tiffin,open road,34PA,interiorHeightIn,
2025,,tiffin,open road,34PA,sleeps,
2025,,tiffin,open road,34PA,dryWeightLbs,
2025,,tiffin,open road,34PA,hitchLbs,
2025,,tiffin,open road,34PA,fuelCapacityGal,
2025,,tiffin,open road,34PA,freshWater,
2025,,tiffin,open road,34PA,grayWater,
2025,,tiffin,open road,34PA,blackWater,
2025,,tiffin,open road,34PA,propaneLbs,
2025,,tiffin,open road,34PA,propaneGal,
2025,,tiffin,open road,34PA,waterHeaterGal,
2025,,tiffin,open road,34PA,cargoLbs,
2025,,tiffin,open road,34PA,garageLengthFt,
2025,,tiffin,open road,34PA,garageWidthFt,
2025,,tiffin,open road,34PA,garageHeightIn,
2025,,tiffin,open road,34PA,garageCapacityLbs,
2025,,tiffin,open road,34PA,rampPatioLbs,
2025,,tiffin,open road,34PA,fuelStationGal,
2025,,tiffin,open road,34PA,axles,
2025,,tiffin,open road,34PA,tireSize,
2025,,tiffin,open road,34PA,slideouts,
2027,,tiffin,open road,34PA,uvwLbs,
2027,,tiffin,open road,34PA,length,
2027,,tiffin,open road,34PA,exteriorHeightIn,
2027,,tiffin,open road,34PA,exteriorWidthIn,
2027,,tiffin,open road,34PA,interiorHeightIn,
2027,,tiffin,open road,34PA,sleeps,
2027,,tiffin,open road,34PA,dryWeightLbs,
2027,,tiffin,open road,34PA,hitchLbs,
2027,,tiffin,open road,34PA,fuelCapacityGal,
2027,,tiffin,open road,34PA,freshWater,
2027,,tiffin,open road,34PA,grayWater,
2027,,tiffin,open road,34PA,blackWater,
2027,,tiffin,open road,34PA,propaneLbs,
2027,,tiffin,open road,34PA,propaneGal,
2027,,tiffin,open road,34PA,waterHeaterGal,
2027,,tiffin,open road,34PA,cargoLbs,
2027,,tiffin,open road,34PA,garageLengthFt,
2027,,tiffin,open road,34PA,garageWidthFt,
2027,,tiffin,open road,34PA,garageHeightIn,
2027,,tiffin,open road,34PA,garageCapacityLbs,
2027,,tiffin,open road,34PA,rampPatioLbs,
2027,,tiffin,open road,34PA,fuelStationGal,
2027,,tiffin,open road,34PA,axles,
2027,,tiffin,open road,34PA,tireSize,
2027,,tiffin,open road,34PA,slideouts,
2025,,tiffin,open road,36LA,uvwLbs,
2025,,tiffin,open road,36LA,length,
2025,,tiffin,open road,36LA,exteriorHeightIn,
2025,,tiffin,open road,36LA,exteriorWidthIn,
2025,,tiffin,open road,36LA,interiorHeightIn,
2025,,tiffin,open road,36LA,sleeps,
2025,,tiffin,open road,36LA,dryWeightLbs,
2025,,tiffin,open road,36LA,hitchLbs,
2025,,tiffin,open road,36LA,fuelCapacityGal,
2025,,tiffin,open road,36LA,freshWater,
2025,,tiffin,open road,36LA,grayWater,
2025,,tiffin,open road,36LA,blackWater,
2025,,tiffin,open road,36LA,propaneLbs,
2025,,tiffin,open road,36LA,propaneGal,
2025,,tiffin,open road,36LA,waterHeaterGal,
2025,,tiffin,open road,36LA,cargoLbs,
2025,,tiffin,open road,36LA,garageLengthFt,
2025,,tiffin,open road,36LA,garageWidthFt,
2025,,tiffin,open road,36LA,garageHeightIn,
2025,,tiffin,open road,36LA,garageCapacityLbs,
2025,,tiffin,open road,36LA,rampPatioLbs,
2025,,tiffin,open road,36LA,fuelStationGal,
2025,,tiffin,open road,36LA,axles,
2025,,tiffin,open road,36LA,tireSize,
2025,,tiffin,open road,36LA,slideouts,
2025,,tiffin,open road,36UA,uvwLbs,
2025,,tiffin,open road,36UA,length,
2025,,tiffin,open road,36UA,exteriorHeightIn,
2025,,tiffin,open road,36UA,exteriorWidthIn,
2025,,tiffin,open road,36UA,interiorHeightIn,
2025,,tiffin,open road,36UA,sleeps,
2025,,tiffin,open road,36UA,dryWeightLbs,
2025,,tiffin,open road,36UA,hitchLbs,
2025,,tiffin,open road,36UA,fuelCapacityGal,
2025,,tiffin,open road,36UA,freshWater,
2025,,tiffin,open road,36UA,grayWater,
2025,,tiffin,open road,36UA,blackWater,
2025,,tiffin,open road,36UA,propaneLbs,
2025,,tiffin,open road,36UA,propaneGal,
2025,,tiffin,open road,36UA,waterHeaterGal,
2025,,tiffin,open road,36UA,cargoLbs,
2025,,tiffin,open road,36UA,garageLengthFt,
2025,,tiffin,open road,36UA,garageWidthFt,
2025,,tiffin,open road,36UA,garageHeightIn,
2025,,tiffin,open road,36UA,garageCapacityLbs,
2025,,tiffin,open road,36UA,rampPatioLbs,
2025,,tiffin,open road,36UA,fuelStationGal,
2025,,tiffin,open road,36UA,axles,
2025,,tiffin,open road,36UA,tireSize,
2025,,tiffin,open road,36UA,slideouts,
2025,,tiffin,phaeton,35CH,uvwLbs,
2025,,tiffin,phaeton,35CH,length,
2025,,tiffin,phaeton,35CH,exteriorHeightIn,
2025,,tiffin,phaeton,35CH,exteriorWidthIn,
2025,,tiffin,phaeton,35CH,interiorHeightIn,
2025,,tiffin,phaeton,35CH,sleeps,
2025,,tiffin,phaeton,35CH,dryWeightLbs,
2025,,tiffin,phaeton,35CH,hitchLbs,
2025,,tiffin,phaeton,35CH,fuelCapacityGal,
2025,,tiffin,phaeton,35CH,freshWater,
2025,,tiffin,phaeton,35CH,grayWater,
2025,,tiffin,phaeton,35CH,blackWater,
2025,,tiffin,phaeton,35CH,propaneLbs,
2025,,tiffin,phaeton,35CH,propaneGal,
2025,,tiffin,phaeton,35CH,waterHeaterGal,
2025,,tiffin,phaeton,35CH,cargoLbs,
2025,,tiffin,phaeton,35CH,garageLengthFt,
2025,,tiffin,phaeton,35CH,garageWidthFt,
2025,,tiffin,phaeton,35CH,garageHeightIn,
2025,,tiffin,phaeton,35CH,garageCapacityLbs,
2025,,tiffin,phaeton,35CH,rampPatioLbs,
2025,,tiffin,phaeton,35CH,fuelStationGal,
2025,,tiffin,phaeton,35CH,axles,
2025,,tiffin,phaeton,35CH,tireSize,
2025,,tiffin,phaeton,35CH,slideouts,
,2026-2027,tiffin,phaeton,35CH,uvwLbs,
,2026-2027,tiffin,phaeton,35CH,length,
,2026-2027,tiffin,phaeton,35CH,exteriorHeightIn,
,2026-2027,tiffin,phaeton,35CH,exteriorWidthIn,
,2026-2027,tiffin,phaeton,35CH,interiorHeightIn,
,2026-2027,tiffin,phaeton,35CH,sleeps,
,2026-2027,tiffin,phaeton,35CH,dryWeightLbs,
,2026-2027,tiffin,phaeton,35CH,hitchLbs,
,2026-2027,tiffin,phaeton,35CH,fuelCapacityGal,
,2026-2027,tiffin,phaeton,35CH,freshWater,
,2026-2027,tiffin,phaeton,35CH,grayWater,
,2026-2027,tiffin,phaeton,35CH,blackWater,
,2026-2027,tiffin,phaeton,35CH,propaneLbs,
,2026-2027,tiffin,phaeton,35CH,propaneGal,
,2026-2027,tiffin,phaeton,35CH,waterHeaterGal,
,2026-2027,tiffin,phaeton,35CH,cargoLbs,
,2026-2027,tiffin,phaeton,35CH,garageLengthFt,
,2026-2027,tiffin,phaeton,35CH,garageWidthFt,
,2026-2027,tiffin,phaeton,35CH,garageHeightIn,
,2026-2027,tiffin,phaeton,35CH,garageCapacityLbs,
,2026-2027,tiffin,phaeton,35CH,rampPatioLbs,
,2026-2027,tiffin,phaeton,35CH,fuelStationGal,
,2026-2027,tiffin,phaeton,35CH,axles,
,2026-2027,tiffin,phaeton,35CH,tireSize,
,2026-2027,tiffin,phaeton,35CH,slideouts,
,2019-2023,tiffin,phaeton,37BH,sleeps,
,2019-2023,tiffin,phaeton,37BH,dryWeightLbs,
,2019-2023,tiffin,phaeton,37BH,fuelCapacityGal,
,2019-2023,tiffin,phaeton,37BH,propaneLbs,
,2019-2023,tiffin,phaeton,37BH,propaneGal,
,2019-2023,tiffin,phaeton,37BH,waterHeaterGal,
,2019-2023,tiffin,phaeton,37BH,cargoLbs,
,2019-2023,tiffin,phaeton,37BH,garageLengthFt,
,2019-2023,tiffin,phaeton,37BH,garageWidthFt,
,2019-2023,tiffin,phaeton,37BH,garageHeightIn,
,2019-2023,tiffin,phaeton,37BH,garageCapacityLbs,
,2019-2023,tiffin,phaeton,37BH,rampPatioLbs,
,2019-2023,tiffin,phaeton,37BH,fuelStationGal,
,2019-2023,tiffin,phaeton,37BH,axles,
,2019-2023,tiffin,phaeton,37BH,tireSize,
,2019-2023,tiffin,phaeton,37BH,slideouts,
,2024-2027,tiffin,phaeton,37BH,sleeps,
,2024-2027,tiffin,phaeton,37BH,dryWeightLbs,
,2024-2027,tiffin,phaeton,37BH,fuelCapacityGal,
,2024-2027,tiffin,phaeton,37BH,propaneLbs,
,2024-2027,tiffin,phaeton,37BH,propaneGal,
,2024-2027,tiffin,phaeton,37BH,waterHeaterGal,
,2024-2027,tiffin,phaeton,37BH,cargoLbs,
,2024-2027,tiffin,phaeton,37BH,garageLengthFt,
,2024-2027,tiffin,phaeton,37BH,garageWidthFt,
,2024-2027,tiffin,phaeton,37BH,garageHeightIn,
,2024-2027,tiffin,phaeton,37BH,garageCapacityLbs,
,2024-2027,tiffin,phaeton,37BH,rampPatioLbs,
,2024-2027,tiffin,phaeton,37BH,fuelStationGal,
,2024-2027,tiffin,phaeton,37BH,axles,
,2024-2027,tiffin,phaeton,37BH,tireSize,
,2024-2027,tiffin,phaeton,37BH,slideouts,
2025,,tiffin,phaeton,37BH,sleeps,
2025,,tiffin,phaeton,37BH,dryWeightLbs,
2025,,tiffin,phaeton,37BH,fuelCapacityGal,
2025,,tiffin,phaeton,37BH,propaneLbs,
2025,,tiffin,phaeton,37BH,propaneGal,
2025,,tiffin,phaeton,37BH,waterHeaterGal,
2025,,tiffin,phaeton,37BH,cargoLbs,
2025,,tiffin,phaeton,37BH,garageLengthFt,
2025,,tiffin,phaeton,37BH,garageWidthFt,
2025,,tiffin,phaeton,37BH,garageHeightIn,
2025,,tiffin,phaeton,37BH,garageCapacityLbs,
2025,,tiffin,phaeton,37BH,rampPatioLbs,
2025,,tiffin,phaeton,37BH,fuelStationGal,
2025,,tiffin,phaeton,37BH,axles,
2025,,tiffin,phaeton,37BH,tireSize,
2025,,tiffin,phaeton,37BH,slideouts,
,2026-2027,tiffin,phaeton,37BH,sleeps,
,2026-2027,tiffin,phaeton,37BH,dryWeightLbs,
,2026-2027,tiffin,phaeton,37BH,fuelCapacityGal,
,2026-2027,tiffin,phaeton,37BH,propaneLbs,
,2026-2027,tiffin,phaeton,37BH,propaneGal,
,2026-2027,tiffin,phaeton,37BH,waterHeaterGal,
,2026-2027,tiffin,phaeton,37BH,cargoLbs,
,2026-2027,tiffin,phaeton,37BH,garageLengthFt,
,2026-2027,tiffin,phaeton,37BH,garageWidthFt,
,2026-2027,tiffin,phaeton,37BH,garageHeightIn,
,2026-2027,tiffin,phaeton,37BH,garageCapacityLbs,
,2026-2027,tiffin,phaeton,37BH,rampPatioLbs,
,2026-2027,tiffin,phaeton,37BH,fuelStationGal,
,2026-2027,tiffin,phaeton,37BH,axles,
,2026-2027,tiffin,phaeton,37BH,tireSize,
,2026-2027,tiffin,phaeton,37BH,slideouts,
,2019-2022,tiffin,phaeton,40AH,sleeps,
,2019-2022,tiffin,phaeton,40AH,dryWeightLbs,
,2019-2022,tiffin,phaeton,40AH,fuelCapacityGal,
,2019-2022,tiffin,phaeton,40AH,propaneLbs,
,2019-2022,tiffin,phaeton,40AH,propaneGal,
,2019-2022,tiffin,phaeton,40AH,waterHeaterGal,
,2019-2022,tiffin,phaeton,40AH,cargoLbs,
,2019-2022,tiffin,phaeton,40AH,garageLengthFt,
,2019-2022,tiffin,phaeton,40AH,garageWidthFt,
,2019-2022,tiffin,phaeton,40AH,garageHeightIn,
,2019-2022,tiffin,phaeton,40AH,garageCapacityLbs,
,2019-2022,tiffin,phaeton,40AH,rampPatioLbs,
,2019-2022,tiffin,phaeton,40AH,fuelStationGal,
,2019-2022,tiffin,phaeton,40AH,axles,
,2019-2022,tiffin,phaeton,40AH,tireSize,
,2019-2022,tiffin,phaeton,40AH,slideouts,
,2019-2026,tiffin,phaeton,40IH,sleeps,
,2019-2026,tiffin,phaeton,40IH,dryWeightLbs,
,2019-2026,tiffin,phaeton,40IH,fuelCapacityGal,
,2019-2026,tiffin,phaeton,40IH,propaneLbs,
,2019-2026,tiffin,phaeton,40IH,propaneGal,
,2019-2026,tiffin,phaeton,40IH,waterHeaterGal,
,2019-2026,tiffin,phaeton,40IH,cargoLbs,
,2019-2026,tiffin,phaeton,40IH,garageLengthFt,
,2019-2026,tiffin,phaeton,40IH,garageWidthFt,
,2019-2026,tiffin,phaeton,40IH,garageHeightIn,
,2019-2026,tiffin,phaeton,40IH,garageCapacityLbs,
,2019-2026,tiffin,phaeton,40IH,rampPatioLbs,
,2019-2026,tiffin,phaeton,40IH,fuelStationGal,
,2019-2026,tiffin,phaeton,40IH,axles,
,2019-2026,tiffin,phaeton,40IH,tireSize,
,2019-2026,tiffin,phaeton,40IH,slideouts,
2025,,tiffin,phaeton,40IH,sleeps,
2025,,tiffin,phaeton,40IH,dryWeightLbs,
2025,,tiffin,phaeton,40IH,fuelCapacityGal,
2025,,tiffin,phaeton,40IH,propaneLbs,
2025,,tiffin,phaeton,40IH,propaneGal,
2025,,tiffin,phaeton,40IH,waterHeaterGal,
2025,,tiffin,phaeton,40IH,cargoLbs,
2025,,tiffin,phaeton,40IH,garageLengthFt,
2025,,tiffin,phaeton,40IH,garageWidthFt,
2025,,tiffin,phaeton,40IH,garageHeightIn,
2025,,tiffin,phaeton,40IH,garageCapacityLbs,
2025,,tiffin,phaeton,40IH,rampPatioLbs,
2025,,tiffin,phaeton,40IH,fuelStationGal,
2025,,tiffin,phaeton,40IH,axles,
2025,,tiffin,phaeton,40IH,tireSize,
2025,,tiffin,phaeton,40IH,slideouts,
,2026-2027,tiffin,phaeton,40IH,uvwLbs,
,2026-2027,tiffin,phaeton,40IH,length,
,2026-2027,tiffin,phaeton,40IH,exteriorHeightIn,
,2026-2027,tiffin,phaeton,40IH,exteriorWidthIn,
,2026-2027,tiffin,phaeton,40IH,interiorHeightIn,
,2026-2027,tiffin,phaeton,40IH,sleeps,
,2026-2027,tiffin,phaeton,40IH,dryWeightLbs,
,2026-2027,tiffin,phaeton,40IH,hitchLbs,
,2026-2027,tiffin,phaeton,40IH,fuelCapacityGal,
,2026-2027,tiffin,phaeton,40IH,freshWater,
,2026-2027,tiffin,phaeton,40IH,grayWater,
,2026-2027,tiffin,phaeton,40IH,blackWater,
,2026-2027,tiffin,phaeton,40IH,propaneLbs,
,2026-2027,tiffin,phaeton,40IH,propaneGal,
,2026-2027,tiffin,phaeton,40IH,waterHeaterGal,
,2026-2027,tiffin,phaeton,40IH,cargoLbs,
,2026-2027,tiffin,phaeton,40IH,garageLengthFt,
,2026-2027,tiffin,phaeton,40IH,garageWidthFt,
,2026-2027,tiffin,phaeton,40IH,garageHeightIn,
,2026-2027,tiffin,phaeton,40IH,garageCapacityLbs,
,2026-2027,tiffin,phaeton,40IH,rampPatioLbs,
,2026-2027,tiffin,phaeton,40IH,fuelStationGal,
,2026-2027,tiffin,phaeton,40IH,axles,
,2026-2027,tiffin,phaeton,40IH,tireSize,
,2026-2027,tiffin,phaeton,40IH,slideouts,
,2019-2022,tiffin,phaeton,40QBH,sleeps,
,2019-2022,tiffin,phaeton,40QBH,dryWeightLbs,
,2019-2022,tiffin,phaeton,40QBH,fuelCapacityGal,
,2019-2022,tiffin,phaeton,40QBH,propaneLbs,
,2019-2022,tiffin,phaeton,40QBH,propaneGal,
,2019-2022,tiffin,phaeton,40QBH,waterHeaterGal,
,2019-2022,tiffin,phaeton,40QBH,cargoLbs,
,2019-2022,tiffin,phaeton,40QBH,garageLengthFt,
,2019-2022,tiffin,phaeton,40QBH,garageWidthFt,
,2019-2022,tiffin,phaeton,40QBH,garageHeightIn,
,2019-2022,tiffin,phaeton,40QBH,garageCapacityLbs,
,2019-2022,tiffin,phaeton,40QBH,rampPatioLbs,
,2019-2022,tiffin,phaeton,40QBH,fuelStationGal,
,2019-2022,tiffin,phaeton,40QBH,axles,
,2019-2022,tiffin,phaeton,40QBH,tireSize,
,2019-2022,tiffin,phaeton,40QBH,slideouts,
,2019-2022,tiffin,phaeton,40QKH,sleeps,
,2019-2022,tiffin,phaeton,40QKH,dryWeightLbs,
,2019-2022,tiffin,phaeton,40QKH,fuelCapacityGal,
,2019-2022,tiffin,phaeton,40QKH,propaneLbs,
,2019-2022,tiffin,phaeton,40QKH,propaneGal,
,2019-2022,tiffin,phaeton,40QKH,waterHeaterGal,
,2019-2022,tiffin,phaeton,40QKH,cargoLbs,
,2019-2022,tiffin,phaeton,40QKH,garageLengthFt,
,2019-2022,tiffin,phaeton,40QKH,garageWidthFt,
,2019-2022,tiffin,phaeton,40QKH,garageHeightIn,
,2019-2022,tiffin,phaeton,40QKH,garageCapacityLbs,
,2019-2022,tiffin,phaeton,40QKH,rampPatioLbs,
,2019-2022,tiffin,phaeton,40QKH,fuelStationGal,
,2019-2022,tiffin,phaeton,40QKH,axles,
,2019-2022,tiffin,phaeton,40QKH,tireSize,
,2019-2022,tiffin,phaeton,40QKH,slideouts,
,2019-2026,tiffin,phaeton,44OH,sleeps,
,2019-2026,tiffin,phaeton,44OH,dryWeightLbs,
,2019-2026,tiffin,phaeton,44OH,fuelCapacityGal,
,2019-2026,tiffin,phaeton,44OH,propaneLbs,
,2019-2026,tiffin,phaeton,44OH,propaneGal,
,2019-2026,tiffin,phaeton,44OH,waterHeaterGal,
,2019-2026,tiffin,phaeton,44OH,cargoLbs,
,2019-2026,tiffin,phaeton,44OH,garageLengthFt,
,2019-2026,tiffin,phaeton,44OH,garageWidthFt,
,2019-2026,tiffin,phaeton,44OH,garageHeightIn,
,2019-2026,tiffin,phaeton,44OH,garageCapacityLbs,
,2019-2026,tiffin,phaeton,44OH,rampPatioLbs,
,2019-2026,tiffin,phaeton,44OH,fuelStationGal,
,2019-2026,tiffin,phaeton,44OH,axles,
,2019-2026,tiffin,phaeton,44OH,tireSize,
,2019-2026,tiffin,phaeton,44OH,slideouts,
2025,,tiffin,phaeton,44OH,sleeps,
2025,,tiffin,phaeton,44OH,dryWeightLbs,
2025,,tiffin,phaeton,44OH,fuelCapacityGal,
2025,,tiffin,phaeton,44OH,propaneLbs,
2025,,tiffin,phaeton,44OH,propaneGal,
2025,,tiffin,phaeton,44OH,waterHeaterGal,
2025,,tiffin,phaeton,44OH,cargoLbs,
2025,,tiffin,phaeton,44OH,garageLengthFt,
2025,,tiffin,phaeton,44OH,garageWidthFt,
2025,,tiffin,phaeton,44OH,garageHeightIn,
2025,,tiffin,phaeton,44OH,garageCapacityLbs,
2025,,tiffin,phaeton,44OH,rampPatioLbs,
2025,,tiffin,phaeton,44OH,fuelStationGal,
2025,,tiffin,phaeton,44OH,axles,
2025,,tiffin,phaeton,44OH,tireSize,
2025,,tiffin,phaeton,44OH,slideouts,
,2026-2027,tiffin,phaeton,44OH,uvwLbs,
,2026-2027,tiffin,phaeton,44OH,length,
,2026-2027,tiffin,phaeton,44OH,exteriorHeightIn,
,2026-2027,tiffin,phaeton,44OH,exteriorWidthIn,
,2026-2027,tiffin,phaeton,44OH,interiorHeightIn,
,2026-2027,tiffin,phaeton,44OH,sleeps,
,2026-2027,tiffin,phaeton,44OH,dryWeightLbs,
,2026-2027,tiffin,phaeton,44OH,hitchLbs,
,2026-2027,tiffin,phaeton,44OH,fuelCapacityGal,
,2026-2027,tiffin,phaeton,44OH,freshWater,
,2026-2027,tiffin,phaeton,44OH,grayWater,
,2026-2027,tiffin,phaeton,44OH,blackWater,
,2026-2027,tiffin,phaeton,44OH,propaneLbs,
,2026-2027,tiffin,phaeton,44OH,propaneGal,
,2026-2027,tiffin,phaeton,44OH,waterHeaterGal,
,2026-2027,tiffin,phaeton,44OH,cargoLbs,
,2026-2027,tiffin,phaeton,44OH,garageLengthFt,
,2026-2027,tiffin,phaeton,44OH,garageWidthFt,
,2026-2027,tiffin,phaeton,44OH,garageHeightIn,
,2026-2027,tiffin,phaeton,44OH,garageCapacityLbs,
,2026-2027,tiffin,phaeton,44OH,rampPatioLbs,
,2026-2027,tiffin,phaeton,44OH,fuelStationGal,
,2026-2027,tiffin,phaeton,44OH,axles,
,2026-2027,tiffin,phaeton,44OH,tireSize,
,2026-2027,tiffin,phaeton,44OH,slideouts,
2027,,tiffin,wayfarer,25PW,uvwLbs,
2027,,tiffin,wayfarer,25PW,length,
2027,,tiffin,wayfarer,25PW,exteriorHeightIn,
2027,,tiffin,wayfarer,25PW,exteriorWidthIn,
2027,,tiffin,wayfarer,25PW,interiorHeightIn,
2027,,tiffin,wayfarer,25PW,sleeps,
2027,,tiffin,wayfarer,25PW,dryWeightLbs,
2027,,tiffin,wayfarer,25PW,hitchLbs,
2027,,tiffin,wayfarer,25PW,fuelCapacityGal,
2027,,tiffin,wayfarer,25PW,freshWater,
2027,,tiffin,wayfarer,25PW,grayWater,
2027,,tiffin,wayfarer,25PW,blackWater,
2027,,tiffin,wayfarer,25PW,propaneLbs,
2027,,tiffin,wayfarer,25PW,propaneGal,
2027,,tiffin,wayfarer,25PW,waterHeaterGal,
2027,,tiffin,wayfarer,25PW,cargoLbs,
2027,,tiffin,wayfarer,25PW,garageLengthFt,
2027,,tiffin,wayfarer,25PW,garageWidthFt,
2027,,tiffin,wayfarer,25PW,garageHeightIn,
2027,,tiffin,wayfarer,25PW,garageCapacityLbs,
2027,,tiffin,wayfarer,25PW,rampPatioLbs,
2027,,tiffin,wayfarer,25PW,fuelStationGal,
2027,,tiffin,wayfarer,25PW,axles,
2027,,tiffin,wayfarer,25PW,tireSize,
2027,,tiffin,wayfarer,25PW,slideouts,
2027,,tiffin,wayfarer,25RW,uvwLbs,
2027,,tiffin,wayfarer,25RW,length,
2027,,tiffin,wayfarer,25RW,exteriorHeightIn,
2027,,tiffin,wayfarer,25RW,exteriorWidthIn,
2027,,tiffin,wayfarer,25RW,interiorHeightIn,
2027,,tiffin,wayfarer,25RW,sleeps,
2027,,tiffin,wayfarer,25RW,dryWeightLbs,
2027,,tiffin,wayfarer,25RW,hitchLbs,
2027,,tiffin,wayfarer,25RW,fuelCapacityGal,
2027,,tiffin,wayfarer,25RW,freshWater,
2027,,tiffin,wayfarer,25RW,grayWater,
2027,,tiffin,wayfarer,25RW,blackWater,
2027,,tiffin,wayfarer,25RW,propaneLbs,
2027,,tiffin,wayfarer,25RW,propaneGal,
2027,,tiffin,wayfarer,25RW,waterHeaterGal,
2027,,tiffin,wayfarer,25RW,cargoLbs,
2027,,tiffin,wayfarer,25RW,garageLengthFt,
2027,,tiffin,wayfarer,25RW,garageWidthFt,
2027,,tiffin,wayfarer,25RW,garageHeightIn,
2027,,tiffin,wayfarer,25RW,garageCapacityLbs,
2027,,tiffin,wayfarer,25RW,rampPatioLbs,
2027,,tiffin,wayfarer,25RW,fuelStationGal,
2027,,tiffin,wayfarer,25RW,axles,
2027,,tiffin,wayfarer,25RW,tireSize,
2027,,tiffin,wayfarer,25RW,slideouts,
2027,,tiffin,wayfarer,25XLW,uvwLbs,
2027,,tiffin,wayfarer,25XLW,length,
2027,,tiffin,wayfarer,25XLW,exteriorHeightIn,
2027,,tiffin,wayfarer,25XLW,exteriorWidthIn,
2027,,tiffin,wayfarer,25XLW,interiorHeightIn,
2027,,tiffin,wayfarer,25XLW,sleeps,
2027,,tiffin,wayfarer,25XLW,dryWeightLbs,
2027,,tiffin,wayfarer,25XLW,hitchLbs,
2027,,tiffin,wayfarer,25XLW,fuelCapacityGal,
2027,,tiffin,wayfarer,25XLW,freshWater,
2027,,tiffin,wayfarer,25XLW,grayWater,
2027,,tiffin,wayfarer,25XLW,blackWater,
2027,,tiffin,wayfarer,25XLW,propaneLbs,
2027,,tiffin,wayfarer,25XLW,propaneGal,
2027,,tiffin,wayfarer,25XLW,waterHeaterGal,
2027,,tiffin,wayfarer,25XLW,cargoLbs,
2027,,tiffin,wayfarer,25XLW,garageLengthFt,
2027,,tiffin,wayfarer,25XLW,garageWidthFt,
2027,,tiffin,wayfarer,25XLW,garageHeightIn,
2027,,tiffin,wayfarer,25XLW,garageCapacityLbs,
2027,,tiffin,wayfarer,25XLW,rampPatioLbs,
2027,,tiffin,wayfarer,25XLW,fuelStationGal,
2027,,tiffin,wayfarer,25XLW,axles,
2027,,tiffin,wayfarer,25XLW,tireSize,
2027,,tiffin,wayfarer,25XLW,slideouts,
2027,,tiffin,zephyr,45FZ,uvwLbs,
2027,,tiffin,zephyr,45FZ,length,
2027,,tiffin,zephyr,45FZ,exteriorHeightIn,
2027,,tiffin,zephyr,45FZ,exteriorWidthIn,
2027,,tiffin,zephyr,45FZ,interiorHeightIn,
2027,,tiffin,zephyr,45FZ,sleeps,
2027,,tiffin,zephyr,45FZ,dryWeightLbs,
2027,,tiffin,zephyr,45FZ,hitchLbs,
2027,,tiffin,zephyr,45FZ,fuelCapacityGal,
2027,,tiffin,zephyr,45FZ,freshWater,
2027,,tiffin,zephyr,45FZ,grayWater,
2027,,tiffin,zephyr,45FZ,blackWater,
2027,,tiffin,zephyr,45FZ,propaneLbs,
2027,,tiffin,zephyr,45FZ,propaneGal,
2027,,tiffin,zephyr,45FZ,waterHeaterGal,
2027,,tiffin,zephyr,45FZ,cargoLbs,
2027,,tiffin,zephyr,45FZ,garageLengthFt,
2027,,tiffin,zephyr,45FZ,garageWidthFt,
2027,,tiffin,zephyr,45FZ,garageHeightIn,
2027,,tiffin,zephyr,45FZ,garageCapacityLbs,
2027,,tiffin,zephyr,45FZ,rampPatioLbs,
2027,,tiffin,zephyr,45FZ,fuelStationGal,
2027,,tiffin,zephyr,45FZ,axles,
2027,,tiffin,zephyr,45FZ,tireSize,
2027,,tiffin,zephyr,45FZ,slideouts,
2027,,tiffin,zephyr,45PZ,uvwLbs,
2027,,tiffin,zephyr,45PZ,length,
2027,,tiffin,zephyr,45PZ,exteriorHeightIn,
2027,,tiffin,zephyr,45PZ,exteriorWidthIn,
2027,,tiffin,zephyr,45PZ,interiorHeightIn,
2027,,tiffin,zephyr,45PZ,sleeps,
2027,,tiffin,zephyr,45PZ,dryWeightLbs,
2027,,tiffin,zephyr,45PZ,hitchLbs,
2027,,tiffin,zephyr,45PZ,fuelCapacityGal,
2027,,tiffin,zephyr,45PZ,freshWater,
2027,,tiffin,zephyr,45PZ,grayWater,
2027,,tiffin,zephyr,45PZ,blackWater,
2027,,tiffin,zephyr,45PZ,propaneLbs,
2027,,tiffin,zephyr,45PZ,propaneGal,
2027,,tiffin,zephyr,45PZ,waterHeaterGal,
2027,,tiffin,zephyr,45PZ,cargoLbs,
2027,,tiffin,zephyr,45PZ,garageLengthFt,
2027,,tiffin,zephyr,45PZ,garageWidthFt,
2027,,tiffin,zephyr,45PZ,garageHeightIn,
2027,,tiffin,zephyr,45PZ,garageCapacityLbs,
2027,,tiffin,zephyr,45PZ,rampPatioLbs,
2027,,tiffin,zephyr,45PZ,fuelStationGal,
2027,,tiffin,zephyr,45PZ,axles,
2027,,tiffin,zephyr,45PZ,tireSize,
2027,,tiffin,zephyr,45PZ,slideouts,
,2024-2025,winnebago,adventurer,34W,uvwLbs,
,2024-2025,winnebago,adventurer,34W,length,
,2024-2025,winnebago,adventurer,34W,exteriorHeightIn,
,2024-2025,winnebago,adventurer,34W,exteriorWidthIn,
,2024-2025,winnebago,adventurer,34W,interiorHeightIn,
,2024-2025,winnebago,adventurer,34W,sleeps,
,2024-2025,winnebago,adventurer,34W,dryWeightLbs,
,2024-2025,winnebago,adventurer,34W,hitchLbs,
,2024-2025,winnebago,adventurer,34W,fuelCapacityGal,
,2024-2025,winnebago,adventurer,34W,freshWater,
,2024-2025,winnebago,adventurer,34W,grayWater,
,2024-2025,winnebago,adventurer,34W,blackWater,
,2024-2025,winnebago,adventurer,34W,propaneLbs,
,2024-2025,winnebago,adventurer,34W,propaneGal,
,2024-2025,winnebago,adventurer,34W,waterHeaterGal,
,2024-2025,winnebago,adventurer,34W,cargoLbs,
,2024-2025,winnebago,adventurer,34W,garageLengthFt,
,2024-2025,winnebago,adventurer,34W,garageWidthFt,
,2024-2025,winnebago,adventurer,34W,garageHeightIn,
,2024-2025,winnebago,adventurer,34W,garageCapacityLbs,
,2024-2025,winnebago,adventurer,34W,rampPatioLbs,
,2024-2025,winnebago,adventurer,34W,fuelStationGal,
,2024-2025,winnebago,adventurer,34W,axles,
,2024-2025,winnebago,adventurer,34W,tireSize,
,2024-2025,winnebago,adventurer,34W,slideouts,
,2024-2025,winnebago,adventurer,35F,uvwLbs,
,2024-2025,winnebago,adventurer,35F,length,
,2024-2025,winnebago,adventurer,35F,exteriorHeightIn,
,2024-2025,winnebago,adventurer,35F,exteriorWidthIn,
,2024-2025,winnebago,adventurer,35F,interiorHeightIn,
,2024-2025,winnebago,adventurer,35F,sleeps,
,2024-2025,winnebago,adventurer,35F,dryWeightLbs,
,2024-2025,winnebago,adventurer,35F,hitchLbs,
,2024-2025,winnebago,adventurer,35F,fuelCapacityGal,
,2024-2025,winnebago,adventurer,35F,freshWater,
,2024-2025,winnebago,adventurer,35F,grayWater,
,2024-2025,winnebago,adventurer,35F,blackWater,
,2024-2025,winnebago,adventurer,35F,propaneLbs,
,2024-2025,winnebago,adventurer,35F,propaneGal,
,2024-2025,winnebago,adventurer,35F,waterHeaterGal,
,2024-2025,winnebago,adventurer,35F,cargoLbs,
,2024-2025,winnebago,adventurer,35F,garageLengthFt,
,2024-2025,winnebago,adventurer,35F,garageWidthFt,
,2024-2025,winnebago,adventurer,35F,garageHeightIn,
,2024-2025,winnebago,adventurer,35F,garageCapacityLbs,
,2024-2025,winnebago,adventurer,35F,rampPatioLbs,
,2024-2025,winnebago,adventurer,35F,fuelStationGal,
,2024-2025,winnebago,adventurer,35F,axles,
,2024-2025,winnebago,adventurer,35F,tireSize,
,2024-2025,winnebago,adventurer,35F,slideouts,
,2024-2025,winnebago,adventurer,36Z,uvwLbs,
,2024-2025,winnebago,adventurer,36Z,length,
,2024-2025,winnebago,adventurer,36Z,exteriorHeightIn,
,2024-2025,winnebago,adventurer,36Z,exteriorWidthIn,
,2024-2025,winnebago,adventurer,36Z,interiorHeightIn,
,2024-2025,winnebago,adventurer,36Z,sleeps,
,2024-2025,winnebago,adventurer,36Z,dryWeightLbs,
,2024-2025,winnebago,adventurer,36Z,hitchLbs,
,2024-2025,winnebago,adventurer,36Z,fuelCapacityGal,
,2024-2025,winnebago,adventurer,36Z,freshWater,
,2024-2025,winnebago,adventurer,36Z,grayWater,
,2024-2025,winnebago,adventurer,36Z,blackWater,
,2024-2025,winnebago,adventurer,36Z,propaneLbs,
,2024-2025,winnebago,adventurer,36Z,propaneGal,
,2024-2025,winnebago,adventurer,36Z,waterHeaterGal,
,2024-2025,winnebago,adventurer,36Z,cargoLbs,
,2024-2025,winnebago,adventurer,36Z,garageLengthFt,
,2024-2025,winnebago,adventurer,36Z,garageWidthFt,
,2024-2025,winnebago,adventurer,36Z,garageHeightIn,
,2024-2025,winnebago,adventurer,36Z,garageCapacityLbs,
,2024-2025,winnebago,adventurer,36Z,rampPatioLbs,
,2024-2025,winnebago,adventurer,36Z,fuelStationGal,
,2024-2025,winnebago,adventurer,36Z,axles,
,2024-2025,winnebago,adventurer,36Z,tireSize,
,2024-2025,winnebago,adventurer,36Z,slideouts,
2027,,winnebago,arka,20Z,uvwLbs,
2027,,winnebago,arka,20Z,length,
2027,,winnebago,arka,20Z,exteriorHeightIn,
2027,,winnebago,arka,20Z,exteriorWidthIn,
2027,,winnebago,arka,20Z,interiorHeightIn,
2027,,winnebago,arka,20Z,sleeps,
2027,,winnebago,arka,20Z,dryWeightLbs,
2027,,winnebago,arka,20Z,hitchLbs,
2027,,winnebago,arka,20Z,fuelCapacityGal,
2027,,winnebago,arka,20Z,freshWater,
2027,,winnebago,arka,20Z,grayWater,
2027,,winnebago,arka,20Z,blackWater,
2027,,winnebago,arka,20Z,propaneLbs,
2027,,winnebago,arka,20Z,propaneGal,
2027,,winnebago,arka,20Z,waterHeaterGal,
2027,,winnebago,arka,20Z,cargoLbs,
2027,,winnebago,arka,20Z,garageLengthFt,
2027,,winnebago,arka,20Z,garageWidthFt,
2027,,winnebago,arka,20Z,garageHeightIn,
2027,,winnebago,arka,20Z,garageCapacityLbs,
2027,,winnebago,arka,20Z,rampPatioLbs,
2027,,winnebago,arka,20Z,fuelStationGal,
2027,,winnebago,arka,20Z,axles,
2027,,winnebago,arka,20Z,tireSize,
2027,,winnebago,arka,20Z,slideouts,
2027,,winnebago,ekko,22A,uvwLbs,
2027,,winnebago,ekko,22A,length,
2027,,winnebago,ekko,22A,exteriorHeightIn,
2027,,winnebago,ekko,22A,exteriorWidthIn,
2027,,winnebago,ekko,22A,interiorHeightIn,
2027,,winnebago,ekko,22A,sleeps,
2027,,winnebago,ekko,22A,dryWeightLbs,
2027,,winnebago,ekko,22A,hitchLbs,
2027,,winnebago,ekko,22A,fuelCapacityGal,
2027,,winnebago,ekko,22A,freshWater,
2027,,winnebago,ekko,22A,grayWater,
2027,,winnebago,ekko,22A,blackWater,
2027,,winnebago,ekko,22A,propaneLbs,
2027,,winnebago,ekko,22A,propaneGal,
2027,,winnebago,ekko,22A,waterHeaterGal,
2027,,winnebago,ekko,22A,cargoLbs,
2027,,winnebago,ekko,22A,garageLengthFt,
2027,,winnebago,ekko,22A,garageWidthFt,
2027,,winnebago,ekko,22A,garageHeightIn,
2027,,winnebago,ekko,22A,garageCapacityLbs,
2027,,winnebago,ekko,22A,rampPatioLbs,
2027,,winnebago,ekko,22A,fuelStationGal,
2027,,winnebago,ekko,22A,axles,
2027,,winnebago,ekko,22A,tireSize,
2027,,winnebago,ekko,22A,slideouts,
2027,,winnebago,elora,19DC,uvwLbs,
2027,,winnebago,elora,19DC,length,
2027,,winnebago,elora,19DC,exteriorHeightIn,
2027,,winnebago,elora,19DC,exteriorWidthIn,
2027,,winnebago,elora,19DC,interiorHeightIn,
2027,,winnebago,elora,19DC,sleeps,
2027,,winnebago,elora,19DC,dryWeightLbs,
2027,,winnebago,elora,19DC,hitchLbs,
2027,,winnebago,elora,19DC,fuelCapacityGal,
2027,,winnebago,elora,19DC,freshWater,
2027,,winnebago,elora,19DC,grayWater,
2027,,winnebago,elora,19DC,blackWater,
2027,,winnebago,elora,19DC,propaneLbs,
2027,,winnebago,elora,19DC,propaneGal,
2027,,winnebago,elora,19DC,waterHeaterGal,
2027,,winnebago,elora,19DC,cargoLbs,
2027,,winnebago,elora,19DC,garageLengthFt,
2027,,winnebago,elora,19DC,garageWidthFt,
2027,,winnebago,elora,19DC,garageHeightIn,
2027,,winnebago,elora,19DC,garageCapacityLbs,
2027,,winnebago,elora,19DC,rampPatioLbs,
2027,,winnebago,elora,19DC,fuelStationGal,
2027,,winnebago,elora,19DC,axles,
2027,,winnebago,elora,19DC,tireSize,
2027,,winnebago,elora,19DC,slideouts,
2025,,winnebago,forza,34T,uvwLbs,
2025,,winnebago,forza,34T,length,
2025,,winnebago,forza,34T,exteriorHeightIn,
2025,,winnebago,forza,34T,exteriorWidthIn,
2025,,winnebago,forza,34T,interiorHeightIn,
2025,,winnebago,forza,34T,sleeps,
2025,,winnebago,forza,34T,dryWeightLbs,
2025,,winnebago,forza,34T,hitchLbs,
2025,,winnebago,forza,34T,fuelCapacityGal,
2025,,winnebago,forza,34T,freshWater,
2025,,winnebago,forza,34T,grayWater,
2025,,winnebago,forza,34T,blackWater,
2025,,winnebago,forza,34T,propaneLbs,
2025,,winnebago,forza,34T,propaneGal,
2025,,winnebago,forza,34T,waterHeaterGal,
2025,,winnebago,forza,34T,cargoLbs,
2025,,winnebago,forza,34T,garageLengthFt,
2025,,winnebago,forza,34T,garageWidthFt,
2025,,winnebago,forza,34T,garageHeightIn,
2025,,winnebago,forza,34T,garageCapacityLbs,
2025,,winnebago,forza,34T,rampPatioLbs,
2025,,winnebago,forza,34T,fuelStationGal,
2025,,winnebago,forza,34T,axles,
2025,,winnebago,forza,34T,tireSize,
2025,,winnebago,forza,34T,slideouts,
2025,,winnebago,forza,36H,uvwLbs,
2025,,winnebago,forza,36H,length,
2025,,winnebago,forza,36H,exteriorHeightIn,
2025,,winnebago,forza,36H,exteriorWidthIn,
2025,,winnebago,forza,36H,interiorHeightIn,
2025,,winnebago,forza,36H,sleeps,
2025,,winnebago,forza,36H,dryWeightLbs,
2025,,winnebago,forza,36H,hitchLbs,
2025,,winnebago,forza,36H,fuelCapacityGal,
2025,,winnebago,forza,36H,freshWater,
2025,,winnebago,forza,36H,grayWater,
2025,,winnebago,forza,36H,blackWater,
2025,,winnebago,forza,36H,propaneLbs,
2025,,winnebago,forza,36H,propaneGal,
2025,,winnebago,forza,36H,waterHeaterGal,
2025,,winnebago,forza,36H,cargoLbs,
2025,,winnebago,forza,36H,garageLengthFt,
2025,,winnebago,forza,36H,garageWidthFt,
2025,,winnebago,forza,36H,garageHeightIn,
2025,,winnebago,forza,36H,garageCapacityLbs,
2025,,winnebago,forza,36H,rampPatioLbs,
2025,,winnebago,forza,36H,fuelStationGal,
2025,,winnebago,forza,36H,axles,
2025,,winnebago,forza,36H,tireSize,
2025,,winnebago,forza,36H,slideouts,
2025,,winnebago,forza,38W,uvwLbs,
2025,,winnebago,forza,38W,length,
2025,,winnebago,forza,38W,exteriorHeightIn,
2025,,winnebago,forza,38W,exteriorWidthIn,
2025,,winnebago,forza,38W,interiorHeightIn,
2025,,winnebago,forza,38W,sleeps,
2025,,winnebago,forza,38W,dryWeightLbs,
2025,,winnebago,forza,38W,hitchLbs,
2025,,winnebago,forza,38W,fuelCapacityGal,
2025,,winnebago,forza,38W,freshWater,
2025,,winnebago,forza,38W,grayWater,
2025,,winnebago,forza,38W,blackWater,
2025,,winnebago,forza,38W,propaneLbs,
2025,,winnebago,forza,38W,propaneGal,
2025,,winnebago,forza,38W,waterHeaterGal,
2025,,winnebago,forza,38W,cargoLbs,
2025,,winnebago,forza,38W,garageLengthFt,
2025,,winnebago,forza,38W,garageWidthFt,
2025,,winnebago,forza,38W,garageHeightIn,
2025,,winnebago,forza,38W,garageCapacityLbs,
2025,,winnebago,forza,38W,rampPatioLbs,
2025,,winnebago,forza,38W,fuelStationGal,
2025,,winnebago,forza,38W,axles,
2025,,winnebago,forza,38W,tireSize,
2025,,winnebago,forza,38W,slideouts,
2025,,winnebago,minnie winnie,25B,uvwLbs,
2025,,winnebago,minnie winnie,25B,length,
2025,,winnebago,minnie winnie,25B,exteriorHeightIn,
2025,,winnebago,minnie winnie,25B,exteriorWidthIn,
2025,,winnebago,minnie winnie,25B,interiorHeightIn,
2025,,winnebago,minnie winnie,25B,sleeps,
2025,,winnebago,minnie winnie,25B,dryWeightLbs,
2025,,winnebago,minnie winnie,25B,hitchLbs,
2025,,winnebago,minnie winnie,25B,fuelCapacityGal,
2025,,winnebago,minnie winnie,25B,freshWater,
2025,,winnebago,minnie winnie,25B,grayWater,
2025,,winnebago,minnie winnie,25B,blackWater,
2025,,winnebago,minnie winnie,25B,propaneLbs,
2025,,winnebago,minnie winnie,25B,propaneGal,
2025,,winnebago,minnie winnie,25B,waterHeaterGal,
2025,,winnebago,minnie winnie,25B,cargoLbs,
2025,,winnebago,minnie winnie,25B,garageLengthFt,
2025,,winnebago,minnie winnie,25B,garageWidthFt,
2025,,winnebago,minnie winnie,25B,garageHeightIn,
2025,,winnebago,minnie winnie,25B,garageCapacityLbs,
2025,,winnebago,minnie winnie,25B,rampPatioLbs,
2025,,winnebago,minnie winnie,25B,fuelStationGal,
2025,,winnebago,minnie winnie,25B,axles,
2025,,winnebago,minnie winnie,25B,tireSize,
2025,,winnebago,minnie winnie,25B,slideouts,
2025,,winnebago,minnie winnie,26T,uvwLbs,
2025,,winnebago,minnie winnie,26T,length,
2025,,winnebago,minnie winnie,26T,exteriorHeightIn,
2025,,winnebago,minnie winnie,26T,exteriorWidthIn,
2025,,winnebago,minnie winnie,26T,interiorHeightIn,
2025,,winnebago,minnie winnie,26T,sleeps,
2025,,winnebago,minnie winnie,26T,dryWeightLbs,
2025,,winnebago,minnie winnie,26T,hitchLbs,
2025,,winnebago,minnie winnie,26T,fuelCapacityGal,
2025,,winnebago,minnie winnie,26T,freshWater,
2025,,winnebago,minnie winnie,26T,grayWater,
2025,,winnebago,minnie winnie,26T,blackWater,
2025,,winnebago,minnie winnie,26T,propaneLbs,
2025,,winnebago,minnie winnie,26T,propaneGal,
2025,,winnebago,minnie winnie,26T,waterHeaterGal,
2025,,winnebago,minnie winnie,26T,cargoLbs,
2025,,winnebago,minnie winnie,26T,garageLengthFt,
2025,,winnebago,minnie winnie,26T,garageWidthFt,
2025,,winnebago,minnie winnie,26T,garageHeightIn,
2025,,winnebago,minnie winnie,26T,garageCapacityLbs,
2025,,winnebago,minnie winnie,26T,rampPatioLbs,
2025,,winnebago,minnie winnie,26T,fuelStationGal,
2025,,winnebago,minnie winnie,26T,axles,
2025,,winnebago,minnie winnie,26T,tireSize,
2025,,winnebago,minnie winnie,26T,slideouts,
2025,,winnebago,minnie winnie,31H,uvwLbs,
2025,,winnebago,minnie winnie,31H,length,
2025,,winnebago,minnie winnie,31H,exteriorHeightIn,
2025,,winnebago,minnie winnie,31H,exteriorWidthIn,
2025,,winnebago,minnie winnie,31H,interiorHeightIn,
2025,,winnebago,minnie winnie,31H,sleeps,
2025,,winnebago,minnie winnie,31H,dryWeightLbs,
2025,,winnebago,minnie winnie,31H,hitchLbs,
2025,,winnebago,minnie winnie,31H,fuelCapacityGal,
2025,,winnebago,minnie winnie,31H,freshWater,
2025,,winnebago,minnie winnie,31H,grayWater,
2025,,winnebago,minnie winnie,31H,blackWater,
2025,,winnebago,minnie winnie,31H,propaneLbs,
2025,,winnebago,minnie winnie,31H,propaneGal,
2025,,winnebago,minnie winnie,31H,waterHeaterGal,
2025,,winnebago,minnie winnie,31H,cargoLbs,
2025,,winnebago,minnie winnie,31H,garageLengthFt,
2025,,winnebago,minnie winnie,31H,garageWidthFt,
2025,,winnebago,minnie winnie,31H,garageHeightIn,
2025,,winnebago,minnie winnie,31H,garageCapacityLbs,
2025,,winnebago,minnie winnie,31H,rampPatioLbs,
2025,,winnebago,minnie winnie,31H,fuelStationGal,
2025,,winnebago,minnie winnie,31H,axles,
2025,,winnebago,minnie winnie,31H,tireSize,
2025,,winnebago,minnie winnie,31H,slideouts,
2025,,winnebago,minnie winnie,31K,uvwLbs,
2025,,winnebago,minnie winnie,31K,length,
2025,,winnebago,minnie winnie,31K,exteriorHeightIn,
2025,,winnebago,minnie winnie,31K,exteriorWidthIn,
2025,,winnebago,minnie winnie,31K,interiorHeightIn,
2025,,winnebago,minnie winnie,31K,sleeps,
2025,,winnebago,minnie winnie,31K,dryWeightLbs,
2025,,winnebago,minnie winnie,31K,hitchLbs,
2025,,winnebago,minnie winnie,31K,fuelCapacityGal,
2025,,winnebago,minnie winnie,31K,freshWater,
2025,,winnebago,minnie winnie,31K,grayWater,
2025,,winnebago,minnie winnie,31K,blackWater,
2025,,winnebago,minnie winnie,31K,propaneLbs,
2025,,winnebago,minnie winnie,31K,propaneGal,
2025,,winnebago,minnie winnie,31K,waterHeaterGal,
2025,,winnebago,minnie winnie,31K,cargoLbs,
2025,,winnebago,minnie winnie,31K,garageLengthFt,
2025,,winnebago,minnie winnie,31K,garageWidthFt,
2025,,winnebago,minnie winnie,31K,garageHeightIn,
2025,,winnebago,minnie winnie,31K,garageCapacityLbs,
2025,,winnebago,minnie winnie,31K,rampPatioLbs,
2025,,winnebago,minnie winnie,31K,fuelStationGal,
2025,,winnebago,minnie winnie,31K,axles,
2025,,winnebago,minnie winnie,31K,tireSize,
2025,,winnebago,minnie winnie,31K,slideouts,
2027,,winnebago,navion,24D,uvwLbs,
2027,,winnebago,navion,24D,length,
2027,,winnebago,navion,24D,exteriorHeightIn,
2027,,winnebago,navion,24D,exteriorWidthIn,
2027,,winnebago,navion,24D,interiorHeightIn,
2027,,winnebago,navion,24D,sleeps,
2027,,winnebago,navion,24D,dryWeightLbs,
2027,,winnebago,navion,24D,hitchLbs,
2027,,winnebago,navion,24D,fuelCapacityGal,
2027,,winnebago,navion,24D,freshWater,
2027,,winnebago,navion,24D,grayWater,
2027,,winnebago,navion,24D,blackWater,
2027,,winnebago,navion,24D,propaneLbs,
2027,,winnebago,navion,24D,propaneGal,
2027,,winnebago,navion,24D,waterHeaterGal,
2027,,winnebago,navion,24D,cargoLbs,
2027,,winnebago,navion,24D,garageLengthFt,
2027,,winnebago,navion,24D,garageWidthFt,
2027,,winnebago,navion,24D,garageHeightIn,
2027,,winnebago,navion,24D,garageCapacityLbs,
2027,,winnebago,navion,24D,rampPatioLbs,
2027,,winnebago,navion,24D,fuelStationGal,
2027,,winnebago,navion,24D,axles,
2027,,winnebago,navion,24D,tireSize,
2027,,winnebago,navion,24D,slideouts,
2027,,winnebago,navion,24R,uvwLbs,
2027,,winnebago,navion,24R,length,
2027,,winnebago,navion,24R,exteriorHeightIn,
2027,,winnebago,navion,24R,exteriorWidthIn,
2027,,winnebago,navion,24R,interiorHeightIn,
2027,,winnebago,navion,24R,sleeps,
2027,,winnebago,navion,24R,dryWeightLbs,
2027,,winnebago,navion,24R,hitchLbs,
2027,,winnebago,navion,24R,fuelCapacityGal,
2027,,winnebago,navion,24R,freshWater,
2027,,winnebago,navion,24R,grayWater,
2027,,winnebago,navion,24R,blackWater,
2027,,winnebago,navion,24R,propaneLbs,
2027,,winnebago,navion,24R,propaneGal,
2027,,winnebago,navion,24R,waterHeaterGal,
2027,,winnebago,navion,24R,cargoLbs,
2027,,winnebago,navion,24R,garageLengthFt,
2027,,winnebago,navion,24R,garageWidthFt,
2027,,winnebago,navion,24R,garageHeightIn,
2027,,winnebago,navion,24R,garageCapacityLbs,
2027,,winnebago,navion,24R,rampPatioLbs,
2027,,winnebago,navion,24R,fuelStationGal,
2027,,winnebago,navion,24R,axles,
2027,,winnebago,navion,24R,tireSize,
2027,,winnebago,navion,24R,slideouts,
2027,,winnebago,navion,24T,uvwLbs,
2027,,winnebago,navion,24T,length,
2027,,winnebago,navion,24T,exteriorHeightIn,
2027,,winnebago,navion,24T,exteriorWidthIn,
2027,,winnebago,navion,24T,interiorHeightIn,
2027,,winnebago,navion,24T,sleeps,
2027,,winnebago,navion,24T,dryWeightLbs,
2027,,winnebago,navion,24T,hitchLbs,
2027,,winnebago,navion,24T,fuelCapacityGal,
2027,,winnebago,navion,24T,freshWater,
2027,,winnebago,navion,24T,grayWater,
2027,,winnebago,navion,24T,blackWater,
2027,,winnebago,navion,24T,propaneLbs,
2027,,winnebago,navion,24T,propaneGal,
2027,,winnebago,navion,24T,waterHeaterGal,
2027,,winnebago,navion,24T,cargoLbs,
2027,,winnebago,navion,24T,garageLengthFt,
2027,,winnebago,navion,24T,garageWidthFt,
2027,,winnebago,navion,24T,garageHeightIn,
2027,,winnebago,navion,24T,garageCapacityLbs,
2027,,winnebago,navion,24T,rampPatioLbs,
2027,,winnebago,navion,24T,fuelStationGal,
2027,,winnebago,navion,24T,axles,
2027,,winnebago,navion,24T,tireSize,
2027,,winnebago,navion,24T,slideouts,
2027,,winnebago,resa,19DC,uvwLbs,
2027,,winnebago,resa,19DC,length,
2027,,winnebago,resa,19DC,exteriorHeightIn,
2027,,winnebago,resa,19DC,exteriorWidthIn,
2027,,winnebago,resa,19DC,interiorHeightIn,
2027,,winnebago,resa,19DC,sleeps,
2027,,winnebago,resa,19DC,dryWeightLbs,
2027,,winnebago,resa,19DC,hitchLbs,
2027,,winnebago,resa,19DC,fuelCapacityGal,
2027,,winnebago,resa,19DC,freshWater,
2027,,winnebago,resa,19DC,grayWater,
2027,,winnebago,resa,19DC,blackWater,
2027,,winnebago,resa,19DC,propaneLbs,
2027,,winnebago,resa,19DC,propaneGal,
2027,,winnebago,resa,19DC,waterHeaterGal,
2027,,winnebago,resa,19DC,cargoLbs,
2027,,winnebago,resa,19DC,garageLengthFt,
2027,,winnebago,resa,19DC,garageWidthFt,
2027,,winnebago,resa,19DC,garageHeightIn,
2027,,winnebago,resa,19DC,garageCapacityLbs,
2027,,winnebago,resa,19DC,rampPatioLbs,
2027,,winnebago,resa,19DC,fuelStationGal,
2027,,winnebago,resa,19DC,axles,
2027,,winnebago,resa,19DC,tireSize,
2027,,winnebago,resa,19DC,slideouts,
2025,,winnebago,sunstar,29V,uvwLbs,
2025,,winnebago,sunstar,29V,length,
2025,,winnebago,sunstar,29V,exteriorHeightIn,
2025,,winnebago,sunstar,29V,exteriorWidthIn,
2025,,winnebago,sunstar,29V,interiorHeightIn,
2025,,winnebago,sunstar,29V,sleeps,
2025,,winnebago,sunstar,29V,dryWeightLbs,
2025,,winnebago,sunstar,29V,hitchLbs,
2025,,winnebago,sunstar,29V,fuelCapacityGal,
2025,,winnebago,sunstar,29V,freshWater,
2025,,winnebago,sunstar,29V,grayWater,
2025,,winnebago,sunstar,29V,blackWater,
2025,,winnebago,sunstar,29V,propaneLbs,
2025,,winnebago,sunstar,29V,propaneGal,
2025,,winnebago,sunstar,29V,waterHeaterGal,
2025,,winnebago,sunstar,29V,cargoLbs,
2025,,winnebago,sunstar,29V,garageLengthFt,
2025,,winnebago,sunstar,29V,garageWidthFt,
2025,,winnebago,sunstar,29V,garageHeightIn,
2025,,winnebago,sunstar,29V,garageCapacityLbs,
2025,,winnebago,sunstar,29V,rampPatioLbs,
2025,,winnebago,sunstar,29V,fuelStationGal,
2025,,winnebago,sunstar,29V,axles,
2025,,winnebago,sunstar,29V,tireSize,
2025,,winnebago,sunstar,29V,slideouts,
2025,,winnebago,sunstar,33K,uvwLbs,
2025,,winnebago,sunstar,33K,length,
2025,,winnebago,sunstar,33K,exteriorHeightIn,
2025,,winnebago,sunstar,33K,exteriorWidthIn,
2025,,winnebago,sunstar,33K,interiorHeightIn,
2025,,winnebago,sunstar,33K,sleeps,
2025,,winnebago,sunstar,33K,dryWeightLbs,
2025,,winnebago,sunstar,33K,hitchLbs,
2025,,winnebago,sunstar,33K,fuelCapacityGal,
2025,,winnebago,sunstar,33K,freshWater,
2025,,winnebago,sunstar,33K,grayWater,
2025,,winnebago,sunstar,33K,blackWater,
2025,,winnebago,sunstar,33K,propaneLbs,
2025,,winnebago,sunstar,33K,propaneGal,
2025,,winnebago,sunstar,33K,waterHeaterGal,
2025,,winnebago,sunstar,33K,cargoLbs,
2025,,winnebago,sunstar,33K,garageLengthFt,
2025,,winnebago,sunstar,33K,garageWidthFt,
2025,,winnebago,sunstar,33K,garageHeightIn,
2025,,winnebago,sunstar,33K,garageCapacityLbs,
2025,,winnebago,sunstar,33K,rampPatioLbs,
2025,,winnebago,sunstar,33K,fuelStationGal,
2025,,winnebago,sunstar,33K,axles,
2025,,winnebago,sunstar,33K,tireSize,
2025,,winnebago,sunstar,33K,slideouts,
2025,,winnebago,sunstar,34R,uvwLbs,
2025,,winnebago,sunstar,34R,length,
2025,,winnebago,sunstar,34R,exteriorHeightIn,
2025,,winnebago,sunstar,34R,exteriorWidthIn,
2025,,winnebago,sunstar,34R,interiorHeightIn,
2025,,winnebago,sunstar,34R,sleeps,
2025,,winnebago,sunstar,34R,dryWeightLbs,
2025,,winnebago,sunstar,34R,hitchLbs,
2025,,winnebago,sunstar,34R,fuelCapacityGal,
2025,,winnebago,sunstar,34R,freshWater,
2025,,winnebago,sunstar,34R,grayWater,
2025,,winnebago,sunstar,34R,blackWater,
2025,,winnebago,sunstar,34R,propaneLbs,
2025,,winnebago,sunstar,34R,propaneGal,
2025,,winnebago,sunstar,34R,waterHeaterGal,
2025,,winnebago,sunstar,34R,cargoLbs,
2025,,winnebago,sunstar,34R,garageLengthFt,
2025,,winnebago,sunstar,34R,garageWidthFt,
2025,,winnebago,sunstar,34R,garageHeightIn,
2025,,winnebago,sunstar,34R,garageCapacityLbs,
2025,,winnebago,sunstar,34R,rampPatioLbs,
2025,,winnebago,sunstar,34R,fuelStationGal,
2025,,winnebago,sunstar,34R,axles,
2025,,winnebago,sunstar,34R,tireSize,
2025,,winnebago,sunstar,34R,slideouts,
,2020-2026,winnebago,travato,59G,sleeps,
,2020-2026,winnebago,travato,59G,dryWeightLbs,
,2020-2026,winnebago,travato,59G,fuelCapacityGal,
,2020-2026,winnebago,travato,59G,propaneLbs,
,2020-2026,winnebago,travato,59G,propaneGal,
,2020-2026,winnebago,travato,59G,waterHeaterGal,
,2020-2026,winnebago,travato,59G,cargoLbs,
,2020-2026,winnebago,travato,59G,garageLengthFt,
,2020-2026,winnebago,travato,59G,garageWidthFt,
,2020-2026,winnebago,travato,59G,garageHeightIn,
,2020-2026,winnebago,travato,59G,garageCapacityLbs,
,2020-2026,winnebago,travato,59G,rampPatioLbs,
,2020-2026,winnebago,travato,59G,fuelStationGal,
,2020-2026,winnebago,travato,59G,axles,
,2020-2026,winnebago,travato,59G,tireSize,
,2020-2026,winnebago,travato,59G,slideouts,
,2020-2026,winnebago,travato,59K,sleeps,
,2020-2026,winnebago,travato,59K,dryWeightLbs,
,2020-2026,winnebago,travato,59K,fuelCapacityGal,
,2020-2026,winnebago,travato,59K,propaneLbs,
,2020-2026,winnebago,travato,59K,propaneGal,
,2020-2026,winnebago,travato,59K,waterHeaterGal,
,2020-2026,winnebago,travato,59K,cargoLbs,
,2020-2026,winnebago,travato,59K,garageLengthFt,
,2020-2026,winnebago,travato,59K,garageWidthFt,
,2020-2026,winnebago,travato,59K,garageHeightIn,
,2020-2026,winnebago,travato,59K,garageCapacityLbs,
,2020-2026,winnebago,travato,59K,rampPatioLbs,
,2020-2026,winnebago,travato,59K,fuelStationGal,
,2020-2026,winnebago,travato,59K,axles,
,2020-2026,winnebago,travato,59K,tireSize,
,2020-2026,winnebago,travato,59K,slideouts,
2025,,winnebago,view,24D,uvwLbs,
2025,,winnebago,view,24D,length,
2025,,winnebago,view,24D,exteriorHeightIn,
2025,,winnebago,view,24D,exteriorWidthIn,
2025,,winnebago,view,24D,interiorHeightIn,
2025,,winnebago,view,24D,sleeps,
2025,,winnebago,view,24D,dryWeightLbs,
2025,,winnebago,view,24D,hitchLbs,
2025,,winnebago,view,24D,fuelCapacityGal,
2025,,winnebago,view,24D,freshWater,
2025,,winnebago,view,24D,grayWater,
2025,,winnebago,view,24D,blackWater,
2025,,winnebago,view,24D,propaneLbs,
2025,,winnebago,view,24D,propaneGal,
2025,,winnebago,view,24D,waterHeaterGal,
2025,,winnebago,view,24D,cargoLbs,
2025,,winnebago,view,24D,garageLengthFt,
2025,,winnebago,view,24D,garageWidthFt,
2025,,winnebago,view,24D,garageHeightIn,
2025,,winnebago,view,24D,garageCapacityLbs,
2025,,winnebago,view,24D,rampPatioLbs,
2025,,winnebago,view,24D,fuelStationGal,
2025,,winnebago,view,24D,axles,
2025,,winnebago,view,24D,tireSize,
2025,,winnebago,view,24D,slideouts,
2027,,winnebago,view,24D,uvwLbs,
2027,,winnebago,view,24D,length,
2027,,winnebago,view,24D,exteriorHeightIn,
2027,,winnebago,view,24D,exteriorWidthIn,
2027,,winnebago,view,24D,interiorHeightIn,
2027,,winnebago,view,24D,sleeps,
2027,,winnebago,view,24D,dryWeightLbs,
2027,,winnebago,view,24D,hitchLbs,
2027,,winnebago,view,24D,fuelCapacityGal,
2027,,winnebago,view,24D,freshWater,
2027,,winnebago,view,24D,grayWater,
2027,,winnebago,view,24D,blackWater,
2027,,winnebago,view,24D,propaneLbs,
2027,,winnebago,view,24D,propaneGal,
2027,,winnebago,view,24D,waterHeaterGal,
2027,,winnebago,view,24D,cargoLbs,
2027,,winnebago,view,24D,garageLengthFt,
2027,,winnebago,view,24D,garageWidthFt,
2027,,winnebago,view,24D,garageHeightIn,
2027,,winnebago,view,24D,garageCapacityLbs,
2027,,winnebago,view,24D,rampPatioLbs,
2027,,winnebago,view,24D,fuelStationGal,
2027,,winnebago,view,24D,axles,
2027,,winnebago,view,24D,tireSize,
2027,,winnebago,view,24D,slideouts,
2025,,winnebago,view,24J,uvwLbs,
2025,,winnebago,view,24J,length,
2025,,winnebago,view,24J,exteriorHeightIn,
2025,,winnebago,view,24J,exteriorWidthIn,
2025,,winnebago,view,24J,interiorHeightIn,
2025,,winnebago,view,24J,sleeps,
2025,,winnebago,view,24J,dryWeightLbs,
2025,,winnebago,view,24J,hitchLbs,
2025,,winnebago,view,24J,fuelCapacityGal,
2025,,winnebago,view,24J,freshWater,
2025,,winnebago,view,24J,grayWater,
2025,,winnebago,view,24J,blackWater,
2025,,winnebago,view,24J,propaneLbs,
2025,,winnebago,view,24J,propaneGal,
2025,,winnebago,view,24J,waterHeaterGal,
2025,,winnebago,view,24J,cargoLbs,
2025,,winnebago,view,24J,garageLengthFt,
2025,,winnebago,view,24J,garageWidthFt,
2025,,winnebago,view,24J,garageHeightIn,
2025,,winnebago,view,24J,garageCapacityLbs,
2025,,winnebago,view,24J,rampPatioLbs,
2025,,winnebago,view,24J,fuelStationGal,
2025,,winnebago,view,24J,axles,
2025,,winnebago,view,24J,tireSize,
2025,,winnebago,view,24J,slideouts,
2027,,winnebago,view,24R,uvwLbs,
2027,,winnebago,view,24R,length,
2027,,winnebago,view,24R,exteriorHeightIn,
2027,,winnebago,view,24R,exteriorWidthIn,
2027,,winnebago,view,24R,interiorHeightIn,
2027,,winnebago,view,24R,sleeps,
2027,,winnebago,view,24R,dryWeightLbs,
2027,,winnebago,view,24R,hitchLbs,
2027,,winnebago,view,24R,fuelCapacityGal,
2027,,winnebago,view,24R,freshWater,
2027,,winnebago,view,24R,grayWater,
2027,,winnebago,view,24R,blackWater,
2027,,winnebago,view,24R,propaneLbs,
2027,,winnebago,view,24R,propaneGal,
2027,,winnebago,view,24R,waterHeaterGal,
2027,,winnebago,view,24R,cargoLbs,
2027,,winnebago,view,24R,garageLengthFt,
2027,,winnebago,view,24R,garageWidthFt,
2027,,winnebago,view,24R,garageHeightIn,
2027,,winnebago,view,24R,garageCapacityLbs,
2027,,winnebago,view,24R,rampPatioLbs,
2027,,winnebago,view,24R,fuelStationGal,
2027,,winnebago,view,24R,axles,
2027,,winnebago,view,24R,tireSize,
2027,,winnebago,view,24R,slideouts,
2027,,winnebago,view,24T,uvwLbs,
2027,,winnebago,view,24T,length,
2027,,winnebago,view,24T,exteriorHeightIn,
2027,,winnebago,view,24T,exteriorWidthIn,
2027,,winnebago,view,24T,interiorHeightIn,
2027,,winnebago,view,24T,sleeps,
2027,,winnebago,view,24T,dryWeightLbs,
2027,,winnebago,view,24T,hitchLbs,
2027,,winnebago,view,24T,fuelCapacityGal,
2027,,winnebago,view,24T,freshWater,
2027,,winnebago,view,24T,grayWater,
2027,,winnebago,view,24T,blackWater,
2027,,winnebago,view,24T,propaneLbs,
2027,,winnebago,view,24T,propaneGal,
2027,,winnebago,view,24T,waterHeaterGal,
2027,,winnebago,view,24T,cargoLbs,
2027,,winnebago,view,24T,garageLengthFt,
2027,,winnebago,view,24T,garageWidthFt,
2027,,winnebago,view,24T,garageHeightIn,
2027,,winnebago,view,24T,garageCapacityLbs,
2027,,winnebago,view,24T,rampPatioLbs,
2027,,winnebago,view,24T,fuelStationGal,
2027,,winnebago,view,24T,axles,
2027,,winnebago,view,24T,tireSize,
2027,,winnebago,view,24T,slideouts,
2025,,winnebago,view,24V,uvwLbs,
2025,,winnebago,view,24V,length,
2025,,winnebago,view,24V,exteriorHeightIn,
2025,,winnebago,view,24V,exteriorWidthIn,
2025,,winnebago,view,24V,interiorHeightIn,
2025,,winnebago,view,24V,sleeps,
2025,,winnebago,view,24V,dryWeightLbs,
2025,,winnebago,view,24V,hitchLbs,
2025,,winnebago,view,24V,fuelCapacityGal,
2025,,winnebago,view,24V,freshWater,
2025,,winnebago,view,24V,grayWater,
2025,,winnebago,view,24V,blackWater,
2025,,winnebago,view,24V,propaneLbs,
2025,,winnebago,view,24V,propaneGal,
2025,,winnebago,view,24V,waterHeaterGal,
2025,,winnebago,view,24V,cargoLbs,
2025,,winnebago,view,24V,garageLengthFt,
2025,,winnebago,view,24V,garageWidthFt,
2025,,winnebago,view,24V,garageHeightIn,
2025,,winnebago,view,24V,garageCapacityLbs,
2025,,winnebago,view,24V,rampPatioLbs,
2025,,winnebago,view,24V,fuelStationGal,
2025,,winnebago,view,24V,axles,
2025,,winnebago,view,24V,tireSize,
2025,,winnebago,view,24V,slideouts,
2025,,winnebago,vista,29V,uvwLbs,
2025,,winnebago,vista,29V,length,
2025,,winnebago,vista,29V,exteriorHeightIn,
2025,,winnebago,vista,29V,exteriorWidthIn,
2025,,winnebago,vista,29V,interiorHeightIn,
2025,,winnebago,vista,29V,sleeps,
2025,,winnebago,vista,29V,dryWeightLbs,
2025,,winnebago,vista,29V,hitchLbs,
2025,,winnebago,vista,29V,fuelCapacityGal,
2025,,winnebago,vista,29V,freshWater,
2025,,winnebago,vista,29V,grayWater,
2025,,winnebago,vista,29V,blackWater,
2025,,winnebago,vista,29V,propaneLbs,
2025,,winnebago,vista,29V,propaneGal,
2025,,winnebago,vista,29V,waterHeaterGal,
2025,,winnebago,vista,29V,cargoLbs,
2025,,winnebago,vista,29V,garageLengthFt,
2025,,winnebago,vista,29V,garageWidthFt,
2025,,winnebago,vista,29V,garageHeightIn,
2025,,winnebago,vista,29V,garageCapacityLbs,
2025,,winnebago,vista,29V,rampPatioLbs,
2025,,winnebago,vista,29V,fuelStationGal,
2025,,winnebago,vista,29V,axles,
2025,,winnebago,vista,29V,tireSize,
2025,,winnebago,vista,29V,slideouts,
2025,,winnebago,vista,31B,uvwLbs,
2025,,winnebago,vista,31B,length,
2025,,winnebago,vista,31B,exteriorHeightIn,
2025,,winnebago,vista,31B,exteriorWidthIn,
2025,,winnebago,vista,31B,interiorHeightIn,
2025,,winnebago,vista,31B,sleeps,
2025,,winnebago,vista,31B,dryWeightLbs,
2025,,winnebago,vista,31B,hitchLbs,
2025,,winnebago,vista,31B,fuelCapacityGal,
2025,,winnebago,vista,31B,freshWater,
2025,,winnebago,vista,31B,grayWater,
2025,,winnebago,vista,31B,blackWater,
2025,,winnebago,vista,31B,propaneLbs,
2025,,winnebago,vista,31B,propaneGal,
2025,,winnebago,vista,31B,waterHeaterGal,
2025,,winnebago,vista,31B,cargoLbs,
2025,,winnebago,vista,31B,garageLengthFt,
2025,,winnebago,vista,31B,garageWidthFt,
2025,,winnebago,vista,31B,garageHeightIn,
2025,,winnebago,vista,31B,garageCapacityLbs,
2025,,winnebago,vista,31B,rampPatioLbs,
2025,,winnebago,vista,31B,fuelStationGal,
2025,,winnebago,vista,31B,axles,
2025,,winnebago,vista,31B,tireSize,
2025,,winnebago,vista,31B,slideouts,
2025,,winnebago,vista,33K,uvwLbs,
2025,,winnebago,vista,33K,length,
2025,,winnebago,vista,33K,exteriorHeightIn,
2025,,winnebago,vista,33K,exteriorWidthIn,
2025,,winnebago,vista,33K,interiorHeightIn,
2025,,winnebago,vista,33K,sleeps,
2025,,winnebago,vista,33K,dryWeightLbs,
2025,,winnebago,vista,33K,hitchLbs,
2025,,winnebago,vista,33K,fuelCapacityGal,
2025,,winnebago,vista,33K,freshWater,
2025,,winnebago,vista,33K,grayWater,
2025,,winnebago,vista,33K,blackWater,
2025,,winnebago,vista,33K,propaneLbs,
2025,,winnebago,vista,33K,propaneGal,
2025,,winnebago,vista,33K,waterHeaterGal,
2025,,winnebago,vista,33K,cargoLbs,
2025,,winnebago,vista,33K,garageLengthFt,
2025,,winnebago,vista,33K,garageWidthFt,
2025,,winnebago,vista,33K,garageHeightIn,
2025,,winnebago,vista,33K,garageCapacityLbs,
2025,,winnebago,vista,33K,rampPatioLbs,
2025,,winnebago,vista,33K,fuelStationGal,
2025,,winnebago,vista,33K,axles,
2025,,winnebago,vista,33K,tireSize,
2025,,winnebago,vista,33K,slideouts,
2025,,winnebago,vista,34R,uvwLbs,
2025,,winnebago,vista,34R,length,
2025,,winnebago,vista,34R,exteriorHeightIn,
2025,,winnebago,vista,34R,exteriorWidthIn,
2025,,winnebago,vista,34R,interiorHeightIn,
2025,,winnebago,vista,34R,sleeps,
2025,,winnebago,vista,34R,dryWeightLbs,
2025,,winnebago,vista,34R,hitchLbs,
2025,,winnebago,vista,34R,fuelCapacityGal,
2025,,winnebago,vista,34R,freshWater,
2025,,winnebago,vista,34R,grayWater,
2025,,winnebago,vista,34R,blackWater,
2025,,winnebago,vista,34R,propaneLbs,
2025,,winnebago,vista,34R,propaneGal,
2025,,winnebago,vista,34R,waterHeaterGal,
2025,,winnebago,vista,34R,cargoLbs,
2025,,winnebago,vista,34R,garageLengthFt,
2025,,winnebago,vista,34R,garageWidthFt,
2025,,winnebago,vista,34R,garageHeightIn,
2025,,winnebago,vista,34R,garageCapacityLbs,
2025,,winnebago,vista,34R,rampPatioLbs,
2025,,winnebago,vista,34R,fuelStationGal,
2025,,winnebago,vista,34R,axles,
2025,,winnebago,vista,34R,tireSize,
2025,,winnebago,vista,34R,slideouts,
